date,value
2009-01-03,0
2009-01-04,0
2009-01-05,0
2009-01-06,0
2009-01-07,0
2009-01-08,0
2009-01-09,19
2009-01-10,61
2009-01-11,95
2009-01-12,101
2009-01-13,123
2009-01-14,133
2009-01-15,140
2009-01-16,114
2009-01-17,109
2009-01-18,111
2009-01-19,133
2009-01-20,123
2009-01-21,116
2009-01-22,95
2009-01-23,91
2009-01-24,212
2009-01-25,193
2009-01-26,117
2009-01-27,101
2009-01-28,112
2009-01-29,134
2009-01-30,117
2009-01-31,159
2009-02-01,116
2009-02-02,130
2009-02-03,154
2009-02-04,119
2009-02-05,126
2009-02-06,122
2009-02-07,156
2009-02-08,134
2009-02-09,179
2009-02-10,120
2009-02-11,148
2009-02-12,119
2009-02-13,124
2009-02-14,136
2009-02-15,142
2009-02-16,153
2009-02-17,117
2009-02-18,118
2009-02-19,141
2009-02-20,122
2009-02-21,114
2009-02-22,133
2009-02-23,108
2009-02-24,106
2009-02-25,105
2009-02-26,107
2009-02-27,152
2009-02-28,107
2009-03-01,105
2009-03-02,108
2009-03-03,114
2009-03-04,130
2009-03-05,121
2009-03-06,117
2009-03-07,109
2009-03-08,142
2009-03-09,108
2009-03-10,107
2009-03-11,114
2009-03-12,122
2009-03-13,127
2009-03-14,110
2009-03-15,123
2009-03-16,170
2009-03-17,114
2009-03-18,129
2009-03-19,122
2009-03-20,131
2009-03-21,50
2009-03-22,131
2009-03-23,130
2009-03-24,105
2009-03-25,117
2009-03-26,146
2009-03-27,106
2009-03-28,140
2009-03-29,116
2009-03-30,120
2009-03-31,143
2009-04-01,114
2009-04-02,115
2009-04-03,116
2009-04-04,113
2009-04-05,148
2009-04-06,109
2009-04-07,100
2009-04-08,105
2009-04-09,99
2009-04-10,108
2009-04-11,128
2009-04-12,127
2009-04-13,117
2009-04-14,124
2009-04-15,113
2009-04-16,123
2009-04-17,112
2009-04-18,131
2009-04-19,128
2009-04-20,236
2009-04-21,125
2009-04-22,121
2009-04-23,75
2009-04-24,115
2009-04-25,118
2009-04-26,128
2009-04-27,104
2009-04-28,117
2009-04-29,149
2009-04-30,131
2009-05-01,121
2009-05-02,142
2009-05-03,110
2009-05-04,159
2009-05-05,146
2009-05-06,135
2009-05-07,122
2009-05-08,107
2009-05-09,78
2009-05-10,85
2009-05-11,123
2009-05-12,130
2009-05-13,117
2009-05-14,145
2009-05-15,147
2009-05-16,119
2009-05-17,127
2009-05-18,118
2009-05-19,86
2009-05-20,120
2009-05-21,82
2009-05-22,61
2009-05-23,32
2009-05-24,100
2009-05-25,109
2009-05-26,125
2009-05-27,119
2009-05-28,95
2009-05-29,167
2009-05-30,109
2009-05-31,96
2009-06-01,73
2009-06-02,111
2009-06-03,71
2009-06-04,66
2009-06-05,30
2009-06-06,28
2009-06-07,16
2009-06-08,82
2009-06-09,91
2009-06-10,82
2009-06-11,89
2009-06-12,86
2009-06-13,78
2009-06-14,72
2009-06-15,84
2009-06-16,71
2009-06-17,79
2009-06-18,80
2009-06-19,87
2009-06-20,78
2009-06-21,81
2009-06-22,137
2009-06-23,76
2009-06-24,100
2009-06-25,89
2009-06-26,90
2009-06-27,84
2009-06-28,48
2009-06-29,87
2009-06-30,85
2009-07-01,77
2009-07-02,85
2009-07-03,82
2009-07-04,89
2009-07-05,79
2009-07-06,84
2009-07-07,69
2009-07-08,74
2009-07-09,86
2009-07-10,81
2009-07-11,83
2009-07-12,77
2009-07-13,78
2009-07-14,69
2009-07-15,45
2009-07-16,71
2009-07-17,47
2009-07-18,4
2009-07-19,70
2009-07-20,192
2009-07-21,82
2009-07-22,60
2009-07-23,76
2009-07-24,73
2009-07-25,32
2009-07-26,21
2009-07-27,74
2009-07-28,41
2009-07-29,22
2009-07-30,17
2009-07-31,17
2009-08-01,28
2009-08-02,23
2009-08-03,12
2009-08-04,81
2009-08-05,87
2009-08-06,90
2009-08-07,192
2009-08-08,80
2009-08-09,101
2009-08-10,75
2009-08-11,70
2009-08-12,63
2009-08-13,85
2009-08-14,63
2009-08-15,26
2009-08-16,19
2009-08-17,17
2009-08-18,10
2009-08-19,18
2009-08-20,22
2009-08-21,14
2009-08-22,7
2009-08-23,15
2009-08-24,15
2009-08-25,50
2009-08-26,96
2009-08-27,29
2009-08-28,75
2009-08-29,78
2009-08-30,99
2009-08-31,93
2009-09-01,78
2009-09-02,66
2009-09-03,76
2009-09-04,64
2009-09-05,76
2009-09-06,68
2009-09-07,92
2009-09-08,69
2009-09-09,54
2009-09-10,67
2009-09-11,67
2009-09-12,69
2009-09-13,75
2009-09-14,74
2009-09-15,44
2009-09-16,74
2009-09-17,186
2009-09-18,78
2009-09-19,74
2009-09-20,78
2009-09-21,78
2009-09-22,66
2009-09-23,36
2009-09-24,97
2009-09-25,119
2009-09-26,117
2009-09-27,87
2009-09-28,85
2009-09-29,133
2009-09-30,85
2009-10-01,82
2009-10-02,83
2009-10-03,58
2009-10-04,53
2009-10-05,55
2009-10-06,58
2009-10-07,60
2009-10-08,70
2009-10-09,79
2009-10-10,77
2009-10-11,74
2009-10-12,132
2009-10-13,57
2009-10-14,69
2009-10-15,71
2009-10-16,141
2009-10-17,57
2009-10-18,82
2009-10-19,112
2009-10-20,197
2009-10-21,99
2009-10-22,130
2009-10-23,89
2009-10-24,70
2009-10-25,76
2009-10-26,71
2009-10-27,81
2009-10-28,66
2009-10-29,89
2009-10-30,60
2009-10-31,46
2009-11-01,25
2009-11-02,33
2009-11-03,62
2009-11-04,105
2009-11-05,57
2009-11-06,62
2009-11-07,69
2009-11-08,73
2009-11-09,64
2009-11-10,120
2009-11-11,76
2009-11-12,68
2009-11-13,91
2009-11-14,79
2009-11-15,96
2009-11-16,97
2009-11-17,92
2009-11-18,79
2009-11-19,153
2009-11-20,86
2009-11-21,73
2009-11-22,106
2009-11-23,96
2009-11-24,93
2009-11-25,90
2009-11-26,84
2009-11-27,74
2009-11-28,71
2009-11-29,60
2009-11-30,75
2009-12-01,240
2009-12-02,94
2009-12-03,88
2009-12-04,36
2009-12-05,84
2009-12-06,107
2009-12-07,133
2009-12-08,116
2009-12-09,119
2009-12-10,104
2009-12-11,180
2009-12-12,110
2009-12-13,114
2009-12-14,437
2009-12-15,137
2009-12-16,136
2009-12-17,179
2009-12-18,225
2009-12-19,200
2009-12-20,177
2009-12-21,175
2009-12-22,162
2009-12-23,154
2009-12-24,154
2009-12-25,151
2009-12-26,174
2009-12-27,173
2009-12-28,137
2009-12-29,171
2009-12-30,141
2009-12-31,138
2010-01-01,136
2010-01-02,126
2010-01-03,186
2010-01-04,266
2010-01-05,198
2010-01-06,163
2010-01-07,154
2010-01-08,153
2010-01-09,151
2010-01-10,190
2010-01-11,159
2010-01-12,375
2010-01-13,168
2010-01-14,155
2010-01-15,147
2010-01-16,132
2010-01-17,131
2010-01-18,128
2010-01-19,124
2010-01-20,158
2010-01-21,187
2010-01-22,141
2010-01-23,164
2010-01-24,156
2010-01-25,272
2010-01-26,215
2010-01-27,182
2010-01-28,199
2010-01-29,214
2010-01-30,248
2010-01-31,184
2010-02-01,203
2010-02-02,167
2010-02-03,277
2010-02-04,269
2010-02-05,472
2010-02-06,224
2010-02-07,230
2010-02-08,329
2010-02-09,623
2010-02-10,777
2010-02-11,245
2010-02-12,226
2010-02-13,318
2010-02-14,263
2010-02-15,273
2010-02-16,217
2010-02-17,267
2010-02-18,268
2010-02-19,198
2010-02-20,221
2010-02-21,344
2010-02-22,531
2010-02-23,252
2010-02-24,283
2010-02-25,300
2010-02-26,196
2010-02-27,184
2010-02-28,264
2010-03-01,227
2010-03-02,233
2010-03-03,260
2010-03-04,575
2010-03-05,175
2010-03-06,274
2010-03-07,297
2010-03-08,313
2010-03-09,229
2010-03-10,211
2010-03-11,200
2010-03-12,130
2010-03-13,190
2010-03-14,134
2010-03-15,145
2010-03-16,154
2010-03-17,164
2010-03-18,285
2010-03-19,229
2010-03-20,273
2010-03-21,193
2010-03-22,223
2010-03-23,289
2010-03-24,208
2010-03-25,541
2010-03-26,280
2010-03-27,217
2010-03-28,196
2010-03-29,268
2010-03-30,227
2010-03-31,239
2010-04-01,197
2010-04-02,179
2010-04-03,192
2010-04-04,241
2010-04-05,307
2010-04-06,267
2010-04-07,303
2010-04-08,227
2010-04-09,308
2010-04-10,559
2010-04-11,398
2010-04-12,357
2010-04-13,246
2010-04-14,338
2010-04-15,891
2010-04-16,433
2010-04-17,306
2010-04-18,3479
2010-04-19,537
2010-04-20,426
2010-04-21,375
2010-04-22,232
2010-04-23,241
2010-04-24,285
2010-04-25,343
2010-04-26,281
2010-04-27,271
2010-04-28,329
2010-04-29,212
2010-04-30,206
2010-05-01,269
2010-05-02,231
2010-05-03,302
2010-05-04,275
2010-05-05,296
2010-05-06,446
2010-05-07,250
2010-05-08,420
2010-05-09,267
2010-05-10,286
2010-05-11,160
2010-05-12,263
2010-05-13,255
2010-05-14,249
2010-05-15,159
2010-05-16,169
2010-05-17,291
2010-05-18,309
2010-05-19,309
2010-05-20,291
2010-05-21,318
2010-05-22,349
2010-05-23,446
2010-05-24,329
2010-05-25,348
2010-05-26,403
2010-05-27,385
2010-05-28,359
2010-05-29,372
2010-05-30,270
2010-05-31,297
2010-06-01,250
2010-06-02,259
2010-06-03,409
2010-06-04,226
2010-06-05,270
2010-06-06,263
2010-06-07,478
2010-06-08,350
2010-06-09,342
2010-06-10,291
2010-06-11,356
2010-06-12,290
2010-06-13,351
2010-06-14,415
2010-06-15,371
2010-06-16,291
2010-06-17,279
2010-06-18,274
2010-06-19,385
2010-06-20,305
2010-06-21,352
2010-06-22,366
2010-06-23,347
2010-06-24,366
2010-06-25,244
2010-06-26,252
2010-06-27,312
2010-06-28,288
2010-06-29,413
2010-06-30,438
2010-07-01,403
2010-07-02,398
2010-07-03,326
2010-07-04,431
2010-07-05,380
2010-07-06,273
2010-07-07,383
2010-07-08,309
2010-07-09,349
2010-07-10,405
2010-07-11,717
2010-07-12,3430
2010-07-13,2012
2010-07-14,6752
2010-07-15,2009
2010-07-16,1721
2010-07-17,895
2010-07-18,860
2010-07-19,929
2010-07-20,936
2010-07-21,784
2010-07-22,594
2010-07-23,655
2010-07-24,959
2010-07-25,2130
2010-07-26,1250
2010-07-27,775
2010-07-28,664
2010-07-29,534
2010-07-30,582
2010-07-31,479
2010-08-01,622
2010-08-02,632
2010-08-03,988
2010-08-04,715
2010-08-05,825
2010-08-06,640
2010-08-07,500
2010-08-08,581
2010-08-09,782
2010-08-10,590
2010-08-11,724
2010-08-12,611
2010-08-13,787
2010-08-14,564
2010-08-15,472
2010-08-16,760
2010-08-17,486
2010-08-18,709
2010-08-19,471
2010-08-20,656
2010-08-21,526
2010-08-22,586
2010-08-23,655
2010-08-24,638
2010-08-25,498
2010-08-26,650
2010-08-27,490
2010-08-28,531
2010-08-29,418
2010-08-30,517
2010-08-31,733
2010-09-01,622
2010-09-02,513
2010-09-03,503
2010-09-04,468
2010-09-05,534
2010-09-06,518
2010-09-07,408
2010-09-08,535
2010-09-09,530
2010-09-10,529
2010-09-11,426
2010-09-12,708
2010-09-13,722
2010-09-14,680
2010-09-15,666
2010-09-16,666
2010-09-17,1008
2010-09-18,573
2010-09-19,667
2010-09-20,711
2010-09-21,1227
2010-09-22,1056
2010-09-23,1027
2010-09-24,808
2010-09-25,837
2010-09-26,634
2010-09-27,1251
2010-09-28,1705
2010-09-29,1203
2010-09-30,640
2010-10-01,852
2010-10-02,798
2010-10-03,648
2010-10-04,852
2010-10-05,688
2010-10-06,682
2010-10-07,654
2010-10-08,813
2010-10-09,753
2010-10-10,631
2010-10-11,632
2010-10-12,643
2010-10-13,929
2010-10-14,626
2010-10-15,582
2010-10-16,933
2010-10-17,751
2010-10-18,947
2010-10-19,1411
2010-10-20,1218
2010-10-21,983
2010-10-22,958
2010-10-23,838
2010-10-24,848
2010-10-25,763
2010-10-26,900
2010-10-27,1075
2010-10-28,1012
2010-10-29,829
2010-10-30,657
2010-10-31,609
2010-11-01,565
2010-11-02,446
2010-11-03,578
2010-11-04,632
2010-11-05,828
2010-11-06,588
2010-11-07,688
2010-11-08,1570
2010-11-09,651
2010-11-10,655
2010-11-11,594
2010-11-12,457
2010-11-13,587
2010-11-14,945
2010-11-15,4487
2010-11-16,3228
2010-11-17,674
2010-11-18,651
2010-11-19,635
2010-11-20,783
2010-11-21,768
2010-11-22,651
2010-11-23,627
2010-11-24,960
2010-11-25,927
2010-11-26,1177
2010-11-27,828
2010-11-28,707
2010-11-29,905
2010-11-30,817
2010-12-01,1127
2010-12-02,770
2010-12-03,887
2010-12-04,731
2010-12-05,685
2010-12-06,742
2010-12-07,1138
2010-12-08,903
2010-12-09,857
2010-12-10,644
2010-12-11,1052
2010-12-12,1220
2010-12-13,1685
2010-12-14,1103
2010-12-15,1081
2010-12-16,954
2010-12-17,795
2010-12-18,879
2010-12-19,1089
2010-12-20,1460
2010-12-21,1083
2010-12-22,1237
2010-12-23,1002
2010-12-24,845
2010-12-25,1076
2010-12-26,1032
2010-12-27,1151
2010-12-28,1015
2010-12-29,1042
2010-12-30,1049
2010-12-31,876
2011-01-01,1071
2011-01-02,1097
2011-01-03,1405
2011-01-04,1111
2011-01-05,1497
2011-01-06,1166
2011-01-07,1269
2011-01-08,1439
2011-01-09,1390
2011-01-10,1458
2011-01-11,1564
2011-01-12,1248
2011-01-13,1700
2011-01-14,1622
2011-01-15,1425
2011-01-16,1501
2011-01-17,1356
2011-01-18,1462
2011-01-19,1523
2011-01-20,1474
2011-01-21,1931
2011-01-22,2184
2011-01-23,1918
2011-01-24,2090
2011-01-25,1410
2011-01-26,1771
2011-01-27,1472
2011-01-28,1790
2011-01-29,2012
2011-01-30,3365
2011-01-31,2089
2011-02-01,1901
2011-02-02,1491
2011-02-03,1273
2011-02-04,1505
2011-02-05,1514
2011-02-06,1345
2011-02-07,1389
2011-02-08,1472
2011-02-09,2127
2011-02-10,3556
2011-02-11,4302
2011-02-12,3312
2011-02-13,3244
2011-02-14,4141
2011-02-15,3347
2011-02-16,2995
2011-02-17,3527
2011-02-18,3589
2011-02-19,2904
2011-02-20,3176
2011-02-21,3317
2011-02-22,3759
2011-02-23,3811
2011-02-24,3644
2011-02-25,3465
2011-02-26,3482
2011-02-27,3685
2011-02-28,3029
2011-03-01,5342
2011-03-02,3528
2011-03-03,4893
2011-03-04,3311
2011-03-05,3547
2011-03-06,3340
2011-03-07,3410
2011-03-08,3893
2011-03-09,3353
2011-03-10,2916
2011-03-11,3072
2011-03-12,3286
2011-03-13,2864
2011-03-14,2899
2011-03-15,3265
2011-03-16,3221
2011-03-17,3133
2011-03-18,3336
2011-03-19,2955
2011-03-20,4447
2011-03-21,4824
2011-03-22,3967
2011-03-23,6561
2011-03-24,4450
2011-03-25,4172
2011-03-26,4838
2011-03-27,4933
2011-03-28,5444
2011-03-29,4473
2011-03-30,3574
2011-03-31,4121
2011-04-01,3259
2011-04-02,3350
2011-04-03,3571
2011-04-04,4753
2011-04-05,4246
2011-04-06,3806
2011-04-07,3454
2011-04-08,3674
2011-04-09,3584
2011-04-10,3547
2011-04-11,4109
2011-04-12,4258
2011-04-13,4764
2011-04-14,6169
2011-04-15,4150
2011-04-16,5128
2011-04-17,4418
2011-04-18,5632
2011-04-19,6311
2011-04-20,5358
2011-04-21,4042
2011-04-22,4237
2011-04-23,4979
2011-04-24,4821
2011-04-25,5053
2011-04-26,6053
2011-04-27,7488
2011-04-28,6130
2011-04-29,6915
2011-04-30,8113
2011-05-01,7423
2011-05-02,5974
2011-05-03,6123
2011-05-04,6335
2011-05-05,7151
2011-05-06,6956
2011-05-07,7114
2011-05-08,6630
2011-05-09,7510
2011-05-10,7096
2011-05-11,7122
2011-05-12,7283
2011-05-13,9457
2011-05-14,9075
2011-05-15,8414
2011-05-16,11803
2011-05-17,10384
2011-05-18,13150
2011-05-19,11783
2011-05-20,11699
2011-05-21,10592
2011-05-22,10846
2011-05-23,12217
2011-05-24,13132
2011-05-25,14760
2011-05-26,14268
2011-05-27,10903
2011-05-28,11552
2011-05-29,11521
2011-05-30,12585
2011-05-31,13982
2011-06-01,14043
2011-06-02,15459
2011-06-03,17741
2011-06-04,19728
2011-06-05,17662
2011-06-06,21083
2011-06-07,19206
2011-06-08,27266
2011-06-09,26219
2011-06-10,24275
2011-06-11,23839
2011-06-12,27257
2011-06-13,25165
2011-06-14,29777
2011-06-15,27660
2011-06-16,28666
2011-06-17,26437
2011-06-18,25899
2011-06-19,27866
2011-06-20,25564
2011-06-21,25256
2011-06-22,26804
2011-06-23,24185
2011-06-24,25503
2011-06-25,22622
2011-06-26,24127
2011-06-27,30134
2011-06-28,25862
2011-06-29,24405
2011-06-30,23228
2011-07-01,30344
2011-07-02,32077
2011-07-03,22031
2011-07-04,23834
2011-07-05,23645
2011-07-06,26601
2011-07-07,22643
2011-07-08,24961
2011-07-09,22376
2011-07-10,29298
2011-07-11,25407
2011-07-12,23335
2011-07-13,27138
2011-07-14,28840
2011-07-15,24887
2011-07-16,23706
2011-07-17,24647
2011-07-18,27778
2011-07-19,25356
2011-07-20,25461
2011-07-21,25378
2011-07-22,24428
2011-07-23,21547
2011-07-24,23903
2011-07-25,26768
2011-07-26,23317
2011-07-27,23742
2011-07-28,25905
2011-07-29,22490
2011-07-30,19350
2011-07-31,24519
2011-08-01,24432
2011-08-02,20824
2011-08-03,18614
2011-08-04,19254
2011-08-05,21833
2011-08-06,19507
2011-08-07,20134
2011-08-08,24672
2011-08-09,23592
2011-08-10,19400
2011-08-11,18286
2011-08-12,17412
2011-08-13,19665
2011-08-14,21211
2011-08-15,18940
2011-08-16,20993
2011-08-17,20652
2011-08-18,20917
2011-08-19,21995
2011-08-20,21238
2011-08-21,22424
2011-08-22,25255
2011-08-23,22523
2011-08-24,22638
2011-08-25,23091
2011-08-26,21283
2011-08-27,21244
2011-08-28,18378
2011-08-29,18823
2011-08-30,17324
2011-08-31,17149
2011-09-01,16589
2011-09-02,16363
2011-09-03,14319
2011-09-04,17822
2011-09-05,18193
2011-09-06,18872
2011-09-07,16855
2011-09-08,15832
2011-09-09,18354
2011-09-10,16167
2011-09-11,15739
2011-09-12,15899
2011-09-13,14959
2011-09-14,15192
2011-09-15,15482
2011-09-16,14476
2011-09-17,12903
2011-09-18,14196
2011-09-19,16499
2011-09-20,21500
2011-09-21,18297
2011-09-22,17486
2011-09-23,19216
2011-09-24,19656
2011-09-25,19723
2011-09-26,17623
2011-09-27,18461
2011-09-28,13766
2011-09-29,12324
2011-09-30,13620
2011-10-01,13286
2011-10-02,11856
2011-10-03,14031
2011-10-04,13371
2011-10-05,13475
2011-10-06,14660
2011-10-07,13622
2011-10-08,12331
2011-10-09,12398
2011-10-10,13498
2011-10-11,13852
2011-10-12,13370
2011-10-13,11340
2011-10-14,14662
2011-10-15,13000
2011-10-16,11949
2011-10-17,14480
2011-10-18,12586
2011-10-19,12283
2011-10-20,11014
2011-10-21,11937
2011-10-22,12833
2011-10-23,13144
2011-10-24,13637
2011-10-25,12817
2011-10-26,12848
2011-10-27,11685
2011-10-28,11948
2011-10-29,13153
2011-10-30,10844
2011-10-31,12167
2011-11-01,12935
2011-11-02,13426
2011-11-03,13257
2011-11-04,15306
2011-11-05,13380
2011-11-06,11361
2011-11-07,13062
2011-11-08,13485
2011-11-09,14843
2011-11-10,13935
2011-11-11,12393
2011-11-12,11482
2011-11-13,13104
2011-11-14,13220
2011-11-15,14691
2011-11-16,13106
2011-11-17,12268
2011-11-18,12265
2011-11-19,10174
2011-11-20,11013
2011-11-21,10444
2011-11-22,11489
2011-11-23,11364
2011-11-24,10972
2011-11-25,11514
2011-11-26,10255
2011-11-27,10815
2011-11-28,12645
2011-11-29,14735
2011-11-30,15161
2011-12-01,14223
2011-12-02,12915
2011-12-03,13099
2011-12-04,11618
2011-12-05,13358
2011-12-06,15120
2011-12-07,13108
2011-12-08,14099
2011-12-09,11646
2011-12-10,11990
2011-12-11,11902
2011-12-12,11460
2011-12-13,11933
2011-12-14,12005
2011-12-15,10405
2011-12-16,10534
2011-12-17,9958
2011-12-18,9955
2011-12-19,12637
2011-12-20,13868
2011-12-21,11719
2011-12-22,12176
2011-12-23,11732
2011-12-24,10318
2011-12-25,11829
2011-12-26,12271
2011-12-27,11605
2011-12-28,11047
2011-12-29,11125
2011-12-30,10437
2011-12-31,10983
2012-01-01,11474
2012-01-02,12094
2012-01-03,12934
2012-01-04,12763
2012-01-05,15378
2012-01-06,14524
2012-01-07,13829
2012-01-08,14549
2012-01-09,15286
2012-01-10,15541
2012-01-11,16961
2012-01-12,14087
2012-01-13,14317
2012-01-14,14683
2012-01-15,13421
2012-01-16,14860
2012-01-17,14887
2012-01-18,14263
2012-01-19,15211
2012-01-20,14105
2012-01-21,13487
2012-01-22,11492
2012-01-23,13508
2012-01-24,15215
2012-01-25,16707
2012-01-26,13823
2012-01-27,14379
2012-01-28,13257
2012-01-29,14267
2012-01-30,13370
2012-01-31,15858
2012-02-01,15161
2012-02-02,15694
2012-02-03,17088
2012-02-04,16038
2012-02-05,14720
2012-02-06,14174
2012-02-07,14474
2012-02-08,14819
2012-02-09,14871
2012-02-10,16819
2012-02-11,14944
2012-02-12,14056
2012-02-13,16556
2012-02-14,18756
2012-02-15,18243
2012-02-16,17722
2012-02-17,14218
2012-02-18,14337
2012-02-19,13197
2012-02-20,14828
2012-02-21,14362
2012-02-22,16120
2012-02-23,18129
2012-02-24,16256
2012-02-25,14844
2012-02-26,13193
2012-02-27,15336
2012-02-28,16054
2012-02-29,15562
2012-03-01,16097
2012-03-02,17925
2012-03-03,12413
2012-03-04,14600
2012-03-05,16264
2012-03-06,15360
2012-03-07,15193
2012-03-08,15555
2012-03-09,15970
2012-03-10,13042
2012-03-11,12053
2012-03-12,15290
2012-03-13,16216
2012-03-14,16391
2012-03-15,14920
2012-03-16,16092
2012-03-17,16492
2012-03-18,13966
2012-03-19,15579
2012-03-20,15537
2012-03-21,16079
2012-03-22,15782
2012-03-23,14184
2012-03-24,13792
2012-03-25,14501
2012-03-26,16361
2012-03-27,15179
2012-03-28,15846
2012-03-29,17441
2012-03-30,15053
2012-03-31,14120
2012-04-01,12842
2012-04-02,14925
2012-04-03,18598
2012-04-04,16652
2012-04-05,16870
2012-04-06,15543
2012-04-07,14271
2012-04-08,13664
2012-04-09,15395
2012-04-10,17407
2012-04-11,18806
2012-04-12,18394
2012-04-13,16330
2012-04-14,17049
2012-04-15,16157
2012-04-16,18862
2012-04-17,18828
2012-04-18,19340
2012-04-19,17558
2012-04-20,19264
2012-04-21,16495
2012-04-22,14447
2012-04-23,17264
2012-04-24,17187
2012-04-25,17264
2012-04-26,19928
2012-04-27,16191
2012-04-28,15943
2012-04-29,16232
2012-04-30,18877
2012-05-01,20427
2012-05-02,19907
2012-05-03,22009
2012-05-04,22962
2012-05-05,19627
2012-05-06,22444
2012-05-07,25802
2012-05-08,23419
2012-05-09,25272
2012-05-10,22041
2012-05-11,24667
2012-05-12,22910
2012-05-13,20661
2012-05-14,32619
2012-05-15,27730
2012-05-16,25132
2012-05-17,22883
2012-05-18,26196
2012-05-19,32917
2012-05-20,28225
2012-05-21,30487
2012-05-22,27919
2012-05-23,28839
2012-05-24,28799
2012-05-25,30265
2012-05-26,24989
2012-05-27,26493
2012-05-28,29737
2012-05-29,34480
2012-05-30,28755
2012-05-31,28044
2012-06-01,28549
2012-06-02,21002
2012-06-03,31043
2012-06-04,42162
2012-06-05,39781
2012-06-06,25187
2012-06-07,34826
2012-06-08,28664
2012-06-09,31108
2012-06-10,33266
2012-06-11,32475
2012-06-12,24995
2012-06-13,46530
2012-06-14,49894
2012-06-15,49687
2012-06-16,39061
2012-06-17,39723
2012-06-18,36797
2012-06-19,36392
2012-06-20,32748
2012-06-21,29558
2012-06-22,28511
2012-06-23,30627
2012-06-24,28191
2012-06-25,34552
2012-06-26,36059
2012-06-27,38748
2012-06-28,33425
2012-06-29,33393
2012-06-30,31588
2012-07-01,32067
2012-07-02,36621
2012-07-03,33766
2012-07-04,31437
2012-07-05,28191
2012-07-06,29504
2012-07-07,31952
2012-07-08,26508
2012-07-09,32749
2012-07-10,37181
2012-07-11,34994
2012-07-12,34534
2012-07-13,31537
2012-07-14,29266
2012-07-15,30708
2012-07-16,36788
2012-07-17,40504
2012-07-18,34020
2012-07-19,36644
2012-07-20,35675
2012-07-21,36149
2012-07-22,40800
2012-07-23,40413
2012-07-24,38712
2012-07-25,30961
2012-07-26,30559
2012-07-27,32339
2012-07-28,38741
2012-07-29,35848
2012-07-30,36116
2012-07-31,59564
2012-08-01,40578
2012-08-02,42075
2012-08-03,35901
2012-08-04,36278
2012-08-05,37911
2012-08-06,42822
2012-08-07,39049
2012-08-08,51432
2012-08-09,40939
2012-08-10,38295
2012-08-11,38485
2012-08-12,39111
2012-08-13,48601
2012-08-14,43606
2012-08-15,51932
2012-08-16,60615
2012-08-17,57279
2012-08-18,51215
2012-08-19,57927
2012-08-20,48984
2012-08-21,55539
2012-08-22,47300
2012-08-23,43521
2012-08-24,44584
2012-08-25,36374
2012-08-26,35110
2012-08-27,38660
2012-08-28,41047
2012-08-29,37982
2012-08-30,34760
2012-08-31,49678
2012-09-01,43598
2012-09-02,34468
2012-09-03,33612
2012-09-04,45525
2012-09-05,41507
2012-09-06,47563
2012-09-07,43748
2012-09-08,34331
2012-09-09,39703
2012-09-10,37639
2012-09-11,45390
2012-09-12,33567
2012-09-13,35024
2012-09-14,38529
2012-09-15,30133
2012-09-16,31184
2012-09-17,33989
2012-09-18,37898
2012-09-19,42928
2012-09-20,47916
2012-09-21,38617
2012-09-22,27311
2012-09-23,28683
2012-09-24,33444
2012-09-25,45705
2012-09-26,46624
2012-09-27,41321
2012-09-28,51687
2012-09-29,36991
2012-09-30,35060
2012-10-01,38102
2012-10-02,53731
2012-10-03,51360
2012-10-04,50714
2012-10-05,43691
2012-10-06,39632
2012-10-07,43095
2012-10-08,47823
2012-10-09,52626
2012-10-10,47176
2012-10-11,40995
2012-10-12,44701
2012-10-13,39129
2012-10-14,38974
2012-10-15,47015
2012-10-16,41834
2012-10-17,46053
2012-10-18,51219
2012-10-19,44078
2012-10-20,42836
2012-10-21,39296
2012-10-22,42021
2012-10-23,41375
2012-10-24,42251
2012-10-25,38643
2012-10-26,37471
2012-10-27,29910
2012-10-28,27816
2012-10-29,35981
2012-10-30,34928
2012-10-31,31390
2012-11-01,32135
2012-11-02,33393
2012-11-03,32511
2012-11-04,30976
2012-11-05,37460
2012-11-06,42954
2012-11-07,41756
2012-11-08,37595
2012-11-09,36800
2012-11-10,34669
2012-11-11,30394
2012-11-12,31528
2012-11-13,32074
2012-11-14,39530
2012-11-15,45873
2012-11-16,48826
2012-11-17,52322
2012-11-18,44044
2012-11-19,41117
2012-11-20,44744
2012-11-21,43803
2012-11-22,41584
2012-11-23,36519
2012-11-24,36089
2012-11-25,35940
2012-11-26,42639
2012-11-27,37535
2012-11-28,44590
2012-11-29,41205
2012-11-30,37930
2012-12-01,33858
2012-12-02,28210
2012-12-03,30532
2012-12-04,43912
2012-12-05,44654
2012-12-06,38984
2012-12-07,42135
2012-12-08,37725
2012-12-09,37568
2012-12-10,36630
2012-12-11,37496
2012-12-12,43207
2012-12-13,45680
2012-12-14,41691
2012-12-15,35878
2012-12-16,35213
2012-12-17,41616
2012-12-18,47617
2012-12-19,45631
2012-12-20,38978
2012-12-21,45877
2012-12-22,54007
2012-12-23,41727
2012-12-24,39081
2012-12-25,30567
2012-12-26,38979
2012-12-27,36158
2012-12-28,42277
2012-12-29,41463
2012-12-30,43096
2012-12-31,36527
2013-01-01,38733
2013-01-02,40911
2013-01-03,52539
2013-01-04,46781
2013-01-05,53959
2013-01-06,42382
2013-01-07,54059
2013-01-08,56753
2013-01-09,54910
2013-01-10,60507
2013-01-11,61989
2013-01-12,49915
2013-01-13,55725
2013-01-14,44616
2013-01-15,59643
2013-01-16,55537
2013-01-17,59029
2013-01-18,57683
2013-01-19,49445
2013-01-20,45027
2013-01-21,47104
2013-01-22,51489
2013-01-23,48584
2013-01-24,59644
2013-01-25,51061
2013-01-26,55140
2013-01-27,48552
2013-01-28,54409
2013-01-29,54460
2013-01-30,45601
2013-01-31,48166
2013-02-01,61865
2013-02-02,57947
2013-02-03,56035
2013-02-04,59362
2013-02-05,60191
2013-02-06,53114
2013-02-07,60065
2013-02-08,61292
2013-02-09,55866
2013-02-10,56414
2013-02-11,53214
2013-02-12,52230
2013-02-13,51607
2013-02-14,52507
2013-02-15,49480
2013-02-16,47477
2013-02-17,46362
2013-02-18,46855
2013-02-19,49090
2013-02-20,50898
2013-02-21,51627
2013-02-22,54361
2013-02-23,51159
2013-02-24,52275
2013-02-25,56529
2013-02-26,58302
2013-02-27,55511
2013-02-28,59466
2013-03-01,62746
2013-03-02,49881
2013-03-03,44647
2013-03-04,54208
2013-03-05,56444
2013-03-06,70524
2013-03-07,67349
2013-03-08,56370
2013-03-09,53106
2013-03-10,56596
2013-03-11,53342
2013-03-12,61248
2013-03-13,62068
2013-03-14,61917
2013-03-15,63245
2013-03-16,50966
2013-03-17,52184
2013-03-18,59594
2013-03-19,67946
2013-03-20,62822
2013-03-21,70563
2013-03-22,74587
2013-03-23,67002
2013-03-24,69595
2013-03-25,64715
2013-03-26,74037
2013-03-27,72482
2013-03-28,94934
2013-03-29,81683
2013-03-30,79925
2013-03-31,63898
2013-04-01,76869
2013-04-02,90297
2013-04-03,109240
2013-04-04,107866
2013-04-05,99406
2013-04-06,78563
2013-04-07,78312
2013-04-08,112858
2013-04-09,113921
2013-04-10,132897
2013-04-11,124532
2013-04-12,102302
2013-04-13,80991
2013-04-14,73989
2013-04-15,100211
2013-04-16,98394
2013-04-17,105380
2013-04-18,85564
2013-04-19,102489
2013-04-20,73497
2013-04-21,72721
2013-04-22,90723
2013-04-23,91871
2013-04-24,103533
2013-04-25,89506
2013-04-26,86571
2013-04-27,76128
2013-04-28,119432
2013-04-29,88358
2013-04-30,76703
2013-05-01,83664
2013-05-02,82318
2013-05-03,82210
2013-05-04,70341
2013-05-05,72046
2013-05-06,84314
2013-05-07,111196
2013-05-08,101126
2013-05-09,82877
2013-05-10,84004
2013-05-11,81104
2013-05-12,69104
2013-05-13,82986
2013-05-14,84579
2013-05-15,83911
2013-05-16,84369
2013-05-17,78514
2013-05-18,68752
2013-05-19,63144
2013-05-20,72183
2013-05-21,82257
2013-05-22,75632
2013-05-23,82761
2013-05-24,83234
2013-05-25,69552
2013-05-26,69609
2013-05-27,74785
2013-05-28,77841
2013-05-29,79692
2013-05-30,77410
2013-05-31,75957
2013-06-01,66565
2013-06-02,66768
2013-06-03,79951
2013-06-04,78923
2013-06-05,78551
2013-06-06,73112
2013-06-07,74130
2013-06-08,57561
2013-06-09,56850
2013-06-10,61027
2013-06-11,66039
2013-06-12,64507
2013-06-13,67482
2013-06-14,74179
2013-06-15,53859
2013-06-16,49113
2013-06-17,57059
2013-06-18,63396
2013-06-19,69066
2013-06-20,69393
2013-06-21,67982
2013-06-22,58423
2013-06-23,51312
2013-06-24,65308
2013-06-25,61404
2013-06-26,66298
2013-06-27,59748
2013-06-28,69884
2013-06-29,60173
2013-06-30,49735
2013-07-01,68318
2013-07-02,64222
2013-07-03,65913
2013-07-04,60723
2013-07-05,60477
2013-07-06,55911
2013-07-07,49774
2013-07-08,63707
2013-07-09,67007
2013-07-10,65740
2013-07-11,73389
2013-07-12,79838
2013-07-13,61884
2013-07-14,46805
2013-07-15,63555
2013-07-16,67361
2013-07-17,62286
2013-07-18,62207
2013-07-19,58937
2013-07-20,53871
2013-07-21,49487
2013-07-22,60370
2013-07-23,65040
2013-07-24,65575
2013-07-25,66060
2013-07-26,63241
2013-07-27,51388
2013-07-28,50927
2013-07-29,66163
2013-07-30,71863
2013-07-31,80412
2013-08-01,113593
2013-08-02,75758
2013-08-03,58781
2013-08-04,61806
2013-08-05,71751
2013-08-06,71609
2013-08-07,76654
2013-08-08,71239
2013-08-09,65764
2013-08-10,57919
2013-08-11,54441
2013-08-12,104031
2013-08-13,76972
2013-08-14,76346
2013-08-15,74632
2013-08-16,82397
2013-08-17,62108
2013-08-18,57869
2013-08-19,77962
2013-08-20,79492
2013-08-21,85074
2013-08-22,81577
2013-08-23,81517
2013-08-24,63858
2013-08-25,69624
2013-08-26,75443
2013-08-27,95082
2013-08-28,84528
2013-08-29,74770
2013-08-30,88736
2013-08-31,87612
2013-09-01,57043
2013-09-02,63738
2013-09-03,72441
2013-09-04,75781
2013-09-05,70530
2013-09-06,75818
2013-09-07,60406
2013-09-08,55602
2013-09-09,75151
2013-09-10,70346
2013-09-11,74178
2013-09-12,78649
2013-09-13,65832
2013-09-14,53427
2013-09-15,54408
2013-09-16,70731
2013-09-17,73646
2013-09-18,77986
2013-09-19,80008
2013-09-20,75867
2013-09-21,66018
2013-09-22,64347
2013-09-23,80171
2013-09-24,78410
2013-09-25,79801
2013-09-26,77792
2013-09-27,77735
2013-09-28,68961
2013-09-29,70490
2013-09-30,80461
2013-10-01,91102
2013-10-02,104703
2013-10-03,90980
2013-10-04,76881
2013-10-05,65561
2013-10-06,61903
2013-10-07,78360
2013-10-08,75010
2013-10-09,79805
2013-10-10,81804
2013-10-11,78192
2013-10-12,76060
2013-10-13,77953
2013-10-14,83416
2013-10-15,86235
2013-10-16,92582
2013-10-17,82808
2013-10-18,84996
2013-10-19,96934
2013-10-20,69040
2013-10-21,97064
2013-10-22,110677
2013-10-23,108316
2013-10-24,111952
2013-10-25,100894
2013-10-26,72893
2013-10-27,66108
2013-10-28,86585
2013-10-29,86798
2013-10-30,96056
2013-10-31,95791
2013-11-01,86825
2013-11-02,78835
2013-11-03,81991
2013-11-04,102736
2013-11-05,118752
2013-11-06,133026
2013-11-07,129067
2013-11-08,131772
2013-11-09,129648
2013-11-10,114440
2013-11-11,115536
2013-11-12,116498
2013-11-13,125199
2013-11-14,132404
2013-11-15,119399
2013-11-16,103125
2013-11-17,109082
2013-11-18,171380
2013-11-19,205240
2013-11-20,161122
2013-11-21,192640
2013-11-22,168639
2013-11-23,146167
2013-11-24,123964
2013-11-25,143350
2013-11-26,187706
2013-11-27,192515
2013-11-28,201832
2013-11-29,188994
2013-11-30,163385
2013-12-01,164939
2013-12-02,179818
2013-12-03,173471
2013-12-04,186429
2013-12-05,185882
2013-12-06,165974
2013-12-07,148012
2013-12-08,115670
2013-12-09,156514
2013-12-10,157623
2013-12-11,151130
2013-12-12,129116
2013-12-13,146944
2013-12-14,147850
2013-12-15,141277
2013-12-16,180233
2013-12-17,156115
2013-12-18,181410
2013-12-19,157818
2013-12-20,158569
2013-12-21,124307
2013-12-22,124146
2013-12-23,151062
2013-12-24,132367
2013-12-25,127600
2013-12-26,124049
2013-12-27,128876
2013-12-28,112555
2013-12-29,129208
2013-12-30,152090
2013-12-31,118420
2014-01-01,96516
2014-01-02,138928
2014-01-03,143832
2014-01-04,116229
2014-01-05,134802
2014-01-06,179999
2014-01-07,141665
2014-01-08,146348
2014-01-09,134908
2014-01-10,128371
2014-01-11,130495
2014-01-12,115119
2014-01-13,153853
2014-01-14,129226
2014-01-15,135647
2014-01-16,130689
2014-01-17,128915
2014-01-18,106009
2014-01-19,108623
2014-01-20,180527
2014-01-21,160288
2014-01-22,150333
2014-01-23,149895
2014-01-24,144338
2014-01-25,125411
2014-01-26,125376
2014-01-27,171032
2014-01-28,158602
2014-01-29,142119
2014-01-30,151474
2014-01-31,146489
2014-02-01,138630
2014-02-02,132242
2014-02-03,175731
2014-02-04,166548
2014-02-05,156535
2014-02-06,162066
2014-02-07,169400
2014-02-08,144461
2014-02-09,130842
2014-02-10,170337
2014-02-11,155297
2014-02-12,212833
2014-02-13,167617
2014-02-14,175329
2014-02-15,151828
2014-02-16,135691
2014-02-17,173737
2014-02-18,154278
2014-02-19,181354
2014-02-20,179241
2014-02-21,180043
2014-02-22,152477
2014-02-23,162703
2014-02-24,217723
2014-02-25,209042
2014-02-26,198825
2014-02-27,186867
2014-02-28,202531
2014-03-01,174849
2014-03-02,161296
2014-03-03,239106
2014-03-04,230183
2014-03-05,204980
2014-03-06,191203
2014-03-07,181365
2014-03-08,171767
2014-03-09,172480
2014-03-10,209703
2014-03-11,192707
2014-03-12,201998
2014-03-13,198172
2014-03-14,185902
2014-03-15,146037
2014-03-16,141737
2014-03-17,187013
2014-03-18,145860
2014-03-19,162108
2014-03-20,170768
2014-03-21,185393
2014-03-22,171832
2014-03-23,149492
2014-03-24,189786
2014-03-25,171509
2014-03-26,166155
2014-03-27,186843
2014-03-28,178365
2014-03-29,146650
2014-03-30,164718
2014-03-31,172497
2014-04-01,180851
2014-04-02,176078
2014-04-03,173295
2014-04-04,177264
2014-04-05,151868
2014-04-06,185666
2014-04-07,159482
2014-04-08,166019
2014-04-09,176284
2014-04-10,185474
2014-04-11,166924
2014-04-12,131975
2014-04-13,172422
2014-04-14,183076
2014-04-15,201397
2014-04-16,182765
2014-04-17,159399
2014-04-18,147495
2014-04-19,140534
2014-04-20,162905
2014-04-21,146354
2014-04-22,179152
2014-04-23,159425
2014-04-24,162087
2014-04-25,180567
2014-04-26,132791
2014-04-27,170979
2014-04-28,168952
2014-04-29,168752
2014-04-30,166313
2014-05-01,154174
2014-05-02,143085
2014-05-03,116433
2014-05-04,159490
2014-05-05,144154
2014-05-06,166298
2014-05-07,162643
2014-05-08,165833
2014-05-09,161587
2014-05-10,134895
2014-05-11,166228
2014-05-12,155388
2014-05-13,147074
2014-05-14,159121
2014-05-15,176226
2014-05-16,156212
2014-05-17,150165
2014-05-18,177463
2014-05-19,181571
2014-05-20,192586
2014-05-21,157311
2014-05-22,162838
2014-05-23,177498
2014-05-24,123811
2014-05-25,187419
2014-05-26,167687
2014-05-27,182860
2014-05-28,183061
2014-05-29,169110
2014-05-30,153948
2014-05-31,144272
2014-06-01,192380
2014-06-02,175430
2014-06-03,185339
2014-06-04,172746
2014-06-05,182268
2014-06-06,173007
2014-06-07,143378
2014-06-08,172332
2014-06-09,162353
2014-06-10,182372
2014-06-11,173422
2014-06-12,172729
2014-06-13,173708
2014-06-14,149660
2014-06-15,177382
2014-06-16,177312
2014-06-17,184074
2014-06-18,165353
2014-06-19,158405
2014-06-20,155204
2014-06-21,152595
2014-06-22,185446
2014-06-23,162950
2014-06-24,174440
2014-06-25,174070
2014-06-26,158966
2014-06-27,166577
2014-06-28,144471
2014-06-29,175850
2014-06-30,181598
2014-07-01,185615
2014-07-02,179686
2014-07-03,158572
2014-07-04,144187
2014-07-05,126478
2014-07-06,184532
2014-07-07,189077
2014-07-08,211510
2014-07-09,187251
2014-07-10,167058
2014-07-11,169606
2014-07-12,156338
2014-07-13,185975
2014-07-14,164790
2014-07-15,176650
2014-07-16,168305
2014-07-17,173954
2014-07-18,168626
2014-07-19,148917
2014-07-20,190961
2014-07-21,161778
2014-07-22,169127
2014-07-23,174755
2014-07-24,176149
2014-07-25,177347
2014-07-26,140817
2014-07-27,182563
2014-07-28,174637
2014-07-29,170530
2014-07-30,180476
2014-07-31,177455
2014-08-01,172169
2014-08-02,141630
2014-08-03,176087
2014-08-04,172824
2014-08-05,203179
2014-08-06,196452
2014-08-07,178997
2014-08-08,173005
2014-08-09,152677
2014-08-10,202330
2014-08-11,190879
2014-08-12,204689
2014-08-13,195738
2014-08-14,202135
2014-08-15,200423
2014-08-16,173929
2014-08-17,201320
2014-08-18,193767
2014-08-19,187448
2014-08-20,186763
2014-08-21,193528
2014-08-22,182975
2014-08-23,151274
2014-08-24,208310
2014-08-25,181249
2014-08-26,188274
2014-08-27,189509
2014-08-28,191762
2014-08-29,165055
2014-08-30,167970
2014-08-31,191406
2014-09-01,190403
2014-09-02,191326
2014-09-03,169050
2014-09-04,180670
2014-09-05,188565
2014-09-06,152934
2014-09-07,232778
2014-09-08,196424
2014-09-09,243692
2014-09-10,221162
2014-09-11,171772
2014-09-12,166122
2014-09-13,152145
2014-09-14,240833
2014-09-15,190655
2014-09-16,225014
2014-09-17,191063
2014-09-18,190890
2014-09-19,172255
2014-09-20,169941
2014-09-21,200712
2014-09-22,206729
2014-09-23,195635
2014-09-24,189719
2014-09-25,201394
2014-09-26,180341
2014-09-27,167251
2014-09-28,234946
2014-09-29,198246
2014-09-30,217696
2014-10-01,212669
2014-10-02,183913
2014-10-03,177578
2014-10-04,172315
2014-10-05,247567
2014-10-06,193513
2014-10-07,200932
2014-10-08,189881
2014-10-09,188877
2014-10-10,196627
2014-10-11,164418
2014-10-12,250261
2014-10-13,207310
2014-10-14,222532
2014-10-15,205441
2014-10-16,184416
2014-10-17,180122
2014-10-18,176676
2014-10-19,236855
2014-10-20,201790
2014-10-21,206733
2014-10-22,201731
2014-10-23,198755
2014-10-24,196085
2014-10-25,202433
2014-10-26,214842
2014-10-27,225066
2014-10-28,205248
2014-10-29,200016
2014-10-30,205736
2014-10-31,203137
2014-11-01,173118
2014-11-02,267793
2014-11-03,211234
2014-11-04,209429
2014-11-05,203229
2014-11-06,219885
2014-11-07,221566
2014-11-08,170855
2014-11-09,253202
2014-11-10,214221
2014-11-11,200922
2014-11-12,229329
2014-11-13,213181
2014-11-14,223425
2014-11-15,174268
2014-11-16,249080
2014-11-17,213572
2014-11-18,208693
2014-11-19,212316
2014-11-20,204567
2014-11-21,196858
2014-11-22,180131
2014-11-23,249395
2014-11-24,211890
2014-11-25,203972
2014-11-26,205408
2014-11-27,208264
2014-11-28,208778
2014-11-29,187909
2014-11-30,277774
2014-12-01,227571
2014-12-02,252787
2014-12-03,226744
2014-12-04,227387
2014-12-05,227490
2014-12-06,186079
2014-12-07,259501
2014-12-08,242048
2014-12-09,225674
2014-12-10,223236
2014-12-11,217332
2014-12-12,217065
2014-12-13,180986
2014-12-14,284878
2014-12-15,248144
2014-12-16,252332
2014-12-17,242691
2014-12-18,238736
2014-12-19,223509
2014-12-20,251036
2014-12-21,237992
2014-12-22,260678
2014-12-23,244340
2014-12-24,186732
2014-12-25,166473
2014-12-26,192091
2014-12-27,210729
2014-12-28,263683
2014-12-29,204682
2014-12-30,204192
2014-12-31,177886
2015-01-01,145765
2015-01-02,212932
2015-01-03,241755
2015-01-04,235011
2015-01-05,242515
2015-01-06,215554
2015-01-07,204697
2015-01-08,230454
2015-01-09,237524
2015-01-10,274443
2015-01-11,249636
2015-01-12,222808
2015-01-13,250066
2015-01-14,257446
2015-01-15,262427
2015-01-16,246341
2015-01-17,272389
2015-01-18,247184
2015-01-19,255010
2015-01-20,234321
2015-01-21,215260
2015-01-22,230504
2015-01-23,216750
2015-01-24,201529
2015-01-25,318167
2015-01-26,263343
2015-01-27,249279
2015-01-28,198841
2015-01-29,217393
2015-01-30,193117
2015-01-31,276120
2015-02-01,250290
2015-02-02,228409
2015-02-03,241904
2015-02-04,228028
2015-02-05,217016
2015-02-06,231139
2015-02-07,195430
2015-02-08,293810
2015-02-09,232450
2015-02-10,227906
2015-02-11,236742
2015-02-12,232114
2015-02-13,312759
2015-02-14,260312
2015-02-15,342433
2015-02-16,261678
2015-02-17,272213
2015-02-18,246403
2015-02-19,213440
2015-02-20,249692
2015-02-21,271126
2015-02-22,273269
2015-02-23,253650
2015-02-24,232088
2015-02-25,226574
2015-02-26,230216
2015-02-27,247223
2015-02-28,281000
2015-03-01,272256
2015-03-02,286476
2015-03-03,266412
2015-03-04,240738
2015-03-05,249736
2015-03-06,235826
2015-03-07,254894
2015-03-08,276241
2015-03-09,260611
2015-03-10,242733
2015-03-11,259958
2015-03-12,237787
2015-03-13,243732
2015-03-14,261423
2015-03-15,254579
2015-03-16,260952
2015-03-17,226597
2015-03-18,251725
2015-03-19,261205
2015-03-20,236693
2015-03-21,251472
2015-03-22,271887
2015-03-23,255115
2015-03-24,220798
2015-03-25,226737
2015-03-26,232228
2015-03-27,229847
2015-03-28,237409
2015-03-29,283051
2015-03-30,256087
2015-03-31,266605
2015-04-01,274206
2015-04-02,249771
2015-04-03,240801
2015-04-04,243687
2015-04-05,271639
2015-04-06,242694
2015-04-07,269775
2015-04-08,253258
2015-04-09,250608
2015-04-10,250196
2015-04-11,270860
2015-04-12,254516
2015-04-13,276787
2015-04-14,255342
2015-04-15,227570
2015-04-16,225691
2015-04-17,228675
2015-04-18,250243
2015-04-19,276814
2015-04-20,245521
2015-04-21,243752
2015-04-22,265898
2015-04-23,264221
2015-04-24,252037
2015-04-25,268305
2015-04-26,275889
2015-04-27,253708
2015-04-28,255162
2015-04-29,261510
2015-04-30,240159
2015-05-01,225580
2015-05-02,264029
2015-05-03,247646
2015-05-04,255868
2015-05-05,263807
2015-05-06,270868
2015-05-07,259340
2015-05-08,298182
2015-05-09,235324
2015-05-10,267176
2015-05-11,262404
2015-05-12,273959
2015-05-13,252379
2015-05-14,241337
2015-05-15,242013
2015-05-16,259761
2015-05-17,263667
2015-05-18,239338
2015-05-19,258201
2015-05-20,251166
2015-05-21,236381
2015-05-22,248185
2015-05-23,222628
2015-05-24,282015
2015-05-25,262222
2015-05-26,274566
2015-05-27,258192
2015-05-28,255987
2015-05-29,301378
2015-05-30,302015
2015-05-31,294212
2015-06-01,316894
2015-06-02,299987
2015-06-03,295631
2015-06-04,270650
2015-06-05,261364
2015-06-06,271268
2015-06-07,255838
2015-06-08,252632
2015-06-09,287564
2015-06-10,354081
2015-06-11,281625
2015-06-12,296611
2015-06-13,282673
2015-06-14,292633
2015-06-15,318865
2015-06-16,276646
2015-06-17,322275
2015-06-18,287336
2015-06-19,291461
2015-06-20,259541
2015-06-21,279335
2015-06-22,264629
2015-06-23,303390
2015-06-24,267900
2015-06-25,227584
2015-06-26,294363
2015-06-27,290296
2015-06-28,275010
2015-06-29,290419
2015-06-30,312364
2015-07-01,308546
2015-07-02,317013
2015-07-03,300150
2015-07-04,271740
2015-07-05,307522
2015-07-06,352954
2015-07-07,321011
2015-07-08,317005
2015-07-09,333362
2015-07-10,319210
2015-07-11,321077
2015-07-12,313443
2015-07-13,299508
2015-07-14,288951
2015-07-15,268772
2015-07-16,278082
2015-07-17,248227
2015-07-18,251678
2015-07-19,296139
2015-07-20,283750
2015-07-21,313410
2015-07-22,287455
2015-07-23,264413
2015-07-24,264644
2015-07-25,243324
2015-07-26,299700
2015-07-27,283647
2015-07-28,303847
2015-07-29,312401
2015-07-30,278623
2015-07-31,299579
2015-08-01,300587
2015-08-02,292502
2015-08-03,300542
2015-08-04,293826
2015-08-05,313235
2015-08-06,295447
2015-08-07,283150
2015-08-08,266587
2015-08-09,262571
2015-08-10,292834
2015-08-11,271613
2015-08-12,278802
2015-08-13,272849
2015-08-14,268926
2015-08-15,272413
2015-08-16,275996
2015-08-17,293079
2015-08-18,293760
2015-08-19,280796
2015-08-20,278919
2015-08-21,281703
2015-08-22,295137
2015-08-23,284990
2015-08-24,309470
2015-08-25,288148
2015-08-26,288944
2015-08-27,270033
2015-08-28,296413
2015-08-29,290341
2015-08-30,280853
2015-08-31,308087
2015-09-01,308331
2015-09-02,292511
2015-09-03,297285
2015-09-04,260465
2015-09-05,323127
2015-09-06,290712
2015-09-07,318515
2015-09-08,338676
2015-09-09,298432
2015-09-10,283028
2015-09-11,317585
2015-09-12,276575
2015-09-13,317231
2015-09-14,311373
2015-09-15,324464
2015-09-16,301627
2015-09-17,315192
2015-09-18,320444
2015-09-19,268056
2015-09-20,336567
2015-09-21,357635
2015-09-22,348545
2015-09-23,297453
2015-09-24,295784
2015-09-25,292649
2015-09-26,314624
2015-09-27,324221
2015-09-28,295867
2015-09-29,355812
2015-09-30,334445
2015-10-01,297034
2015-10-02,309307
2015-10-03,252618
2015-10-04,303522
2015-10-05,297239
2015-10-06,325721
2015-10-07,310175
2015-10-08,301525
2015-10-09,274941
2015-10-10,317477
2015-10-11,296821
2015-10-12,307438
2015-10-13,307430
2015-10-14,317192
2015-10-15,360598
2015-10-16,342212
2015-10-17,375203
2015-10-18,327671
2015-10-19,349142
2015-10-20,403962
2015-10-21,343508
2015-10-22,352887
2015-10-23,361424
2015-10-24,378880
2015-10-25,371558
2015-10-26,371860
2015-10-27,353786
2015-10-28,355701
2015-10-29,385081
2015-10-30,372016
2015-10-31,367631
2015-11-01,393101
2015-11-02,404897
2015-11-03,449049
2015-11-04,498795
2015-11-05,441656
2015-11-06,426032
2015-11-07,365479
2015-11-08,386676
2015-11-09,408589
2015-11-10,399491
2015-11-11,374115
2015-11-12,374348
2015-11-13,358205
2015-11-14,383137
2015-11-15,409132
2015-11-16,404593
2015-11-17,388743
2015-11-18,403730
2015-11-19,345821
2015-11-20,361600
2015-11-21,370942
2015-11-22,379184
2015-11-23,340771
2015-11-24,385973
2015-11-25,364221
2015-11-26,386928
2015-11-27,360234
2015-11-28,410729
2015-11-29,328208
2015-11-30,490103
2015-12-01,414541
2015-12-02,424374
2015-12-03,359444
2015-12-04,416094
2015-12-05,460264
2015-12-06,425554
2015-12-07,449269
2015-12-08,452823
2015-12-09,493312
2015-12-10,473257
2015-12-11,466766
2015-12-12,527840
2015-12-13,484886
2015-12-14,520571
2015-12-15,495314
2015-12-16,487898
2015-12-17,453218
2015-12-18,459189
2015-12-19,497028
2015-12-20,481622
2015-12-21,505331
2015-12-22,479097
2015-12-23,478167
2015-12-24,456965
2015-12-25,367825
2015-12-26,416167
2015-12-27,408582
2015-12-28,413657
2015-12-29,427804
2015-12-30,397910
2015-12-31,353317
2016-01-01,316781
2016-01-02,417966
2016-01-03,398443
2016-01-04,413159
2016-01-05,435291
2016-01-06,381359
2016-01-07,432867
2016-01-08,405522
2016-01-09,461784
2016-01-10,427477
2016-01-11,452499
2016-01-12,453665
2016-01-13,430325
2016-01-14,427750
2016-01-15,410879
2016-01-16,511206
2016-01-17,521728
2016-01-18,476975
2016-01-19,425484
2016-01-20,623972
2016-01-21,511702
2016-01-22,500516
2016-01-23,466284
2016-01-24,492811
2016-01-25,528904
2016-01-26,528008
2016-01-27,531444
2016-01-28,513308
2016-01-29,529268
2016-01-30,490429
2016-01-31,484082
2016-02-01,616260
2016-02-02,675786
2016-02-03,542654
2016-02-04,459997
2016-02-05,503467
2016-02-06,497975
2016-02-07,516141
2016-02-08,479473
2016-02-09,515267
2016-02-10,487454
2016-02-11,496667
2016-02-12,470121
2016-02-13,448353
2016-02-14,496649
2016-02-15,498129
2016-02-16,481206
2016-02-17,537228
2016-02-18,496326
2016-02-19,523596
2016-02-20,489626
2016-02-21,531113
2016-02-22,537212
2016-02-23,550408
2016-02-24,466104
2016-02-25,529925
2016-02-26,476826
2016-02-27,467543
2016-02-28,497556
2016-02-29,563571
2016-03-01,561876
2016-03-02,553815
2016-03-03,575225
2016-03-04,513898
2016-03-05,530671
2016-03-06,409059
2016-03-07,421465
2016-03-08,460732
2016-03-09,504399
2016-03-10,445273
2016-03-11,434658
2016-03-12,374730
2016-03-13,421585
2016-03-14,451902
2016-03-15,451559
2016-03-16,449250
2016-03-17,482125
2016-03-18,425769
2016-03-19,428645
2016-03-20,430803
2016-03-21,435918
2016-03-22,462080
2016-03-23,438399
2016-03-24,430544
2016-03-25,392195
2016-03-26,471861
2016-03-27,410531
2016-03-28,520539
2016-03-29,674110
2016-03-30,475833
2016-03-31,425668
2016-04-01,498916
2016-04-02,486983
2016-04-03,456249
2016-04-04,486496
2016-04-05,464749
2016-04-06,480231
2016-04-07,450348
2016-04-08,433298
2016-04-09,428083
2016-04-10,444157
2016-04-11,476122
2016-04-12,504477
2016-04-13,497314
2016-04-14,466772
2016-04-15,439873
2016-04-16,407712
2016-04-17,485493
2016-04-18,473379
2016-04-19,480187
2016-04-20,458038
2016-04-21,481473
2016-04-22,438706
2016-04-23,433938
2016-04-24,456476
2016-04-25,496102
2016-04-26,526580
2016-04-27,477617
2016-04-28,459333
2016-04-29,513848
2016-04-30,442245
2016-05-01,424418
2016-05-02,480773
2016-05-03,461956
2016-05-04,510639
2016-05-05,455031
2016-05-06,465712
2016-05-07,411559
2016-05-08,435990
2016-05-09,489806
2016-05-10,496262
2016-05-11,475358
2016-05-12,449920
2016-05-13,461650
2016-05-14,448880
2016-05-15,437321
2016-05-16,506052
2016-05-17,488115
2016-05-18,511129
2016-05-19,452381
2016-05-20,458726
2016-05-21,489718
2016-05-22,450660
2016-05-23,524621
2016-05-24,504685
2016-05-25,494978
2016-05-26,482152
2016-05-27,520769
2016-05-28,467539
2016-05-29,446574
2016-05-30,538546
2016-05-31,480865
2016-06-01,499855
2016-06-02,483962
2016-06-03,488080
2016-06-04,441515
2016-06-05,464095
2016-06-06,518548
2016-06-07,514462
2016-06-08,482283
2016-06-09,523498
2016-06-10,498550
2016-06-11,467524
2016-06-12,526242
2016-06-13,580506
2016-06-14,534856
2016-06-15,587472
2016-06-16,586017
2016-06-17,575677
2016-06-18,564654
2016-06-19,507096
2016-06-20,567592
2016-06-21,592134
2016-06-22,553797
2016-06-23,546971
2016-06-24,534641
2016-06-25,527647
2016-06-26,498043
2016-06-27,492341
2016-06-28,542692
2016-06-29,465149
2016-06-30,506917
2016-07-01,498334
2016-07-02,438905
2016-07-03,442711
2016-07-04,507658
2016-07-05,480529
2016-07-06,477624
2016-07-07,463940
2016-07-08,463219
2016-07-09,434260
2016-07-10,400962
2016-07-11,494651
2016-07-12,475560
2016-07-13,451100
2016-07-14,485920
2016-07-15,446635
2016-07-16,468834
2016-07-17,437943
2016-07-18,488612
2016-07-19,473547
2016-07-20,470700
2016-07-21,451643
2016-07-22,470889
2016-07-23,449056
2016-07-24,435414
2016-07-25,499950
2016-07-26,510407
2016-07-27,472568
2016-07-28,495202
2016-07-29,462610
2016-07-30,453074
2016-07-31,490761
2016-08-01,510170
2016-08-02,541551
2016-08-03,512566
2016-08-04,488042
2016-08-05,482120
2016-08-06,424854
2016-08-07,444399
2016-08-08,527222
2016-08-09,494819
2016-08-10,534986
2016-08-11,526186
2016-08-12,496269
2016-08-13,465522
2016-08-14,448752
2016-08-15,503013
2016-08-16,551712
2016-08-17,507908
2016-08-18,526059
2016-08-19,507037
2016-08-20,511306
2016-08-21,445785
2016-08-22,516221
2016-08-23,512822
2016-08-24,519952
2016-08-25,485553
2016-08-26,478025
2016-08-27,460178
2016-08-28,419012
2016-08-29,512920
2016-08-30,545062
2016-08-31,497832
2016-09-01,481213
2016-09-02,490560
2016-09-03,454210
2016-09-04,433383
2016-09-05,554978
2016-09-06,507177
2016-09-07,530571
2016-09-08,499129
2016-09-09,486523
2016-09-10,449720
2016-09-11,460039
2016-09-12,516128
2016-09-13,525384
2016-09-14,484948
2016-09-15,494956
2016-09-16,490815
2016-09-17,497085
2016-09-18,468394
2016-09-19,499780
2016-09-20,526478
2016-09-21,511634
2016-09-22,494102
2016-09-23,501479
2016-09-24,465376
2016-09-25,474290
2016-09-26,536915
2016-09-27,556798
2016-09-28,547404
2016-09-29,554360
2016-09-30,548051
2016-10-01,501986
2016-10-02,463086
2016-10-03,631233
2016-10-04,595024
2016-10-05,599856
2016-10-06,611468
2016-10-07,577168
2016-10-08,547264
2016-10-09,517842
2016-10-10,513555
2016-10-11,595746
2016-10-12,542168
2016-10-13,553694
2016-10-14,523032
2016-10-15,499884
2016-10-16,490575
2016-10-17,544749
2016-10-18,585111
2016-10-19,456808
2016-10-20,624972
2016-10-21,574916
2016-10-22,530899
2016-10-23,527890
2016-10-24,582797
2016-10-25,620214
2016-10-26,613266
2016-10-27,724529
2016-10-28,560747
2016-10-29,542123
2016-10-30,475892
2016-10-31,587693
2016-11-01,602551
2016-11-02,586295
2016-11-03,596454
2016-11-04,552456
2016-11-05,550980
2016-11-06,526347
2016-11-07,624606
2016-11-08,660400
2016-11-09,615584
2016-11-10,603667
2016-11-11,565366
2016-11-12,583489
2016-11-13,527525
2016-11-14,640753
2016-11-15,651339
2016-11-16,621011
2016-11-17,625675
2016-11-18,624376
2016-11-19,577027
2016-11-20,581103
2016-11-21,608552
2016-11-22,617504
2016-11-23,636445
2016-11-24,737874
2016-11-25,682142
2016-11-26,654741
2016-11-27,589127
2016-11-28,701286
2016-11-29,654015
2016-11-30,632745
2016-12-01,597486
2016-12-02,732501
2016-12-03,704699
2016-12-04,645140
2016-12-05,673152
2016-12-06,752811
2016-12-07,761638
2016-12-08,657520
2016-12-09,612161
2016-12-10,587478
2016-12-11,565550
2016-12-12,646506
2016-12-13,664583
2016-12-14,620511
2016-12-15,610613
2016-12-16,640704
2016-12-17,582085
2016-12-18,578425
2016-12-19,660086
2016-12-20,649665
2016-12-21,701255
2016-12-22,685539
2016-12-23,656294
2016-12-24,548416
2016-12-25,469228
2016-12-26,598371
2016-12-27,643553
2016-12-28,663681
2016-12-29,655045
2016-12-30,641012
2016-12-31,569619
2017-01-01,466889
2017-01-02,695006
2017-01-03,665048
2017-01-04,695057
2017-01-05,652932
2017-01-06,718728
2017-01-07,641049
2017-01-08,594176
2017-01-09,615967
2017-01-10,698656
2017-01-11,639505
2017-01-12,607660
2017-01-13,601486
2017-01-14,595768
2017-01-15,540189
2017-01-16,642798
2017-01-17,652459
2017-01-18,651983
2017-01-19,687454
2017-01-20,659337
2017-01-21,629947
2017-01-22,572531
2017-01-23,619539
2017-01-24,724707
2017-01-25,707539
2017-01-26,719958
2017-01-27,660526
2017-01-28,669387
2017-01-29,636175
2017-01-30,649149
2017-01-31,686217
2017-02-01,780918
2017-02-02,637933
2017-02-03,713302
2017-02-04,655245
2017-02-05,694185
2017-02-06,612564
2017-02-07,721269
2017-02-08,668157
2017-02-09,753077
2017-02-10,659353
2017-02-11,623589
2017-02-12,562366
2017-02-13,674942
2017-02-14,676693
2017-02-15,630353
2017-02-16,677760
2017-02-17,697160
2017-02-18,688930
2017-02-19,592596
2017-02-20,656025
2017-02-21,644640
2017-02-22,627239
2017-02-23,702266
2017-02-24,763642
2017-02-25,741893
2017-02-26,663264
2017-02-27,661526
2017-02-28,704366
2017-03-01,680418
2017-03-02,735015
2017-03-03,732359
2017-03-04,626694
2017-03-05,695966
2017-03-06,675606
2017-03-07,738688
2017-03-08,686030
2017-03-09,705017
2017-03-10,747049
2017-03-11,690924
2017-03-12,598360
2017-03-13,681914
2017-03-14,747825
2017-03-15,673841
2017-03-16,729304
2017-03-17,711639
2017-03-18,689478
2017-03-19,664913
2017-03-20,658172
2017-03-21,686680
2017-03-22,742361
2017-03-23,680140
2017-03-24,702675
2017-03-25,622498
2017-03-26,573816
2017-03-27,610984
2017-03-28,738882
2017-03-29,677629
2017-03-30,689337
2017-03-31,634568
2017-04-01,642373
2017-04-02,648586
2017-04-03,736529
2017-04-04,634031
2017-04-05,739640
2017-04-06,700828
2017-04-07,717479
2017-04-08,599739
2017-04-09,654193
2017-04-10,691112
2017-04-11,754368
2017-04-12,687363
2017-04-13,611405
2017-04-14,696528
2017-04-15,681237
2017-04-16,589650
2017-04-17,613136
2017-04-18,713650
2017-04-19,718648
2017-04-20,687821
2017-04-21,782123
2017-04-22,691453
2017-04-23,637701
2017-04-24,616696
2017-04-25,740074
2017-04-26,769382
2017-04-27,718553
2017-04-28,726149
2017-04-29,827017
2017-04-30,726257
2017-05-01,713866
2017-05-02,782531
2017-05-03,691453
2017-05-04,851617
2017-05-05,660727
2017-05-06,867643
2017-05-07,790638
2017-05-08,887445
2017-05-09,805373
2017-05-10,730268
2017-05-11,703146
2017-05-12,742648
2017-05-13,793427
2017-05-14,894445
2017-05-15,824667
2017-05-16,653146
2017-05-17,765393
2017-05-18,742869
2017-05-19,805861
2017-05-20,854533
2017-05-21,778746
2017-05-22,781440
2017-05-23,872972
2017-05-24,811722
2017-05-25,847501
2017-05-26,814316
2017-05-27,892105
2017-05-28,848084
2017-05-29,771791
2017-05-30,851137
2017-05-31,818815
2017-06-01,837922
2017-06-02,723130
2017-06-03,879242
2017-06-04,739511
2017-06-05,767010
2017-06-06,802549
2017-06-07,877184
2017-06-08,823165
2017-06-09,762294
2017-06-10,696034
2017-06-11,670073
2017-06-12,726296
2017-06-13,768501
2017-06-14,740847
2017-06-15,797366
2017-06-16,730161
2017-06-17,659616
2017-06-18,628753
2017-06-19,725338
2017-06-20,745087
2017-06-21,755305
2017-06-22,728948
2017-06-23,718091
2017-06-24,638287
2017-06-25,537762
2017-06-26,705488
2017-06-27,696698
2017-06-28,738521
2017-06-29,628876
2017-06-30,715545
2017-07-01,641147
2017-07-02,604820
2017-07-03,660964
2017-07-04,718284
2017-07-05,649605
2017-07-06,637761
2017-07-07,733315
2017-07-08,630307
2017-07-09,547682
2017-07-10,778061
2017-07-11,773747
2017-07-12,746872
2017-07-13,675427
2017-07-14,647312
2017-07-15,624607
2017-07-16,617297
2017-07-17,690739
2017-07-18,809612
2017-07-19,713341
2017-07-20,660126
2017-07-21,744868
2017-07-22,633583
2017-07-23,536910
2017-07-24,681339
2017-07-25,702031
2017-07-26,652653
2017-07-27,686889
2017-07-28,683771
2017-07-29,634637
2017-07-30,583526
2017-07-31,692282
2017-08-01,473639
2017-08-02,599118
2017-08-03,592805
2017-08-04,668144
2017-08-05,642015
2017-08-06,547079
2017-08-07,692078
2017-08-08,786340
2017-08-09,711839
2017-08-10,730801
2017-08-11,729508
2017-08-12,695821
2017-08-13,717839
2017-08-14,681161
2017-08-15,817719
2017-08-16,688962
2017-08-17,863099
2017-08-18,727394
2017-08-19,708914
2017-08-20,627940
2017-08-21,632318
2017-08-22,530992
2017-08-23,839588
2017-08-24,542527
2017-08-25,587663
2017-08-26,617917
2017-08-27,753881
2017-08-28,661017
2017-08-29,789243
2017-08-30,805068
2017-08-31,797023
2017-09-01,767441
2017-09-02,709832
2017-09-03,587110
2017-09-04,760792
2017-09-05,780357
2017-09-06,777010
2017-09-07,767722
2017-09-08,809056
2017-09-09,625612
2017-09-10,581564
2017-09-11,724503
2017-09-12,700869
2017-09-13,715683
2017-09-14,786448
2017-09-15,831698
2017-09-16,637532
2017-09-17,582453
2017-09-18,694432
2017-09-19,784159
2017-09-20,619406
2017-09-21,684987
2017-09-22,642171
2017-09-23,571954
2017-09-24,549507
2017-09-25,655510
2017-09-26,722077
2017-09-27,702387
2017-09-28,753933
2017-09-29,741184
2017-09-30,631821
2017-10-01,628817
2017-10-02,800519
2017-10-03,787242
2017-10-04,655363
2017-10-05,725883
2017-10-06,818384
2017-10-07,651679
2017-10-08,699283
2017-10-09,797851
2017-10-10,833834
2017-10-11,778349
2017-10-12,784446
2017-10-13,818187
2017-10-14,789672
2017-10-15,825816
2017-10-16,844162
2017-10-17,878509
2017-10-18,824566
2017-10-19,906491
2017-10-20,850614
2017-10-21,800937
2017-10-22,907439
2017-10-23,880240
2017-10-24,955565
2017-10-25,911228
2017-10-26,742163
2017-10-27,668740
2017-10-28,555227
2017-10-29,905041
2017-10-30,894901
2017-10-31,827896
2017-11-01,961473
2017-11-02,916882
2017-11-03,820113
2017-11-04,800708
2017-11-05,805781
2017-11-06,831790
2017-11-07,937089
2017-11-08,871573
2017-11-09,948030
2017-11-10,786879
2017-11-11,579558
2017-11-12,586355
2017-11-13,920515
2017-11-14,819127
2017-11-15,944172
2017-11-16,907472
2017-11-17,982559
2017-11-18,843076
2017-11-19,913898
2017-11-20,979917
2017-11-21,981593
2017-11-22,869698
2017-11-23,959240
2017-11-24,905792
2017-11-25,922777
2017-11-26,941512
2017-11-27,1061044
2017-11-28,1025283
2017-11-29,1132724
2017-11-30,1086490
2017-12-01,1115596
2017-12-02,943132
2017-12-03,1008744
2017-12-04,1155119
2017-12-05,1146460
2017-12-06,1228561
2017-12-07,1065803
2017-12-08,1126652
2017-12-09,1182172
2017-12-10,1073634
2017-12-11,1163072
2017-12-12,1099485
2017-12-13,1251052
2017-12-14,1290363
2017-12-15,1179313
2017-12-16,1132973
2017-12-17,1175732
2017-12-18,1204183
2017-12-19,1046267
2017-12-20,1027644
2017-12-21,998866
2017-12-22,1110734
2017-12-23,979504
2017-12-24,1020552
2017-12-25,878323
2017-12-26,911656
2017-12-27,1037747
2017-12-28,999488
2017-12-29,1096215
2017-12-30,998615
2017-12-31,1007208
2018-01-01,972783
2018-01-02,1142721
2018-01-03,1130917
2018-01-04,1253986
2018-01-05,1069525
2018-01-06,1163503
2018-01-07,1130388
2018-01-08,1157303
2018-01-09,1145338
2018-01-10,1118949
2018-01-11,1222969
2018-01-12,1153290
2018-01-13,939348
2018-01-14,971840
2018-01-15,949563
2018-01-16,1001819
2018-01-17,1090483
2018-01-18,1050790
2018-01-19,1027992
2018-01-20,970060
2018-01-21,988506
2018-01-22,946599
2018-01-23,893416
2018-01-24,940167
2018-01-25,854029
2018-01-26,807029
2018-01-27,860840
2018-01-28,765711
2018-01-29,775230
2018-01-30,845185
2018-01-31,685452
2018-02-01,833934
2018-02-02,853582
2018-02-03,714800
2018-02-04,711645
2018-02-05,915758
2018-02-06,999753
2018-02-07,804119
2018-02-08,753618
2018-02-09,781921
2018-02-10,737187
2018-02-11,814528
2018-02-12,912131
2018-02-13,868109
2018-02-14,937769
2018-02-15,779005
2018-02-16,773561
2018-02-17,765638
2018-02-18,730130
2018-02-19,857787
2018-02-20,703065
2018-02-21,713740
2018-02-22,719848
2018-02-23,732287
2018-02-24,690001
2018-02-25,526879
2018-02-26,688379
2018-02-27,699046
2018-02-28,817155
2018-03-01,821011
2018-03-02,752300
2018-03-03,934083
2018-03-04,792569
2018-03-05,857168
2018-03-06,834323
2018-03-07,922143
2018-03-08,903578
2018-03-09,888997
2018-03-10,803717
2018-03-11,889324
2018-03-12,828676
2018-03-13,773506
2018-03-14,580666
2018-03-15,602746
2018-03-16,601517
2018-03-17,452543
2018-03-18,535510
2018-03-19,587514
2018-03-20,567891
2018-03-21,586910
2018-03-22,577941
2018-03-23,619608
2018-03-24,543804
2018-03-25,454187
2018-03-26,582295
2018-03-27,598612
2018-03-28,552755
2018-03-29,559619
2018-03-30,571020
2018-03-31,475498
2018-04-01,425276
2018-04-02,485666
2018-04-03,605514
2018-04-04,565002
2018-04-05,534893
2018-04-06,631476
2018-04-07,502038
2018-04-08,414992
2018-04-09,535496
2018-04-10,569509
2018-04-11,533732
2018-04-12,629328
2018-04-13,638968
2018-04-14,502546
2018-04-15,590187
2018-04-16,721332
2018-04-17,614295
2018-04-18,588686
2018-04-19,657714
2018-04-20,661833
2018-04-21,602722
2018-04-22,502665
2018-04-23,642298
2018-04-24,776436
2018-04-25,701507
2018-04-26,661663
2018-04-27,674680
2018-04-28,541764
2018-04-29,549120
2018-04-30,645424
2018-05-01,634217
2018-05-02,673769
2018-05-03,660104
2018-05-04,710689
2018-05-05,606625
2018-05-06,535825
2018-05-07,662775
2018-05-08,665870
2018-05-09,603396
2018-05-10,633729
2018-05-11,772234
2018-05-12,563749
2018-05-13,488836
2018-05-14,641192
2018-05-15,624136
2018-05-16,617403
2018-05-17,635676
2018-05-18,701918
2018-05-19,500408
2018-05-20,483041
2018-05-21,620329
2018-05-22,595706
2018-05-23,636565
2018-05-24,559734
2018-05-25,624713
2018-05-26,459370
2018-05-27,441802
2018-05-28,598556
2018-05-29,600021
2018-05-30,596173
2018-05-31,620191
2018-06-01,683588
2018-06-02,524370
2018-06-03,542740
2018-06-04,694350
2018-06-05,655014
2018-06-06,653426
2018-06-07,635530
2018-06-08,640966
2018-06-09,503993
2018-06-10,527886
2018-06-11,586393
2018-06-12,662032
2018-06-13,660241
2018-06-14,586144
2018-06-15,613937
2018-06-16,434955
2018-06-17,439145
2018-06-18,569167
2018-06-19,628857
2018-06-20,590701
2018-06-21,556428
2018-06-22,616964
2018-06-23,473376
2018-06-24,465159
2018-06-25,618481
2018-06-26,601757
2018-06-27,591319
2018-06-28,566389
2018-06-29,584573
2018-06-30,560237
2018-07-01,476547
2018-07-02,662310
2018-07-03,655359
2018-07-04,594400
2018-07-05,555588
2018-07-06,640591
2018-07-07,460458
2018-07-08,501981
2018-07-09,627774
2018-07-10,669373
2018-07-11,636817
2018-07-12,923421
2018-07-13,941540
2018-07-14,793757
2018-07-15,502106
2018-07-16,602482
2018-07-17,681518
2018-07-18,762246
2018-07-19,626926
2018-07-20,653321
2018-07-21,511119
2018-07-22,459458
2018-07-23,716690
2018-07-24,717759
2018-07-25,771199
2018-07-26,641543
2018-07-27,721812
2018-07-28,545883
2018-07-29,494042
2018-07-30,638966
2018-07-31,696566
2018-08-01,698015
2018-08-02,622521
2018-08-03,694601
2018-08-04,547308
2018-08-05,495532
2018-08-06,651894
2018-08-07,710766
2018-08-08,634443
2018-08-09,636143
2018-08-10,656819
2018-08-11,523641
2018-08-12,486939
2018-08-13,602328
2018-08-14,672592
2018-08-15,677460
2018-08-16,621029
2018-08-17,650774
2018-08-18,498238
2018-08-19,502449
2018-08-20,639365
2018-08-21,589991
2018-08-22,622189
2018-08-23,574017
2018-08-24,633016
2018-08-25,540988
2018-08-26,495145
2018-08-27,675295
2018-08-28,676219
2018-08-29,643056
2018-08-30,626114
2018-08-31,658225
2018-09-01,556577
2018-09-02,491997
2018-09-03,616107
2018-09-04,646393
2018-09-05,644928
2018-09-06,659910
2018-09-07,694327
2018-09-08,541935
2018-09-09,506971
2018-09-10,620579
2018-09-11,642145
2018-09-12,602958
2018-09-13,618775
2018-09-14,615099
2018-09-15,547938
2018-09-16,479019
2018-09-17,616149
2018-09-18,640750
2018-09-19,638350
2018-09-20,628755
2018-09-21,713347
2018-09-22,550844
2018-09-23,524121
2018-09-24,601707
2018-09-25,653042
2018-09-26,624467
2018-09-27,642476
2018-09-28,654875
2018-09-29,564628
2018-09-30,514766
2018-10-01,688212
2018-10-02,660448
2018-10-03,695230
2018-10-04,653916
2018-10-05,686857
2018-10-06,569596
2018-10-07,618542
2018-10-08,643328
2018-10-09,604271
2018-10-10,651334
2018-10-11,689144
2018-10-12,699176
2018-10-13,553344
2018-10-14,522288
2018-10-15,711826
2018-10-16,674140
2018-10-17,662174
2018-10-18,673350
2018-10-19,684662
2018-10-20,583046
2018-10-21,540049
2018-10-22,687801
2018-10-23,688951
2018-10-24,630269
2018-10-25,664579
2018-10-26,681997
2018-10-27,578121
2018-10-28,547630
2018-10-29,708860
2018-10-30,697640
2018-10-31,694833
2018-11-01,702856
2018-11-02,764821
2018-11-03,635423
2018-11-04,619152
2018-11-05,709024
2018-11-06,698165
2018-11-07,708634
2018-11-08,702459
2018-11-09,696353
2018-11-10,583550
2018-11-11,601176
2018-11-12,680949
2018-11-13,637890
2018-11-14,734241
2018-11-15,709708
2018-11-16,704543
2018-11-17,587644
2018-11-18,543353
2018-11-19,680899
2018-11-20,769611
2018-11-21,620393
2018-11-22,653846
2018-11-23,624434
2018-11-24,578522
2018-11-25,577253
2018-11-26,628614
2018-11-27,627815
2018-11-28,630438
2018-11-29,612685
2018-11-30,597612
2018-12-01,579421
2018-12-02,502649
2018-12-03,586010
2018-12-04,671416
2018-12-05,609238
2018-12-06,655016
2018-12-07,658859
2018-12-08,531426
2018-12-09,518114
2018-12-10,600210
2018-12-11,635401
2018-12-12,616176
2018-12-13,638713
2018-12-14,701381
2018-12-15,594065
2018-12-16,539434
2018-12-17,682984
2018-12-18,656410
2018-12-19,701481
2018-12-20,641537
2018-12-21,656212
2018-12-22,551516
2018-12-23,520086
2018-12-24,583425
2018-12-25,481186
2018-12-26,536230
2018-12-27,624625
2018-12-28,644439
2018-12-29,572182
2018-12-30,514111
2018-12-31,557851
2019-01-01,433715
2019-01-02,578607
2019-01-03,598436
2019-01-04,580495
2019-01-05,519070
2019-01-06,498140
2019-01-07,613474
2019-01-08,607366
2019-01-09,619701
2019-01-10,634499
2019-01-11,623617
2019-01-12,521168
2019-01-13,477843
2019-01-14,604549
2019-01-15,621686
2019-01-16,639811
2019-01-17,619396
2019-01-18,606378
2019-01-19,519467
2019-01-20,518578
2019-01-21,604061
2019-01-22,594573
2019-01-23,685141
2019-01-24,619376
2019-01-25,629078
2019-01-26,585285
2019-01-27,487233
2019-01-28,650793
2019-01-29,607365
2019-01-30,622377
2019-01-31,632855
2019-02-01,654356
2019-02-02,560738
2019-02-03,518121
2019-02-04,610696
2019-02-05,645414
2019-02-06,686774
2019-02-07,645404
2019-02-08,691966
2019-02-09,561955
2019-02-10,501124
2019-02-11,709903
2019-02-12,809914
2019-02-13,758224
2019-02-14,617275
2019-02-15,621340
2019-02-16,587666
2019-02-17,526787
2019-02-18,693311
2019-02-19,713530
2019-02-20,690103
2019-02-21,643083
2019-02-22,728261
2019-02-23,581866
2019-02-24,558515
2019-02-25,679440
2019-02-26,702086
2019-02-27,668278
2019-02-28,688385
2019-03-01,727984
2019-03-02,616539
2019-03-03,553981
2019-03-04,687289
2019-03-05,701551
2019-03-06,734311
2019-03-07,689254
2019-03-08,698786
2019-03-09,604793
2019-03-10,525757
2019-03-11,749756
2019-03-12,696573
2019-03-13,720085
2019-03-14,735928
2019-03-15,715166
2019-03-16,602121
2019-03-17,548345
2019-03-18,720573
2019-03-19,739893
2019-03-20,745772
2019-03-21,705159
2019-03-22,726789
2019-03-23,566705
2019-03-24,569884
2019-03-25,715056
2019-03-26,688572
2019-03-27,778566
2019-03-28,765998
2019-03-29,759323
2019-03-30,683748
2019-03-31,623888
2019-04-01,697929
2019-04-02,879271
2019-04-03,856707
2019-04-04,802957
2019-04-05,873077
2019-04-06,677458
2019-04-07,623548
2019-04-08,778923
2019-04-09,776284
2019-04-10,773468
2019-04-11,813510
2019-04-12,763723
2019-04-13,602847
2019-04-14,596510
2019-04-15,767910
2019-04-16,777026
2019-04-17,734917
2019-04-18,739768
2019-04-19,798377
2019-04-20,689643
2019-04-21,673424
2019-04-22,646342
2019-04-23,714325
2019-04-24,875920
2019-04-25,751975
2019-04-26,761966
2019-04-27,619281
2019-04-28,574359
2019-04-29,807672
2019-04-30,839425
2019-05-01,760187
2019-05-02,787748
2019-05-03,803354
2019-05-04,658798
2019-05-05,613917
2019-05-06,776590
2019-05-07,754405
2019-05-08,839633
2019-05-09,831454
2019-05-10,775704
2019-05-11,773667
2019-05-12,819732
2019-05-13,882729
2019-05-14,896277
2019-05-15,879106
2019-05-16,882945
2019-05-17,903650
2019-05-18,845558
2019-05-19,750954
2019-05-20,836865
2019-05-21,888770
2019-05-22,862194
2019-05-23,825753
2019-05-24,862849
2019-05-25,701431
2019-05-26,670124
2019-05-27,884928
2019-05-28,944118
2019-05-29,887870
2019-05-30,862822
2019-05-31,766989
2019-06-01,850116
2019-06-02,690143
2019-06-03,727530
2019-06-04,911280
2019-06-05,874396
2019-06-06,812486
2019-06-07,864227
2019-06-08,617675
2019-06-09,580387
2019-06-10,809202
2019-06-11,835542
2019-06-12,795814
2019-06-13,892695
2019-06-14,1041358
2019-06-15,860753
2019-06-16,689588
2019-06-17,805931
2019-06-18,950212
2019-06-19,892254
2019-06-20,839162
2019-06-21,842659
2019-06-22,848072
2019-06-23,875010
2019-06-24,978017
2019-06-25,911584
2019-06-26,1035885
2019-06-27,891448
2019-06-28,1008973
2019-06-29,846946
2019-06-30,675915
2019-07-01,836709
2019-07-02,894242
2019-07-03,883931
2019-07-04,814107
2019-07-05,837154
2019-07-06,654703
2019-07-07,614084
2019-07-08,834590
2019-07-09,815561
2019-07-10,802293
2019-07-11,778056
2019-07-12,899488
2019-07-13,645726
2019-07-14,592612
2019-07-15,757007
2019-07-16,794106
2019-07-17,739298
2019-07-18,740918
2019-07-19,732618
2019-07-20,702633
2019-07-21,558672
2019-07-22,708667
2019-07-23,702928
2019-07-24,733358
2019-07-25,764542
2019-07-26,750605
2019-07-27,587410
2019-07-28,521206
2019-07-29,738306
2019-07-30,737831
2019-07-31,786236
2019-08-01,752575
2019-08-02,775949
2019-08-03,612854
2019-08-04,583300
2019-08-05,807955
2019-08-06,850550
2019-08-07,819832
2019-08-08,815367
2019-08-09,749568
2019-08-10,596821
2019-08-11,550565
2019-08-12,660039
2019-08-13,873566
2019-08-14,750768
2019-08-15,701215
2019-08-16,706459
2019-08-17,565674
2019-08-18,526730
2019-08-19,711022
2019-08-20,743636
2019-08-21,784357
2019-08-22,808723
2019-08-23,791057
2019-08-24,700721
2019-08-25,513916
2019-08-26,759470
2019-08-27,726784
2019-08-28,705437
2019-08-29,735396
2019-08-30,734849
2019-08-31,596235
2019-09-01,574358
2019-09-02,728155
2019-09-03,799532
2019-09-04,750620
2019-09-05,744004
2019-09-06,775304
2019-09-07,617013
2019-09-08,567664
2019-09-09,769573
2019-09-10,807975
2019-09-11,783950
2019-09-12,757805
2019-09-13,759154
2019-09-14,652357
2019-09-15,554317
2019-09-16,779631
2019-09-17,777701
2019-09-18,855706
2019-09-19,733322
2019-09-20,742828
2019-09-21,625288
2019-09-22,606415
2019-09-23,735518
2019-09-24,840208
2019-09-25,783948
2019-09-26,739854
2019-09-27,714047
2019-09-28,619808
2019-09-29,564381
2019-09-30,750859
2019-10-01,750562
2019-10-02,717573
2019-10-03,708956
2019-10-04,712900
2019-10-05,636638
2019-10-06,555377
2019-10-07,734959
2019-10-08,715311
2019-10-09,701690
2019-10-10,743456
2019-10-11,726820
2019-10-12,578474
2019-10-13,555407
2019-10-14,694167
2019-10-15,712296
2019-10-16,733220
2019-10-17,730671
2019-10-18,673650
2019-10-19,643714
2019-10-20,546144
2019-10-21,749935
2019-10-22,732596
2019-10-23,736263
2019-10-24,719988
2019-10-25,786680
2019-10-26,761194
2019-10-27,598714
2019-10-28,753434
2019-10-29,728736
2019-10-30,711325
2019-10-31,721957
2019-11-01,790414
2019-11-02,634816
2019-11-03,610943
2019-11-04,757129
2019-11-05,782184
2019-11-06,831199
2019-11-07,799136
2019-11-08,728522
2019-11-09,709807
2019-11-10,594556
2019-11-11,704180
2019-11-12,682025
2019-11-13,746140
2019-11-14,746968
2019-11-15,779428
2019-11-16,666406
2019-11-17,598140
2019-11-18,696269
2019-11-19,823018
2019-11-20,702168
2019-11-21,803455
2019-11-22,790198
2019-11-23,681817
2019-11-24,557217
2019-11-25,678695
2019-11-26,784964
2019-11-27,812540
2019-11-28,716192
2019-11-29,730014
2019-11-30,683831
2019-12-01,593329
2019-12-02,749060
2019-12-03,744688
2019-12-04,749562
2019-12-05,746859
2019-12-06,748047
2019-12-07,642350
2019-12-08,587017
2019-12-09,803439
2019-12-10,803226
2019-12-11,771631
2019-12-12,722853
2019-12-13,746512
2019-12-14,623464
2019-12-15,657604
2019-12-16,777556
2019-12-17,875713
2019-12-18,751472
2019-12-19,725702
2019-12-20,708265
2019-12-21,610208
2019-12-22,589250
2019-12-23,727796
2019-12-24,649535
2019-12-25,537049
2019-12-26,653003
2019-12-27,721861
2019-12-28,611206
2019-12-29,589993
2019-12-30,735877
2019-12-31,657164
2020-01-01,524360
2020-01-02,671016
2020-01-03,721747
2020-01-04,611397
2020-01-05,597061
2020-01-06,724219
2020-01-07,775757
2020-01-08,754553
2020-01-09,773570
2020-01-10,792103
2020-01-11,640445
2020-01-12,581504
2020-01-13,705443
2020-01-14,850757
2020-01-15,759192
2020-01-16,739283
2020-01-17,756728
2020-01-18,649187
2020-01-19,622774
2020-01-20,741539
2020-01-21,756250
2020-01-22,771727
2020-01-23,789764
2020-01-24,720051
2020-01-25,665971
2020-01-26,544915
2020-01-27,726725
2020-01-28,812560
2020-01-29,767507
2020-01-30,765495
2020-01-31,762130
2020-02-01,743933
2020-02-02,706042
2020-02-03,879860
2020-02-04,764885
2020-02-05,823713
2020-02-06,765225
2020-02-07,865396
2020-02-08,709380
2020-02-09,695691
2020-02-10,703356
2020-02-11,885934
2020-02-12,822547
2020-02-13,815808
2020-02-14,741471
2020-02-15,736640
2020-02-16,655188
2020-02-17,773751
2020-02-18,783570
2020-02-19,792783
2020-02-20,766448
2020-02-21,768521
2020-02-22,660812
2020-02-23,622397
2020-02-24,758122
2020-02-25,743278
2020-02-26,778003
2020-02-27,777389
2020-02-28,778213
2020-02-29,679597
2020-03-01,674209
2020-03-02,829550
2020-03-03,840712
2020-03-04,857423
2020-03-05,793221
2020-03-06,804945
2020-03-07,682432
2020-03-08,654911
2020-03-09,809850
2020-03-10,807778
2020-03-11,728889
2020-03-12,909601
2020-03-13,786409
2020-03-14,772769
2020-03-15,629326
2020-03-16,725120
2020-03-17,765477
2020-03-18,633373
2020-03-19,709786
2020-03-20,734614
2020-03-21,637554
2020-03-22,579901
2020-03-23,667486
2020-03-24,736233
2020-03-25,587460
2020-03-26,889704
2020-03-27,807651
2020-03-28,627230
2020-03-29,591287
2020-03-30,770915
2020-03-31,816889
2020-04-01,824108
2020-04-02,798186
2020-04-03,750332
2020-04-04,657862
2020-04-05,596364
2020-04-06,780832
2020-04-07,938358
2020-04-08,760207
2020-04-09,730620
2020-04-10,735297
2020-04-11,634944
2020-04-12,618062
2020-04-13,764583
2020-04-14,843493
2020-04-15,926278
2020-04-16,880665
2020-04-17,844316
2020-04-18,847811
2020-04-19,718815
2020-04-20,842251
2020-04-21,818062
2020-04-22,762361
2020-04-23,935989
2020-04-24,893187
2020-04-25,813456
2020-04-26,724250
2020-04-27,876229
2020-04-28,926669
2020-04-29,911617
2020-04-30,947585
2020-05-01,955523
2020-05-02,970554
2020-05-03,909805
2020-05-04,889636
2020-05-05,970464
2020-05-06,972369
2020-05-07,1020443
2020-05-08,949216
2020-05-09,906900
2020-05-10,869262
2020-05-11,999192
2020-05-12,954129
2020-05-13,858458
2020-05-14,880861
2020-05-15,895670
2020-05-16,880534
2020-05-17,763444
2020-05-18,970423
2020-05-19,890493
2020-05-20,865708
2020-05-21,928630
2020-05-22,797526
2020-05-23,848702
2020-05-24,807939
2020-05-25,828919
2020-05-26,852839
2020-05-27,913075
2020-05-28,866559
2020-05-29,852420
2020-05-30,902498
2020-05-31,801889
2020-06-01,870833
2020-06-02,899961
2020-06-03,950153
2020-06-04,884109
2020-06-05,918647
2020-06-06,771819
2020-06-07,690992
2020-06-08,986341
2020-06-09,910121
2020-06-10,909669
2020-06-11,1048342
2020-06-12,909615
2020-06-13,800767
2020-06-14,698545
2020-06-15,867844
2020-06-16,986219
2020-06-17,918592
2020-06-18,854866
2020-06-19,947402
2020-06-20,760742
2020-06-21,710176
2020-06-22,850006
2020-06-23,1034537
2020-06-24,917620
2020-06-25,901033
2020-06-26,929963
2020-06-27,761896
2020-06-28,686270
2020-06-29,962232
2020-06-30,926238
2020-07-01,1078007
2020-07-02,951042
2020-07-03,944676
2020-07-04,799989
2020-07-05,771473
2020-07-06,989688
2020-07-07,969354
2020-07-08,1024085
2020-07-09,1033334
2020-07-10,976205
2020-07-11,885970
2020-07-12,745665
2020-07-13,909653
2020-07-14,993499
2020-07-15,971186
2020-07-16,966383
2020-07-17,847984
2020-07-18,892684
2020-07-19,872974
2020-07-20,940265
2020-07-21,927506
2020-07-22,1017627
2020-07-23,977856
2020-07-24,1083981
2020-07-25,972156
2020-07-26,999311
2020-07-27,1022491
2020-07-28,1059084
2020-07-29,1039672
2020-07-30,968423
2020-07-31,1062923
2020-08-01,954055
2020-08-02,950873
2020-08-03,1080975
2020-08-04,1003351
2020-08-05,957619
2020-08-06,1120216
2020-08-07,1049182
2020-08-08,951540
2020-08-09,911571
2020-08-10,967780
2020-08-11,1086328
2020-08-12,1049344
2020-08-13,952528
2020-08-14,1086754
2020-08-15,973628
2020-08-16,892624
2020-08-17,878796
2020-08-18,1008612
2020-08-19,988648
2020-08-20,994559
2020-08-21,1095556
2020-08-22,950674
2020-08-23,906460
2020-08-24,944242
2020-08-25,951716
2020-08-26,1030264
2020-08-27,947577
2020-08-28,1080096
2020-08-29,972062
2020-08-30,821271
2020-08-31,935410
2020-09-01,1074307
2020-09-02,1029017
2020-09-03,983249
2020-09-04,1004854
2020-09-05,984198
2020-09-06,988383
2020-09-07,1086059
2020-09-08,974053
2020-09-09,968245
2020-09-10,1103924
2020-09-11,951505
2020-09-12,890683
2020-09-13,803998
2020-09-14,1016193
2020-09-15,976024
2020-09-16,1064243
2020-09-17,1101957
2020-09-18,974291
2020-09-19,892685
2020-09-20,820833
2020-09-21,946997
2020-09-22,968239
2020-09-23,1013565
2020-09-24,943668
2020-09-25,1140261
2020-09-26,952990
2020-09-27,784428
2020-09-28,884124
2020-09-29,998051
2020-09-30,1118241
2020-10-01,922880
2020-10-02,996361
2020-10-03,1002444
2020-10-04,923546
2020-10-05,946902
2020-10-06,978521
2020-10-07,1063425
2020-10-08,1033122
2020-10-09,1006667
2020-10-10,917402
2020-10-11,791020
2020-10-12,945894
2020-10-13,1049377
2020-10-14,952949
2020-10-15,1035214
2020-10-16,973228
2020-10-17,851147
2020-10-18,744786
2020-10-19,930306
2020-10-20,1011847
2020-10-21,1013298
2020-10-22,1048775
2020-10-23,977710
2020-10-24,1098917
2020-10-25,851199
2020-10-26,825846
2020-10-27,827512
2020-10-28,817505
2020-10-29,887772
2020-10-30,901403
2020-10-31,875335
2020-11-01,897445
2020-11-02,777173
2020-11-03,1029970
2020-11-04,1175181
2020-11-05,1071518
2020-11-06,1080743
2020-11-07,1055012
2020-11-08,920529
2020-11-09,1188873
2020-11-10,1026623
2020-11-11,1004339
2020-11-12,1064270
2020-11-13,999523
2020-11-14,915336
2020-11-15,845204
2020-11-16,1041491
2020-11-17,1142716
2020-11-18,1197076
2020-11-19,1052034
2020-11-20,1177776
2020-11-21,1007240
2020-11-22,875364
2020-11-23,1014814
2020-11-24,1052398
2020-11-25,1127776
2020-11-26,1115848
2020-11-27,1099990
2020-11-28,1038684
2020-11-29,875712
2020-11-30,903580
2020-12-01,1179012
2020-12-02,1015318
2020-12-03,1165469
2020-12-04,1070208
2020-12-05,1077064
2020-12-06,906549
2020-12-07,1017188
2020-12-08,1057637
2020-12-09,1059284
2020-12-10,995137
2020-12-11,1078069
2020-12-12,962538
2020-12-13,938739
2020-12-14,977389
2020-12-15,1047043
2020-12-16,1098912
2020-12-17,1066159
2020-12-18,1194851
2020-12-19,1158142
2020-12-20,1075417
2020-12-21,1126710
2020-12-22,1095221
2020-12-23,1138302
2020-12-24,969168
2020-12-25,1021183
2020-12-26,957062
2020-12-27,1049825
2020-12-28,1154354
2020-12-29,1146131
2020-12-30,1221579
2020-12-31,1193822
2021-01-01,1001890
2021-01-02,1140633
2021-01-03,1184688
2021-01-04,1270082
2021-01-05,1230529
2021-01-06,1344921
2021-01-07,1292297
2021-01-08,1237271
2021-01-09,1094947
2021-01-10,1177151
2021-01-11,1211948
2021-01-12,1202314
2021-01-13,1163164
2021-01-14,1167975
2021-01-15,1209589
2021-01-16,1115276
2021-01-17,1002014
2021-01-18,1077578
2021-01-19,1095890
2021-01-20,1107233
2021-01-21,1059467
2021-01-22,1115180
2021-01-23,1128728
2021-01-24,1004162
2021-01-25,1121794
2021-01-26,1182517
2021-01-27,1106142
2021-01-28,1097896
2021-01-29,1208741
2021-01-30,1087755
2021-01-31,1063553
2021-02-01,999221
2021-02-02,1202183
2021-02-03,1187019
2021-02-04,1226684
2021-02-05,1257476
2021-02-06,1147256
2021-02-07,1159518
2021-02-08,1249543
2021-02-09,1174227
2021-02-10,1191329
2021-02-11,1052110
2021-02-12,1157108
2021-02-13,1217682
2021-02-14,1122976
2021-02-15,1140491
2021-02-16,989854
2021-02-17,1134666
2021-02-18,1138881
2021-02-19,1248515
2021-02-20,1187083
2021-02-21,1047141
2021-02-22,1094544
2021-02-23,1054613
2021-02-24,1230122
2021-02-25,1217040
2021-02-26,1114180
2021-02-27,1202477
2021-02-28,1033508
2021-03-01,1073523
2021-03-02,1119669
2021-03-03,1185450
2021-03-04,1042797
2021-03-05,1154593
2021-03-06,1147083
2021-03-07,1043256
2021-03-08,1164249
2021-03-09,1088598
2021-03-10,1165773
2021-03-11,1084417
2021-03-12,1186618
2021-03-13,1104466
2021-03-14,1155175
2021-03-15,1167577
2021-03-16,1161912
2021-03-17,1110541
2021-03-18,1219716
2021-03-19,1158820
2021-03-20,1124513
2021-03-21,1112554
2021-03-22,1144113
2021-03-23,1234149
2021-03-24,1153475
2021-03-25,1218346
2021-03-26,1085835
2021-03-27,1149403
2021-03-28,1063472
2021-03-29,1115525
2021-03-30,1154381
2021-03-31,1234495
2021-04-01,1145125
2021-04-02,1103476
2021-04-03,1020968
2021-04-04,1032167
2021-04-05,1229289
2021-04-06,1180036
2021-04-07,1246138
2021-04-08,1092604
2021-04-09,1222362
2021-04-10,1163952
2021-04-11,1043812
2021-04-12,1126723
2021-04-13,1178027
2021-04-14,1149773
2021-04-15,1366494
2021-04-16,933121
2021-04-17,828375
2021-04-18,1057891
2021-04-19,884672
2021-04-20,1126908
2021-04-21,918079
2021-04-22,1114976
2021-04-23,1114180
2021-04-24,1125210
2021-04-25,1026103
2021-04-26,943203
2021-04-27,1092574
2021-04-28,1113474
2021-04-29,986056
2021-04-30,1122022
2021-05-01,1040203
2021-05-02,1248724
2021-05-03,1268856
2021-05-04,1293836
2021-05-05,1208973
2021-05-06,1228892
2021-05-07,1187763
2021-05-08,1169650
2021-05-09,1234486
2021-05-10,1315147
2021-05-11,1258920
2021-05-12,1245595
2021-05-13,1187747
2021-05-14,1066269
2021-05-15,953308
2021-05-16,971649
2021-05-17,962984
2021-05-18,856695
2021-05-19,1031147
2021-05-20,943686
2021-05-21,942736
2021-05-22,918673
2021-05-23,957018
2021-05-24,975836
2021-05-25,968674
2021-05-26,933622
2021-05-27,864432
2021-05-28,972164
2021-05-29,863265
2021-05-30,990443
2021-05-31,977895
2021-06-01,914351
2021-06-02,1090605
2021-06-03,1015474
2021-06-04,907519
2021-06-05,762659
2021-06-06,737174
2021-06-07,910652
2021-06-08,998834
2021-06-09,817282
2021-06-10,948298
2021-06-11,874050
2021-06-12,1013611
2021-06-13,799859
2021-06-14,972587
2021-06-15,963054
2021-06-16,954838
2021-06-17,865333
2021-06-18,825241
2021-06-19,688095
2021-06-20,652470
2021-06-21,835557
2021-06-22,776432
2021-06-23,847730
2021-06-24,843836
2021-06-25,880813
2021-06-26,715801
2021-06-27,518219
2021-06-28,776365
2021-06-29,792995
2021-06-30,790273
2021-07-01,817115
2021-07-02,809016
2021-07-03,1027108
2021-07-04,843475
2021-07-05,902032
2021-07-06,853332
2021-07-07,811614
2021-07-08,802085
2021-07-09,818441
2021-07-10,726034
2021-07-11,690684
2021-07-12,838472
2021-07-13,807050
2021-07-14,817900
2021-07-15,828844
2021-07-16,764392
2021-07-17,640355
2021-07-18,651828
2021-07-19,845474
2021-07-20,822257
2021-07-21,815589
2021-07-22,780869
2021-07-23,803246
2021-07-24,712132
2021-07-25,641796
2021-07-26,958347
2021-07-27,903400
2021-07-28,868607
2021-07-29,880689
2021-07-30,841162
2021-07-31,720022
2021-08-01,695892
2021-08-02,899861
2021-08-03,820918
2021-08-04,842870
2021-08-05,854629
2021-08-06,894265
2021-08-07,724467
2021-08-08,740945
2021-08-09,934412
2021-08-10,875882
2021-08-11,866724
2021-08-12,842547
2021-08-13,917929
2021-08-14,724702
2021-08-15,750378
2021-08-16,978773
2021-08-17,953226
2021-08-18,876483
2021-08-19,888796
2021-08-20,984372
2021-08-21,787645
2021-08-22,715639
2021-08-23,973417
2021-08-24,945668
2021-08-25,867743
2021-08-26,818959
2021-08-27,864176
2021-08-28,726381
2021-08-29,685753
2021-08-30,910173
2021-08-31,930055
2021-09-01,954959
2021-09-02,1026339
2021-09-03,1008068
2021-09-04,776022
2021-09-05,735688
2021-09-06,968860
2021-09-07,938525
2021-09-08,907794
2021-09-09,937415
2021-09-10,906178
2021-09-11,823454
2021-09-12,705573
2021-09-13,908372
2021-09-14,952892
2021-09-15,976201
2021-09-16,1021047
2021-09-17,943981
2021-09-18,819880
2021-09-19,714326
2021-09-20,1014971
2021-09-21,844883
2021-09-22,888195
2021-09-23,918846
2021-09-24,958548
2021-09-25,702530
2021-09-26,699993
2021-09-27,901586
2021-09-28,935822
2021-09-29,830989
2021-09-30,1059608
2021-10-01,962201
2021-10-02,963528
2021-10-03,808347
2021-10-04,1015651
2021-10-05,1037679
2021-10-06,914612
2021-10-07,1144142
2021-10-08,978503
2021-10-09,991926
2021-10-10,803826
2021-10-11,1009017
2021-10-12,937369
2021-10-13,975651
2021-10-14,1007101
2021-10-15,1017121
2021-10-16,937355
2021-10-17,823877
2021-10-18,1003479
2021-10-19,1077371
2021-10-20,977215
2021-10-21,1139133
2021-10-22,957015
2021-10-23,826969
2021-10-24,737951
2021-10-25,1079523
2021-10-26,998333
2021-10-27,944035
2021-10-28,1055114
2021-10-29,1014855
2021-10-30,906672
2021-10-31,893617
2021-11-01,1053426
2021-11-02,1035030
2021-11-03,1069212
2021-11-04,998917
2021-11-05,1037437
2021-11-06,825483
2021-11-07,826432
2021-11-08,1018796
2021-11-09,1195638
2021-11-10,1022756
2021-11-11,1037951
2021-11-12,975353
2021-11-13,828248
2021-11-14,806451
2021-11-15,1083387
2021-11-16,1030573
2021-11-17,993545
2021-11-18,990087
2021-11-19,976682
2021-11-20,848464
2021-11-21,842004
2021-11-22,947435
2021-11-23,909010
2021-11-24,1071921
2021-11-25,973237
2021-11-26,996141
2021-11-27,777970
2021-11-28,816560
2021-11-29,993217
2021-11-30,977183
2021-12-01,1057704
2021-12-02,1184757
2021-12-03,1010596
2021-12-04,961294
2021-12-05,978899
2021-12-06,1078373
2021-12-07,983177
2021-12-08,927369
2021-12-09,1123743
2021-12-10,930831
2021-12-11,805461
2021-12-12,725043
2021-12-13,996713
2021-12-14,966596
2021-12-15,1058257
2021-12-16,873836
2021-12-17,979005
2021-12-18,855978
2021-12-19,755797
2021-12-20,1015255
2021-12-21,1009227
2021-12-22,992589
2021-12-23,991240
2021-12-24,974212
2021-12-25,866151
2021-12-26,774902
2021-12-27,992531
2021-12-28,1051572
2021-12-29,1142870
2021-12-30,977727
2021-12-31,1093396
2022-01-01,695722
2022-01-02,734444
2022-01-03,948843
2022-01-04,971141
2022-01-05,1023484
2022-01-06,937879
2022-01-07,961733
2022-01-08,823193
2022-01-09,734904
2022-01-10,977953
2022-01-11,973363
2022-01-12,958871
2022-01-13,943218
2022-01-14,959705
2022-01-15,819060
2022-01-16,768912
2022-01-17,963405
2022-01-18,906852
2022-01-19,940760
2022-01-20,944092
2022-01-21,1017544
2022-01-22,980566
2022-01-23,764279
2022-01-24,967257
2022-01-25,892344
2022-01-26,872302
2022-01-27,894323
2022-01-28,953545
2022-01-29,800040
2022-01-30,780477
2022-01-31,993797
2022-02-01,1058396
2022-02-02,954043
2022-02-03,931571
2022-02-04,885216
2022-02-05,951087
2022-02-06,891700
2022-02-07,927917
2022-02-08,1014770
2022-02-09,998247
2022-02-10,1029721
2022-02-11,987669
2022-02-12,1060262
2022-02-13,829229
2022-02-14,899786
2022-02-15,1013694
2022-02-16,925324
2022-02-17,931220
2022-02-18,940726
2022-02-19,839236
2022-02-20,741534
2022-02-21,886316
2022-02-22,886571
2022-02-23,859810
2022-02-24,958866
2022-02-25,936543
2022-02-26,818914
2022-02-27,768705
2022-02-28,981066
2022-03-01,1065354
2022-03-02,1091796
2022-03-03,1011448
2022-03-04,949176
2022-03-05,801293
2022-03-06,771254
2022-03-07,917289
2022-03-08,962840
2022-03-09,960901
2022-03-10,993366
2022-03-11,903967
2022-03-12,787792
2022-03-13,751546
2022-03-14,936153
2022-03-15,949102
2022-03-16,1014991
2022-03-17,1009859
2022-03-18,1004891
2022-03-19,864890
2022-03-20,780069
2022-03-21,941088
2022-03-22,920483
2022-03-23,972037
2022-03-24,966209
2022-03-25,1068732
2022-03-26,825356
2022-03-27,812882
2022-03-28,1029256
2022-03-29,972049
2022-03-30,940234
2022-03-31,979952
2022-04-01,1073859
2022-04-02,932911
2022-04-03,794992
2022-04-04,985718
2022-04-05,952254
2022-04-06,919776
2022-04-07,927811
2022-04-08,929602
2022-04-09,786423
2022-04-10,754197
2022-04-11,986075
2022-04-12,970523
2022-04-13,960119
2022-04-14,910470
2022-04-15,893942
2022-04-16,774863
2022-04-17,760823
2022-04-18,930250
2022-04-19,945444
2022-04-20,961981
2022-04-21,970130
2022-04-22,945273
2022-04-23,857006
2022-04-24,796298
2022-04-25,1003326
2022-04-26,965991
2022-04-27,967943
2022-04-28,1003139
2022-04-29,1059989
2022-04-30,944577
2022-05-01,834397
2022-05-02,966035
2022-05-03,956710
2022-05-04,862312
2022-05-05,1189734
2022-05-06,1086467
2022-05-07,837217
2022-05-08,813799
2022-05-09,1067791
2022-05-10,978190
2022-05-11,981424
2022-05-12,1058679
2022-05-13,1028898
2022-05-14,1101356
2022-05-15,1016251
2022-05-16,1094147
2022-05-17,1029420
2022-05-18,902599
2022-05-19,897588
2022-05-20,949339
2022-05-21,758937
2022-05-22,749577
2022-05-23,939531
2022-05-24,841611
2022-05-25,1016156
2022-05-26,894042
2022-05-27,942679
2022-05-28,783393
2022-05-29,751185
2022-05-30,925404
2022-05-31,998795
2022-06-01,962754
2022-06-02,945705
2022-06-03,932672
2022-06-04,776053
2022-06-05,721815
2022-06-06,952859
2022-06-07,941706
2022-06-08,888118
2022-06-09,914304
2022-06-10,900195
2022-06-11,831309
2022-06-12,762985
2022-06-13,1011323
2022-06-14,1075994
2022-06-15,1063571
2022-06-16,911369
2022-06-17,876153
2022-06-18,924686
2022-06-19,733337
2022-06-20,833932
2022-06-21,927938
2022-06-22,859651
2022-06-23,866807
2022-06-24,869532
2022-06-25,742895
2022-06-26,734812
2022-06-27,953524
2022-06-28,922274
2022-06-29,899514
2022-06-30,967680
2022-07-01,946760
2022-07-02,844916
2022-07-03,701943
2022-07-04,883632
2022-07-05,864471
2022-07-06,969280
2022-07-07,1007259
2022-07-08,936111
2022-07-09,773277
2022-07-10,705622
2022-07-11,839927
2022-07-12,943773
2022-07-13,815549
2022-07-14,983744
2022-07-15,943171
2022-07-16,771028
2022-07-17,723539
2022-07-18,887138
2022-07-19,994059
2022-07-20,905497
2022-07-21,964460
2022-07-22,848578
2022-07-23,755495
2022-07-24,736224
2022-07-25,892636
2022-07-26,945582
2022-07-27,916926
2022-07-28,1008866
2022-07-29,945142
2022-07-30,785742
2022-07-31,787873
2022-08-01,907238
2022-08-02,946865
2022-08-03,977386
2022-08-04,948545
2022-08-05,944004
2022-08-06,856759
2022-08-07,716918
2022-08-08,918162
2022-08-09,941249
2022-08-10,1035793
2022-08-11,1002846
2022-08-12,948381
2022-08-13,834925
2022-08-14,811197
2022-08-15,922140
2022-08-16,1020819
2022-08-17,915870
2022-08-18,1009836
2022-08-19,982140
2022-08-20,841648
2022-08-21,753797
2022-08-22,880923
2022-08-23,930754
2022-08-24,930584
2022-08-25,898274
2022-08-26,937226
2022-08-27,830874
2022-08-28,776186
2022-08-29,939245
2022-08-30,951380
2022-08-31,916812
2022-09-01,969786
2022-09-02,996822
2022-09-03,916603
2022-09-04,774639
2022-09-05,942780
2022-09-06,927513
2022-09-07,951645
2022-09-08,947648
2022-09-09,1021884
2022-09-10,873305
2022-09-11,871675
2022-09-12,989815
2022-09-13,948189
2022-09-14,977568
2022-09-15,953771
2022-09-16,933213
2022-09-17,918990
2022-09-18,775872
2022-09-19,912328
2022-09-20,952698
2022-09-21,918372
2022-09-22,860577
2022-09-23,968636
2022-09-24,799441
2022-09-25,781165
2022-09-26,938059
2022-09-27,966074
2022-09-28,849979
2022-09-29,874705
2022-09-30,1005499
2022-10-01,867330
2022-10-02,852250
2022-10-03,964012
2022-10-04,932869
2022-10-05,891063
2022-10-06,930050
2022-10-07,936123
2022-10-08,815047
2022-10-09,787417
2022-10-10,896218
2022-10-11,916599
2022-10-12,871140
2022-10-13,933599
2022-10-14,984001
2022-10-15,838678
2022-10-16,769067
2022-10-17,870371
2022-10-18,887194
2022-10-19,923688
2022-10-20,893489
2022-10-21,913925
2022-10-22,817446
2022-10-23,803523
2022-10-24,922514
2022-10-25,829386
2022-10-26,1051950
2022-10-27,895161
2022-10-28,925522
2022-10-29,871729
2022-10-30,830676
2022-10-31,980614
2022-11-01,955117
2022-11-02,869056
2022-11-03,1009478
2022-11-04,939102
2022-11-05,916525
2022-11-06,811578
2022-11-07,920253
2022-11-08,1051006
2022-11-09,1076579
2022-11-10,1056871
2022-11-11,964454
2022-11-12,942728
2022-11-13,895185
2022-11-14,954601
2022-11-15,986709
2022-11-16,944275
2022-11-17,902258
2022-11-18,955851
2022-11-19,1113245
2022-11-20,1013890
2022-11-21,974239
2022-11-22,931145
2022-11-23,1057775
2022-11-24,988182
2022-11-25,981465
2022-11-26,892687
2022-11-27,855437
2022-11-28,931505
2022-11-29,955669
2022-11-30,946754
2022-12-01,1030232
2022-12-02,970221
2022-12-03,938854
2022-12-04,842351
2022-12-05,960563
2022-12-06,941978
2022-12-07,899850
2022-12-08,905789
2022-12-09,946767
2022-12-10,909506
2022-12-11,781176
2022-12-12,905428
2022-12-13,974065
2022-12-14,930586
2022-12-15,897844
2022-12-16,893040
2022-12-17,967830
2022-12-18,783263
2022-12-19,971140
2022-12-20,950486
2022-12-21,905699
2022-12-22,908585
2022-12-23,891725
2022-12-24,758680
2022-12-25,731599
2022-12-26,787672
2022-12-27,867369
2022-12-28,904203
2022-12-29,945186
2022-12-30,1050756
2022-12-31,839910
2023-01-01,719716
2023-01-02,842261
2023-01-03,985169
2023-01-04,922281
2023-01-05,922508
2023-01-06,932794
2023-01-07,809225
2023-01-08,755503
2023-01-09,981056
2023-01-10,1146540
2023-01-11,944957
2023-01-12,1034292
2023-01-13,1072059
2023-01-14,965948
2023-01-15,807742
2023-01-16,966312
2023-01-17,988775
2023-01-18,942079
2023-01-19,926693
2023-01-20,933005
2023-01-21,906764
2023-01-22,863236
2023-01-23,933346
2023-01-24,908199
2023-01-25,912032
2023-01-26,892287
2023-01-27,929064
2023-01-28,857014
2023-01-29,829895
2023-01-30,957363
2023-01-31,944348
2023-02-01,1050528
2023-02-02,983946
2023-02-03,988867
2023-02-04,961115
2023-02-05,802171
2023-02-06,920525
2023-02-07,944049
2023-02-08,942153
2023-02-09,1056974
2023-02-10,923753
2023-02-11,896301
2023-02-12,861493
2023-02-13,957593
2023-02-14,913570
2023-02-15,993456
2023-02-16,1118226
2023-02-17,1050009
2023-02-18,1046593
2023-02-19,928713
2023-02-20,908106
2023-02-21,1012926
2023-02-22,931144
2023-02-23,1071298
2023-02-24,964247
2023-02-25,811239
2023-02-26,905055
2023-02-27,982682
2023-02-28,983627
2023-03-01,1076257
2023-03-02,939444
2023-03-03,1086253
2023-03-04,905589
2023-03-05,995537
2023-03-06,931807
2023-03-07,1063023
2023-03-08,885079
2023-03-09,929904
2023-03-10,979055
2023-03-11,982511
2023-03-12,886609
2023-03-13,999918
2023-03-14,1024780
2023-03-15,1006730
2023-03-16,879957
2023-03-17,1085422
2023-03-18,955447
2023-03-19,845573
2023-03-20,1014355
2023-03-21,990544
2023-03-22,940276
2023-03-23,902932
2023-03-24,893101
2023-03-25,898042
2023-03-26,851151
2023-03-27,1057595
2023-03-28,982699
2023-03-29,977852
2023-03-30,1021839
2023-03-31,1043754
2023-04-01,1038858
2023-04-02,1012005
2023-04-03,985157
2023-04-04,1108155
2023-04-05,964688
2023-04-06,1022873
2023-04-07,956362
2023-04-08,885739
2023-04-09,936112
2023-04-10,947327
2023-04-11,1146146
2023-04-12,1056542
2023-04-13,1009669
2023-04-14,1016042
2023-04-15,1045660
2023-04-16,840992
2023-04-17,984242
2023-04-18,1149264
2023-04-19,985732
2023-04-20,951443
2023-04-21,1015546
2023-04-22,914896
2023-04-23,840711
2023-04-24,998948
2023-04-25,895988
2023-04-26,893248
2023-04-27,892914
2023-04-28,957827
2023-04-29,803633
2023-04-30,767567
2023-05-01,929691
2023-05-02,820724
2023-05-03,953701
2023-05-04,914598
2023-05-05,822037
2023-05-06,764917
2023-05-07,549932
2023-05-08,696710
2023-05-09,772112
2023-05-10,891517
2023-05-11,831417
2023-05-12,809188
2023-05-13,705679
2023-05-14,835319
2023-05-15,817441
2023-05-16,814467
2023-05-17,841652
2023-05-18,814709
2023-05-19,904374
2023-05-20,719434
2023-05-21,775828
2023-05-22,817592
2023-05-23,859507
2023-05-24,859470
2023-05-25,923963
2023-05-26,963216
2023-05-27,877266
2023-05-28,863880
2023-05-29,912071
2023-05-30,959148
2023-05-31,925966
2023-06-01,919298
2023-06-02,982760
2023-06-03,873884
2023-06-04,879948
2023-06-05,884289
2023-06-06,1032895
2023-06-07,1004588
2023-06-08,964762
2023-06-09,1020140
2023-06-10,943047
2023-06-11,872589
2023-06-12,985947
2023-06-13,933842
2023-06-14,828183
2023-06-15,919869
2023-06-16,958674
2023-06-17,863600
2023-06-18,883864
2023-06-19,920552
2023-06-20,951926
2023-06-21,920555
2023-06-22,1000988
2023-06-23,948738
2023-06-24,1011110
2023-06-25,944147
2023-06-26,998904
2023-06-27,978594
2023-06-28,826245
2023-06-29,970467
2023-06-30,1067040
2023-07-01,918349
2023-07-02,997177
2023-07-03,977874
2023-07-04,963366
2023-07-05,964759
2023-07-06,973154
2023-07-07,1021136
2023-07-08,1009931
2023-07-09,978223
2023-07-10,925790
2023-07-11,937945
2023-07-12,942309
2023-07-13,874515
2023-07-14,996373
2023-07-15,914738
2023-07-16,927843
2023-07-17,931087
2023-07-18,1028951
2023-07-19,969285
2023-07-20,901211
2023-07-21,855163
2023-07-22,923147
2023-07-23,894084
2023-07-24,938461
2023-07-25,940528
2023-07-26,1015337
2023-07-27,943734
2023-07-28,948590
2023-07-29,889450
2023-07-30,1010937
2023-07-31,922082
2023-08-01,983005
2023-08-02,1069904
2023-08-03,1030326
2023-08-04,912508
2023-08-05,992041
2023-08-06,973822
2023-08-07,952272
2023-08-08,874562
2023-08-09,1057273
2023-08-10,947623
2023-08-11,954168
2023-08-12,926800
2023-08-13,860881
2023-08-14,1007719
2023-08-15,1073564
2023-08-16,947796
2023-08-17,1050502
2023-08-18,1016460
2023-08-19,878361
2023-08-20,929724
2023-08-21,1002377
2023-08-22,922178
2023-08-23,937656
2023-08-24,946410
2023-08-25,922155
2023-08-26,917123
2023-08-27,808508
2023-08-28,873786
2023-08-29,1060996
2023-08-30,877649
2023-08-31,968985
2023-09-01,1051172
2023-09-02,955720
2023-09-03,864433
2023-09-04,920027
2023-09-05,940913
2023-09-06,1001123
2023-09-07,1003310
2023-09-08,986937
2023-09-09,1116330
2023-09-10,1049360
2023-09-11,1120614
2023-09-12,1042537
2023-09-13,1049105
2023-09-14,1131002
2023-09-15,1234300
2023-09-16,1053706
2023-09-17,1039207
2023-09-18,1125172
2023-09-19,1035954
2023-09-20,1062056
2023-09-21,1078476
2023-09-22,978848
2023-09-23,1090192
2023-09-24,1061159
2023-09-25,1104115
2023-09-26,1027673
2023-09-27,1072094
2023-09-28,1045920
2023-09-29,1050872
2023-09-30,1019753
2023-10-01,921731
2023-10-02,1027085
2023-10-03,1077556
2023-10-04,904067
2023-10-05,946720
2023-10-06,915218
2023-10-07,853582
2023-10-08,786381
2023-10-09,942188
2023-10-10,903210
2023-10-11,867301
2023-10-12,911879
2023-10-13,917035
2023-10-14,806946
2023-10-15,795940
2023-10-16,1018543
2023-10-17,917408
2023-10-18,932487
2023-10-19,918882
2023-10-20,952627
2023-10-21,871252
2023-10-22,795000
2023-10-23,1071672
2023-10-24,1021188
2023-10-25,1090466
2023-10-26,1099370
2023-10-27,1052994
2023-10-28,1018571
2023-10-29,909920
2023-10-30,1097494
2023-10-31,1044499
2023-11-01,1053031
2023-11-02,1062991
2023-11-03,990903
2023-11-04,1118816
2023-11-05,1144443
2023-11-06,993108
2023-11-07,961106
2023-11-08,1004807
2023-11-09,989778
2023-11-10,1127201
2023-11-11,1073475
2023-11-12,1008655
2023-11-13,963722
2023-11-14,957065
2023-11-15,961281
2023-11-16,933700
2023-11-17,1014052
2023-11-18,860889
2023-11-19,962703
2023-11-20,1064908
2023-11-21,1007505
2023-11-22,979014
2023-11-23,970303
2023-11-24,1136807
2023-11-25,1032695
2023-11-26,983533
2023-11-27,981736
2023-11-28,996007
2023-11-29,915309
2023-11-30,958958
2023-12-01,1131524
2023-12-02,860355
2023-12-03,919493
2023-12-04,1034656
2023-12-05,867570
2023-12-06,867353
2023-12-07,898183
2023-12-08,924415
2023-12-09,927620
2023-12-10,848613
2023-12-11,1010741
2023-12-12,886419
2023-12-13,742559
2023-12-14,711343
2023-12-15,860116
2023-12-16,724669
2023-12-17,703993
2023-12-18,928612
2023-12-19,817240
2023-12-20,787679
2023-12-21,815395
2023-12-22,1012121
2023-12-23,893092
2023-12-24,880971
2023-12-25,702609
2023-12-26,742922
2023-12-27,776011
2023-12-28,848615
2023-12-29,910761
2023-12-30,787521
2023-12-31,791644
2024-01-01,827239
2024-01-02,867688
2024-01-03,940343
2024-01-04,1010934
2024-01-05,813324
2024-01-06,808917
2024-01-07,713381
2024-01-08,756849
2024-01-09,902934
2024-01-10,839431
2024-01-11,960999
2024-01-12,987727
2024-01-13,845713
2024-01-14,722721
2024-01-15,786699
2024-01-16,782242
2024-01-17,809220
2024-01-18,897358
2024-01-19,806018
2024-01-20,817313
2024-01-21,767739
2024-01-22,951076
2024-01-23,865990
2024-01-24,899326
2024-01-25,1101397
2024-01-26,892906
2024-01-27,965883
2024-01-28,898096
2024-01-29,959589
2024-01-30,907924
2024-01-31,870798
2024-02-01,933880
2024-02-02,932903
2024-02-03,820828
2024-02-04,802004
2024-02-05,852467
2024-02-06,865722
2024-02-07,901234
2024-02-08,818130
2024-02-09,950564
2024-02-10,963958
2024-02-11,840255
2024-02-12,1013562
2024-02-13,843469
2024-02-14,803805
2024-02-15,892019
2024-02-16,836256
2024-02-17,850883
2024-02-18,748090
2024-02-19,867774
2024-02-20,866223
2024-02-21,821320
2024-02-22,855859
2024-02-23,938307
2024-02-24,819174
2024-02-25,894568
2024-02-26,887140
2024-02-27,917983
2024-02-28,1054242
2024-02-29,989364
2024-03-01,1058499
2024-03-02,843207
2024-03-03,868123
2024-03-04,889591
2024-03-05,1163884
2024-03-06,922558
2024-03-07,1034779
2024-03-08,947450
2024-03-09,915625
2024-03-10,862638
2024-03-11,1150718
2024-03-12,1016389
2024-03-13,1093495
2024-03-14,1000634
2024-03-15,963220
2024-03-16,916345
2024-03-17,861558
2024-03-18,910571
2024-03-19,974102
2024-03-20,942142
2024-03-21,819742
2024-03-22,915500
2024-03-23,908728
2024-03-24,918817
2024-03-25,918815
2024-03-26,851577
2024-03-27,865580
2024-03-28,942681
2024-03-29,847610
2024-03-30,826192
2024-03-31,691124
2024-04-01,970510
2024-04-02,953501
2024-04-03,965290
2024-04-04,978380
2024-04-05,950040
2024-04-06,907389
2024-04-07,833045
2024-04-08,896193
2024-04-09,890535
2024-04-10,846297
2024-04-11,748021
2024-04-12,832502
2024-04-13,869723
2024-04-14,839158
2024-04-15,813736
2024-04-16,941086
2024-04-17,794595
2024-04-18,823945
2024-04-19,880733
2024-04-20,509709
2024-04-21,565959
2024-04-22,659537
2024-04-23,547174
2024-04-24,835569
2024-04-25,818807
2024-04-26,847289
2024-04-27,856864
2024-04-28,707117
2024-04-29,856192
2024-04-30,827915
2024-05-01,781183
2024-05-02,744998
2024-05-03,731936
2024-05-04,613171
2024-05-05,573428
2024-05-06,670316
2024-05-07,702887
2024-05-08,697417
2024-05-09,671205
2024-05-10,606931
2024-05-11,612137
2024-05-12,573640
2024-05-13,746125
2024-05-14,686207
2024-05-15,714393
2024-05-16,689540
2024-05-17,743911
2024-05-18,650957
2024-05-19,637953
2024-05-20,706063
2024-05-21,746087
2024-05-22,709347
2024-05-23,728396
2024-05-24,663534
2024-05-25,591356
2024-05-26,538911
2024-05-27,612909
2024-05-28,653177
2024-05-29,559784
2024-05-30,649063
2024-05-31,656289
2024-06-01,570980
2024-06-02,536181
2024-06-03,689745
2024-06-04,637180
2024-06-05,592424
2024-06-06,624088
2024-06-07,583336
2024-06-08,772154
2024-06-09,609844
2024-06-10,684041
2024-06-11,684207
2024-06-12,677849
2024-06-13,613255
2024-06-14,606488
2024-06-15,635369
2024-06-16,735939
2024-06-17,724644
2024-06-18,733498
2024-06-19,622245
2024-06-20,661281
2024-06-21,719280
2024-06-22,639305
2024-06-23,511478
2024-06-24,756391
2024-06-25,631668
2024-06-26,659381
2024-06-27,741302
2024-06-28,752964
2024-06-29,720705
2024-06-30,653363
2024-07-01,907181
2024-07-02,750376
2024-07-03,769767
2024-07-04,715636
2024-07-05,694964
2024-07-06,720587
2024-07-07,594423
2024-07-08,798942
2024-07-09,762581
2024-07-10,646708
2024-07-11,646553
2024-07-12,708446
2024-07-13,601071
2024-07-14,751254
2024-07-15,787506
2024-07-16,746639
2024-07-17,729938
2024-07-18,764574
2024-07-19,755308
2024-07-20,673407
2024-07-21,607493
2024-07-22,749350
2024-07-23,671794
2024-07-24,681137
2024-07-25,713877
2024-07-26,715636
2024-07-27,694649
2024-07-28,578686
2024-07-29,794379
2024-07-30,673555
2024-07-31,740485
2024-08-01,772675
2024-08-02,764749
2024-08-03,692352
2024-08-04,668340
2024-08-05,817104
2024-08-06,729981
2024-08-07,714826
2024-08-08,722252
2024-08-09,705635
2024-08-10,594175
2024-08-11,630696
2024-08-12,714520
2024-08-13,706882
2024-08-14,662757
2024-08-15,715632
2024-08-16,700335
2024-08-17,612305
2024-08-18,588717
2024-08-19,687027
2024-08-20,696903
2024-08-21,711700
2024-08-22,719227
2024-08-23,694990
2024-08-24,611271
2024-08-25,539499
2024-08-26,656542
2024-08-27,685194
2024-08-28,740845
2024-08-29,723280
2024-08-30,826297
2024-08-31,670825
2024-09-01,660770
2024-09-02,717673
2024-09-03,699302
2024-09-04,699461
2024-09-05,734546
2024-09-06,726287
2024-09-07,606660
2024-09-08,596940
2024-09-09,736827
2024-09-10,733172
2024-09-11,662704
2024-09-12,775748
2024-09-13,794367
2024-09-14,688474
2024-09-15,643849
2024-09-16,746172
2024-09-17,732953
2024-09-18,720313
2024-09-19,746741
2024-09-20,822445
2024-09-21,665209
2024-09-22,595289
2024-09-23,796781
2024-09-24,749184
2024-09-25,713234
2024-09-26,721855
2024-09-27,751618
2024-09-28,649697
2024-09-29,680061
2024-09-30,732082
2024-10-01,863700
2024-10-02,711643
2024-10-03,737116
2024-10-04,784413
2024-10-05,608641
2024-10-06,610738
2024-10-07,719501
2024-10-08,822783
2024-10-09,668278
2024-10-10,679738
2024-10-11,718986
2024-10-12,606243
2024-10-13,609844
2024-10-14,722649
2024-10-15,787245
2024-10-16,614677
2024-10-17,765780
2024-10-18,723986
2024-10-19,685573
2024-10-20,688498
2024-10-21,717571
2024-10-22,639877
2024-10-23,740774
2024-10-24,656927
2024-10-25,859095
2024-10-26,727063
2024-10-27,654362
2024-10-28,756668
2024-10-29,831182
2024-10-30,794409
2024-10-31,789382
2024-11-01,819093
2024-11-02,690705
2024-11-03,627617
2024-11-04,811710
2024-11-05,768957
2024-11-06,894241
2024-11-07,792482
2024-11-08,848426
2024-11-09,654475
2024-11-10,793243
2024-11-11,941403
2024-11-12,1007782
2024-11-13,859128
2024-11-14,839766
2024-11-15,886479
2024-11-16,802492
2024-11-17,717710
2024-11-18,796834
2024-11-19,757888
2024-11-20,750264
2024-11-21,977195
2024-11-22,902930
2024-11-23,877099
2024-11-24,790852
2024-11-25,956417
2024-11-26,790710
2024-11-27,800136
2024-11-28,754947
2024-11-29,767132
2024-11-30,828664
2024-12-01,739652
2024-12-02,925715
2024-12-03,918415
2024-12-04,887569
2024-12-05,968792
2024-12-06,872253
2024-12-07,798958
2024-12-08,851865
2024-12-09,915304
2024-12-10,985635
2024-12-11,858578
2024-12-12,883811
2024-12-13,936834
2024-12-14,774578
2024-12-15,789756
2024-12-16,952348
2024-12-17,829977
2024-12-18,890898
2024-12-19,861604
2024-12-20,882836
2024-12-21,744752
2024-12-22,758970
2024-12-23,804969
2024-12-24,763920
2024-12-25,702219
2024-12-26,739743
2024-12-27,846364
2024-12-28,704798
2024-12-29,727603
2024-12-30,812462
2024-12-31,780332
2025-01-01,661798
2025-01-02,806065
2025-01-03,774077
2025-01-04,699568
2025-01-05,672568
2025-01-06,765227
2025-01-07,780759
2025-01-08,739012
2025-01-09,742304
2025-01-10,797315
2025-01-11,680515
2025-01-12,706797
2025-01-13,730319
2025-01-14,790420
2025-01-15,804761
2025-01-16,787871
2025-01-17,844973
2025-01-18,730835
2025-01-19,777201
2025-01-20,852334
2025-01-21,864025
2025-01-22,830610
2025-01-23,797154
2025-01-24,778133
2025-01-25,674223
2025-01-26,652111
2025-01-27,800741
2025-01-28,754559
2025-01-29,732357
2025-01-30,768553
2025-01-31,767144
2025-02-01,732561
2025-02-02,762118
2025-02-03,872269
2025-02-04,807567
2025-02-05,755489
2025-02-06,753978
2025-02-07,753607
2025-02-08,655694
2025-02-09,630935
2025-02-10,784554
2025-02-11,778968
2025-02-12,713585
2025-02-13,752473
2025-02-14,734111
2025-02-15,651702
2025-02-16,607272
2025-02-17,722465
2025-02-18,752996
2025-02-19,680832
2025-02-20,692965
2025-02-21,718521
2025-02-22,629577
2025-02-23,515136
2025-02-24,713984
2025-02-25,837361
2025-02-26,827083
2025-02-27,890859
2025-02-28,915297
2025-03-01,796043
2025-03-02,691454
2025-03-03,804674
2025-03-04,752956
2025-03-05,735786
2025-03-06,825264
2025-03-07,863520
2025-03-08,673352
2025-03-09,664954
2025-03-10,800739
2025-03-11,782819
2025-03-12,745460
2025-03-13,764889
2025-03-14,779781
2025-03-15,663845
2025-03-16,682615
2025-03-17,777796
2025-03-18,728748
2025-03-19,757656
2025-03-20,813034
2025-03-21,769088
2025-03-22,644074
2025-03-23,610837
2025-03-24,809888
2025-03-25,725387
2025-03-26,759292
2025-03-27,778898
2025-03-28,830965
2025-03-29,665765
2025-03-30,611195
2025-03-31,770064
2025-04-01,807365
2025-04-02,769838
2025-04-03,792583
2025-04-04,820433
2025-04-05,736838
2025-04-06,645459
2025-04-07,791618
2025-04-08,736263
2025-04-09,743091
2025-04-10,745006
2025-04-11,762968
2025-04-12,651244
2025-04-13,599557
2025-04-14,731158
2025-04-15,764894
2025-04-16,715957
2025-04-17,734302
2025-04-18,669757
2025-04-19,618431
2025-04-20,563502
2025-04-21,680575
2025-04-22,792265
2025-04-23,716670
2025-04-24,771761
2025-04-25,818112
2025-04-26,636351
2025-04-27,614897
2025-04-28,801464
2025-04-29,738376
2025-04-30,797218
2025-05-01,783416
2025-05-02,931165
2025-05-03,686500
2025-05-04,613491
2025-05-05,758965
2025-05-06,787857
2025-05-07,846613
2025-05-08,852697
2025-05-09,863281
2025-05-10,664831
2025-05-11,615305
2025-05-12,758453
2025-05-13,808191
2025-05-14,790244
2025-05-15,754318
2025-05-16,829195
2025-05-17,740377
2025-05-18,601421
2025-05-19,718046
2025-05-20,739140
2025-05-21,796779
2025-05-22,868642
2025-05-23,809410
2025-05-24,644711
2025-05-25,625162
2025-05-26,745729
2025-05-27,706571
2025-05-28,782052
2025-05-29,765279
2025-05-30,834229
2025-05-31,711975
2025-06-01,689965
2025-06-02,771787
2025-06-03,864048
2025-06-04,720304
2025-06-05,781431
2025-06-06,781673
2025-06-07,653737
2025-06-08,611460
2025-06-09,744523
2025-06-10,824315
2025-06-11,755087
2025-06-12,780705
2025-06-13,811764
2025-06-14,631338
2025-06-15,599893
2025-06-16,722329
2025-06-17,712578
2025-06-18,751671
2025-06-19,716269
2025-06-20,778947
2025-06-21,658427
2025-06-22,595271
2025-06-23,691705
2025-06-24,757208
2025-06-25,748961
2025-06-26,764181
2025-06-27,731987
2025-06-28,636115
2025-06-29,545712
2025-06-30,759866
2025-07-01,796482
2025-07-02,794995
2025-07-03,798168
2025-07-04,693948
2025-07-05,561792
2025-07-06,613042
2025-07-07,686261
2025-07-08,795709
2025-07-09,779022
2025-07-10,829216
2025-07-11,845548
2025-07-12,673470
2025-07-13,655163
2025-07-14,797345
2025-07-15,753728
2025-07-16,735726
2025-07-17,811618
2025-07-18,757713
2025-07-19,655287
2025-07-20,625098
2025-07-21,733805
2025-07-22,730808
2025-07-23,738717
2025-07-24,719805
2025-07-25,749904
2025-07-26,652309
2025-07-27,615345
2025-07-28,728095
2025-07-29,715626
2025-07-30,733090
2025-07-31,752871
2025-08-01,838177
2025-08-02,693800
2025-08-03,621756
2025-08-04,728238
2025-08-05,798131
2025-08-06,838450
2025-08-07,810557
2025-08-08,960615
2025-08-09,767705
2025-08-10,651290
2025-08-11,760684
2025-08-12,721420
2025-08-13,753168
2025-08-14,803997
2025-08-15,734665
2025-08-16,642573
2025-08-17,569807
2025-08-18,701698
2025-08-19,670399
2025-08-20,726389
2025-08-21,702511
2025-08-22,767825
2025-08-23,662164
2025-08-24,610390
2025-08-25,705894
2025-08-26,710999
2025-08-27,703023
2025-08-28,696912
2025-08-29,777455
2025-08-30,633372
2025-08-31,579281
2025-09-01,724476
2025-09-02,741440
2025-09-03,757257
2025-09-04,768977
2025-09-05,811569
2025-09-06,613246
2025-09-07,594567
2025-09-08,732824
2025-09-09,725526
2025-09-10,687721
2025-09-11,722040
2025-09-12,721666
2025-09-13,684987
2025-09-14,646063
2025-09-15,773239
2025-09-16,747555
2025-09-17,698218
2025-09-18,729042
2025-09-19,759748
2025-09-20,711626
2025-09-21,660574
2025-09-22,747221
2025-09-23,674195
2025-09-24,682109
2025-09-25,741811
2025-09-26,728767
2025-09-27,635310
2025-09-28,652543
2025-09-29,740289
2025-09-30,745290
2025-10-01,885196
2025-10-02,804780
2025-10-03,797887
2025-10-04,743257
2025-10-05,677933
2025-10-06,768110
2025-10-07,767705
2025-10-08,759929
2025-10-09,719972
2025-10-10,745662
2025-10-11,718136
2025-10-12,695884
2025-10-13,680803
2025-10-14,706371
2025-10-15,695775
2025-10-16,740169
2025-10-17,772447
2025-10-18,608801
2025-10-19,595209
2025-10-20,679663
2025-10-21,733522
2025-10-22,695833
2025-10-23,679681
2025-10-24,734616
2025-10-25,595504
2025-10-26,584836
2025-10-27,726782
2025-10-28,693980
2025-10-29,667087
2025-10-30,708971
2025-10-31,723709
2025-11-01,683092
2025-11-02,575622
2025-11-03,772175
2025-11-04,779122
2025-11-05,747953
2025-11-06,737224
2025-11-07,752529
2025-11-08,622449
2025-11-09,607063
2025-11-10,723219
2025-11-11,717240
2025-11-12,666761
2025-11-13,715565
2025-11-14,804891
2025-11-15,735457
2025-11-16,599175
2025-11-17,722706
2025-11-18,783873
2025-11-19,740835
2025-11-20,712914
2025-11-21,798210
2025-11-22,653472
2025-11-23,587259
2025-11-24,672046
2025-11-25,673473
2025-11-26,719513
2025-11-27,675201
2025-11-28,703533
2025-11-29,630159
2025-11-30,601718
2025-12-01,737081
2025-12-02,743961
2025-12-03,716757
2025-12-04,693069
2025-12-05,712886
2025-12-06,615281
2025-12-07,545020
2025-12-08,666566
2025-12-09,668386
2025-12-10,689654
2025-12-11,656012
2025-12-12,761375
2025-12-13,601306
2025-12-14,564048
2025-12-15,663223
2025-12-16,696716
2025-12-17,675987
2025-12-18,725880
2025-12-19,735738
2025-12-20,613352
2025-12-21,565021
2025-12-22,667969
2025-12-23,672116
2025-12-24,667297
2025-12-25,562104
2025-12-26,613757
2025-12-27,569638
2025-12-28,572908
2025-12-29,693511
2025-12-30,749500
2025-12-31,697063
2026-01-01,570904
2026-01-02,702623
2026-01-03,618923
2026-01-04,629824
2026-01-05,687169
2026-01-06,698247
2026-01-07,644966
2026-01-08,631893
2026-01-09,664665
2026-01-10,608784
2026-01-11,536405
2026-01-12,638422
2026-01-13,701272
2026-01-14,707589
2026-01-15,717904
2026-01-16,692686
2026-01-17,572689
2026-01-18,567075
2026-01-19,623139
2026-01-20,640908
2026-01-21,698736
2026-01-22,612517
2026-01-23,664123
2026-01-24,562317
2026-01-25,555249
2026-01-26,635513
2026-01-27,624246
2026-01-28,631786
2026-01-29,681624
2026-01-30,733411
2026-01-31,702918
2026-02-01,613261
2026-02-02,734473
2026-02-03,741467
2026-02-04,704812
2026-02-05,865167
2026-02-06,856992
2026-02-07,645574
2026-02-08,555675
2026-02-09,682068
2026-02-10,624916
2026-02-11,659141
2026-02-12,653355
2026-02-13,684978
2026-02-14,583422
2026-02-15,532309
2026-02-16,592609
2026-02-17,595445
2026-02-18,595919
2026-02-19,616639
2026-02-20,662947
2026-02-21,579813
2026-02-22,525709
2026-02-23,684644
2026-02-24,661423
2026-02-25,650235
2026-02-26,693519
2026-02-27,704075
2026-02-28,640533
2026-03-01,602506
2026-03-02,690831
2026-03-03,652464
2026-03-04,697294
2026-03-05,686708
2026-03-06,672019
2026-03-07,592224
2026-03-08,523172
2026-03-09,627803
2026-03-10,649875
2026-03-11,629140
2026-03-12,640192
2026-03-13,676568
2026-03-14,557544
2026-03-15,534462
2026-03-16,701802
2026-03-17,679525
2026-03-18,625137
2026-03-19,603884
2026-03-20,656663
2026-03-21,586709
2026-03-22,545348
2026-03-23,640101
2026-03-24,587472
2026-03-25,657017
2026-03-26,623105
2026-03-27,640242
2026-03-28,555352
2026-03-29,513446
2026-03-30,631420
2026-03-31,630351
2026-04-01,697142
2026-04-02,653581
2026-04-03,647348
2026-04-04,546885
2026-04-05,496633
2026-04-06,608673
2026-04-07,640745
2026-04-08,632101
2026-04-09,627910
2026-04-10,655019
2026-04-11,567547
2026-04-12,523902
2026-04-13,631173
2026-04-14,648935
2026-04-15,648996
2026-04-16,642428
2026-04-17,666008
2026-04-18,571160
2026-04-19,510705
2026-04-20,630657
2026-04-21,627674
2026-04-22,658718
2026-04-23,624801
2026-04-24,669638
2026-04-25,548575
2026-04-26,527244
2026-04-27,639267
2026-04-28,624691
2026-04-29,631076
2026-04-30,685346
2026-05-01,751425
2026-05-02,620486
2026-05-03,583469
2026-05-04,722079
2026-05-05,721256
2026-05-06,727700
2026-05-07,759390
2026-05-08,677277
2026-05-09,818423
2026-05-10,525874
2026-05-11,615823
2026-05-12,612683
2026-05-13,643577
2026-05-14,633568
2026-05-15,669184
2026-05-16,572496
2026-05-17,564015
2026-05-18,639384
2026-05-19,631608
2026-05-20,648310
2026-05-21,630942
2026-05-22,671333
2026-05-23,573855
2026-05-24,488204
2026-05-25,608973
2026-05-26,625482
2026-05-27,608435
2026-05-28,622022
2026-05-29,669839
2026-05-30,573532
2026-05-31,535317
2026-06-01,703973
2026-06-02,652731
2026-06-03,677654
2026-06-04,705263
2026-06-05,724204
2026-06-06,617500
2026-06-07,523362
2026-06-08,623204
2026-06-09,595000
2026-06-10,618722
2026-06-11,639861
2026-06-12,688598
2026-06-13,547731
2026-06-14,534169
2026-06-15,663373
2026-06-16,642395
2026-06-17,619157
2026-06-18,654630
2026-06-19,611813
2026-06-20,541078
2026-06-21,514984
2026-06-22,601216
2026-06-23,620829
2026-06-24,629642
2026-06-25,683523
2026-06-26,662457
2026-06-27,592251
2026-06-28,537835
2026-06-29,659557
2026-06-30,722749
2026-07-01,742127
2026-07-02,702851
2026-07-03,698135
2026-07-04,550009
2026-07-05,501335
2026-07-06,613733
2026-07-07,641947
2026-07-08,611138
2026-07-09,619969
2026-07-10,634002
2026-07-11,557508
2026-07-12,490823
2026-07-13,624343
2026-07-14,639375
2026-07-15,638699
2026-07-16,621188
2026-07-17,629901
2026-07-18,579482
2026-07-19,517259
2026-07-20,612420
2026-07-21,634153
2026-07-22,624603
2026-07-23,628670
2026-07-24,689082
2026-07-25,564960
2026-07-26,569782
2026-07-27,635071
2026-07-28,628552
2026-07-29,604146
2026-07-30,666081
2026-07-31,967546
2026-08-01,806292
2026-08-02,653981
2026-08-03,741819
2026-08-04,684692
2026-08-05,730433
2026-08-06,678177
2026-08-07,709925
2026-08-08,621521
2026-08-09,520129
2026-08-10,650586
2026-08-11,609039
2026-08-12,646051
2026-08-13,650606
2026-08-14,660290
2026-08-15,564175
2026-08-16,541863
2026-08-17,680154
2026-08-18,642144
2026-08-19,649780
2026-08-20,721893
2026-08-21,779671
2026-08-22,634723
2026-08-23,534757
2026-08-24,663383
2026-08-25,673531
2026-08-26,647067
2026-08-27,656799
2026-08-28,676953
2026-08-29,567148
2026-08-30,543695
2026-08-31,665835
2026-09-01,677321
2026-09-02,659394
2026-09-03,671828
2026-09-04,707560
2026-09-05,580706
2026-09-06,550647
2026-09-07,599773
2026-09-08,604102
