date,value
2009-01-09,0
2009-01-10,0
2009-01-11,0
2009-01-12,0
2009-01-13,0
2009-01-14,0
2009-01-15,0
2009-01-16,0
2009-01-17,0
2009-01-18,0
2009-01-19,0
2009-01-20,0
2009-01-21,0
2009-01-22,0
2009-01-23,0
2009-01-24,0
2009-01-25,0
2009-01-26,0
2009-01-27,0
2009-01-28,0
2009-01-29,0
2009-01-30,0
2009-01-31,0
2009-02-01,0
2009-02-02,0
2009-02-03,0
2009-02-04,0
2009-02-05,0
2009-02-06,0
2009-02-07,0
2009-02-08,0
2009-02-09,0
2009-02-10,0
2009-02-11,0
2009-02-12,0
2009-02-13,0
2009-02-14,0
2009-02-15,0
2009-02-16,0
2009-02-17,0
2009-02-18,0
2009-02-19,0
2009-02-20,0
2009-02-21,0
2009-02-22,0
2009-02-23,0
2009-02-24,0
2009-02-25,0
2009-02-26,0
2009-02-27,0
2009-02-28,0
2009-03-01,0
2009-03-02,0
2009-03-03,0
2009-03-04,0
2009-03-05,0
2009-03-06,0
2009-03-07,0
2009-03-08,0
2009-03-09,0
2009-03-10,0
2009-03-11,0
2009-03-12,0
2009-03-13,0
2009-03-14,0
2009-03-15,0
2009-03-16,0
2009-03-17,0
2009-03-18,0
2009-03-19,0
2009-03-20,0
2009-03-21,0
2009-03-22,0
2009-03-23,0
2009-03-24,0
2009-03-25,0
2009-03-26,0
2009-03-27,0
2009-03-28,0
2009-03-29,0
2009-03-30,0
2009-03-31,0
2009-04-01,0
2009-04-02,0
2009-04-03,0
2009-04-04,0
2009-04-05,0
2009-04-06,0
2009-04-07,0
2009-04-08,0
2009-04-09,0
2009-04-10,0
2009-04-11,0
2009-04-12,0
2009-04-13,0
2009-04-14,0
2009-04-15,0
2009-04-16,0
2009-04-17,0
2009-04-18,0
2009-04-19,0
2009-04-20,0
2009-04-21,0
2009-04-22,0
2009-04-23,0
2009-04-24,0
2009-04-25,0
2009-04-26,0
2009-04-27,0
2009-04-28,0
2009-04-29,0
2009-04-30,0
2009-05-01,0
2009-05-02,0
2009-05-03,0
2009-05-04,0
2009-05-05,0
2009-05-06,0
2009-05-07,0
2009-05-08,0
2009-05-09,0
2009-05-10,0
2009-05-11,0
2009-05-12,0
2009-05-13,0
2009-05-14,0
2009-05-15,0
2009-05-16,0
2009-05-17,0
2009-05-18,0
2009-05-19,0
2009-05-20,0
2009-05-21,0
2009-05-22,0
2009-05-23,0
2009-05-24,0
2009-05-25,0
2009-05-26,0
2009-05-27,0
2009-05-28,0
2009-05-29,0
2009-05-30,0
2009-05-31,0
2009-06-01,0
2009-06-02,0
2009-06-03,0
2009-06-04,0
2009-06-05,0
2009-06-06,0
2009-06-07,0
2009-06-08,0
2009-06-09,0
2009-06-10,0
2009-06-11,0
2009-06-12,0
2009-06-13,0
2009-06-14,0
2009-06-15,0
2009-06-16,0
2009-06-17,0
2009-06-18,0
2009-06-19,0
2009-06-20,0
2009-06-21,0
2009-06-22,0
2009-06-23,0
2009-06-24,0
2009-06-25,0
2009-06-26,0
2009-06-27,0
2009-06-28,0
2009-06-29,0
2009-06-30,0
2009-07-01,0
2009-07-02,0
2009-07-03,0
2009-07-04,0
2009-07-05,0
2009-07-06,0
2009-07-07,0
2009-07-08,0
2009-07-09,0
2009-07-10,0
2009-07-11,0
2009-07-12,0
2009-07-13,0
2009-07-14,0
2009-07-15,0
2009-07-16,0
2009-07-17,0
2009-07-18,0
2009-07-19,0
2009-07-20,0
2009-07-21,0
2009-07-22,0
2009-07-23,0
2009-07-24,0
2009-07-25,0
2009-07-26,0
2009-07-27,0
2009-07-28,0
2009-07-29,0
2009-07-30,0
2009-07-31,0
2009-08-01,0
2009-08-02,0
2009-08-03,0
2009-08-04,0
2009-08-05,0
2009-08-06,0
2009-08-07,0
2009-08-08,0
2009-08-09,0
2009-08-10,0
2009-08-11,0
2009-08-12,0
2009-08-13,0
2009-08-14,0
2009-08-15,0
2009-08-16,0
2009-08-17,0
2009-08-18,0
2009-08-19,0
2009-08-20,0
2009-08-21,0
2009-08-22,0
2009-08-23,0
2009-08-24,0
2009-08-25,0
2009-08-26,0
2009-08-27,0
2009-08-28,0
2009-08-29,0
2009-08-30,0
2009-08-31,0
2009-09-01,0
2009-09-02,0
2009-09-03,0
2009-09-04,0
2009-09-05,0
2009-09-06,0
2009-09-07,0
2009-09-08,0
2009-09-09,0
2009-09-10,0
2009-09-11,0
2009-09-12,0
2009-09-13,0
2009-09-14,0
2009-09-15,0
2009-09-16,0
2009-09-17,0
2009-09-18,0
2009-09-19,0
2009-09-20,0
2009-09-21,0
2009-09-22,0
2009-09-23,0
2009-09-24,0
2009-09-25,0
2009-09-26,0
2009-09-27,0
2009-09-28,0
2009-09-29,0
2009-09-30,0
2009-10-01,0
2009-10-02,0
2009-10-03,0
2009-10-04,0
2009-10-05,0
2009-10-06,0
2009-10-07,0
2009-10-08,0
2009-10-09,0
2009-10-10,0
2009-10-11,0
2009-10-12,0
2009-10-13,0
2009-10-14,0
2009-10-15,0
2009-10-16,0
2009-10-17,0
2009-10-18,0
2009-10-19,0
2009-10-20,0
2009-10-21,0
2009-10-22,0
2009-10-23,0
2009-10-24,0
2009-10-25,0
2009-10-26,0
2009-10-27,0
2009-10-28,0
2009-10-29,0
2009-10-30,0
2009-10-31,0
2009-11-01,0
2009-11-02,0
2009-11-03,0
2009-11-04,0
2009-11-05,0
2009-11-06,0
2009-11-07,0
2009-11-08,0
2009-11-09,0
2009-11-10,0
2009-11-11,0
2009-11-12,0
2009-11-13,0
2009-11-14,0
2009-11-15,0
2009-11-16,0
2009-11-17,0
2009-11-18,0
2009-11-19,0
2009-11-20,0
2009-11-21,0
2009-11-22,0
2009-11-23,0
2009-11-24,0
2009-11-25,0
2009-11-26,0
2009-11-27,0
2009-11-28,0
2009-11-29,0
2009-11-30,0
2009-12-01,0
2009-12-02,0
2009-12-03,0
2009-12-04,0
2009-12-05,0
2009-12-06,0
2009-12-07,0
2009-12-08,0
2009-12-09,0
2009-12-10,0
2009-12-11,0
2009-12-12,0
2009-12-13,0
2009-12-14,0
2009-12-15,0
2009-12-16,0
2009-12-17,0
2009-12-18,0
2009-12-19,0
2009-12-20,0
2009-12-21,0
2009-12-22,0
2009-12-23,0
2009-12-24,0
2009-12-25,0
2009-12-26,0
2009-12-27,0
2009-12-28,0
2009-12-29,0
2009-12-30,0
2009-12-31,0
2010-01-01,0
2010-01-02,0
2010-01-03,0
2010-01-04,0
2010-01-05,0
2010-01-06,0
2010-01-07,0
2010-01-08,0
2010-01-09,0
2010-01-10,0
2010-01-11,0
2010-01-12,0
2010-01-13,0
2010-01-14,0
2010-01-15,0
2010-01-16,0
2010-01-17,0
2010-01-18,0
2010-01-19,0
2010-01-20,0
2010-01-21,0
2010-01-22,0
2010-01-23,0
2010-01-24,0
2010-01-25,0
2010-01-26,0
2010-01-27,0
2010-01-28,0
2010-01-29,0
2010-01-30,0
2010-01-31,0
2010-02-01,0
2010-02-02,0
2010-02-03,0
2010-02-04,0
2010-02-05,0
2010-02-06,0
2010-02-07,0
2010-02-08,0
2010-02-09,0
2010-02-10,0
2010-02-11,0
2010-02-12,0
2010-02-13,0
2010-02-14,0
2010-02-15,0
2010-02-16,0
2010-02-17,0
2010-02-18,0
2010-02-19,0
2010-02-20,0
2010-02-21,0
2010-02-22,0
2010-02-23,0
2010-02-24,0
2010-02-25,0
2010-02-26,0
2010-02-27,0
2010-02-28,0
2010-03-01,0
2010-03-02,0
2010-03-03,0
2010-03-04,0
2010-03-05,0
2010-03-06,0
2010-03-07,0
2010-03-08,0
2010-03-09,0
2010-03-10,0
2010-03-11,0
2010-03-12,0
2010-03-13,0
2010-03-14,0
2010-03-15,0
2010-03-16,0
2010-03-17,0
2010-03-18,0
2010-03-19,0
2010-03-20,0
2010-03-21,0
2010-03-22,0
2010-03-23,0
2010-03-24,0
2010-03-25,0
2010-03-26,0
2010-03-27,0
2010-03-28,0
2010-03-29,0
2010-03-30,0
2010-03-31,0
2010-04-01,0
2010-04-02,0
2010-04-03,0
2010-04-04,0
2010-04-05,0
2010-04-06,0
2010-04-07,0
2010-04-08,0
2010-04-09,0
2010-04-10,0
2010-04-11,0
2010-04-12,0
2010-04-13,0
2010-04-14,0
2010-04-15,0
2010-04-16,0
2010-04-17,0
2010-04-18,0
2010-04-19,0
2010-04-20,0
2010-04-21,0
2010-04-22,0
2010-04-23,0
2010-04-24,0
2010-04-25,0
2010-04-26,0
2010-04-27,0
2010-04-28,0
2010-04-29,0
2010-04-30,0
2010-05-01,0
2010-05-02,0
2010-05-03,0
2010-05-04,0
2010-05-05,0
2010-05-06,0
2010-05-07,0
2010-05-08,0
2010-05-09,0
2010-05-10,0
2010-05-11,0
2010-05-12,0
2010-05-13,0
2010-05-14,0
2010-05-15,0
2010-05-16,0
2010-05-17,0
2010-05-18,0
2010-05-19,0
2010-05-20,0
2010-05-21,0
2010-05-22,0
2010-05-23,0
2010-05-24,0
2010-05-25,0
2010-05-26,0
2010-05-27,0
2010-05-28,0
2010-05-29,0
2010-05-30,0
2010-05-31,0
2010-06-01,0
2010-06-02,0
2010-06-03,0
2010-06-04,0
2010-06-05,0
2010-06-06,0
2010-06-07,0
2010-06-08,0
2010-06-09,0
2010-06-10,0
2010-06-11,0
2010-06-12,0
2010-06-13,0
2010-06-14,0
2010-06-15,0
2010-06-16,0
2010-06-17,0
2010-06-18,0
2010-06-19,0
2010-06-20,0
2010-06-21,0
2010-06-22,0
2010-06-23,0
2010-06-24,0
2010-06-25,0
2010-06-26,0
2010-06-27,0
2010-06-28,0
2010-06-29,0
2010-06-30,0
2010-07-01,0
2010-07-02,0
2010-07-03,0
2010-07-04,0
2010-07-05,0
2010-07-06,0
2010-07-07,0
2010-07-08,0
2010-07-09,0
2010-07-10,0
2010-07-11,0
2010-07-12,0
2010-07-13,0
2010-07-14,0
2010-07-15,0
2010-07-16,0
2010-07-17,0
2010-07-18,0
2010-07-19,0
2010-07-20,0
2010-07-21,0
2010-07-22,0
2010-07-23,0
2010-07-24,0
2010-07-25,0
2010-07-26,0
2010-07-27,0
2010-07-28,0
2010-07-29,0
2010-07-30,0
2010-07-31,0
2010-08-01,0
2010-08-02,0
2010-08-03,0
2010-08-04,0
2010-08-05,0
2010-08-06,0
2010-08-07,0
2010-08-08,0
2010-08-09,0
2010-08-10,0
2010-08-11,0
2010-08-12,0
2010-08-13,0
2010-08-14,0
2010-08-15,0
2010-08-16,0
2010-08-17,0
2010-08-18,0
2010-08-19,0
2010-08-20,0
2010-08-21,0
2010-08-22,0
2010-08-23,0
2010-08-24,0
2010-08-25,0
2010-08-26,0
2010-08-27,0
2010-08-28,0
2010-08-29,0
2010-08-30,0
2010-08-31,0
2010-09-01,0
2010-09-02,0
2010-09-03,0
2010-09-04,0
2010-09-05,0
2010-09-06,0
2010-09-07,0
2010-09-08,0
2010-09-09,0
2010-09-10,0
2010-09-11,0
2010-09-12,0
2010-09-13,0
2010-09-14,0
2010-09-15,0
2010-09-16,0
2010-09-17,0
2010-09-18,0
2010-09-19,0
2010-09-20,0
2010-09-21,0
2010-09-22,0
2010-09-23,0
2010-09-24,0
2010-09-25,0
2010-09-26,0
2010-09-27,0
2010-09-28,0
2010-09-29,0
2010-09-30,0
2010-10-01,0
2010-10-02,0
2010-10-03,0
2010-10-04,0
2010-10-05,0
2010-10-06,0
2010-10-07,0
2010-10-08,0
2010-10-09,0
2010-10-10,0
2010-10-11,0
2010-10-12,0
2010-10-13,0
2010-10-14,0
2010-10-15,0
2010-10-16,0
2010-10-17,0
2010-10-18,0
2010-10-19,0
2010-10-20,0
2010-10-21,0
2010-10-22,0
2010-10-23,0
2010-10-24,0
2010-10-25,0
2010-10-26,0
2010-10-27,0
2010-10-28,0
2010-10-29,0
2010-10-30,0
2010-10-31,0
2010-11-01,0
2010-11-02,0
2010-11-03,0
2010-11-04,0
2010-11-05,0
2010-11-06,0
2010-11-07,0
2010-11-08,0
2010-11-09,0
2010-11-10,0
2010-11-11,0
2010-11-12,0
2010-11-13,0
2010-11-14,0
2010-11-15,0
2010-11-16,0
2010-11-17,0
2010-11-18,0
2010-11-19,0
2010-11-20,0
2010-11-21,0
2010-11-22,0
2010-11-23,0
2010-11-24,0
2010-11-25,0
2010-11-26,0
2010-11-27,0
2010-11-28,0
2010-11-29,0
2010-11-30,0
2010-12-01,0
2010-12-02,0
2010-12-03,0
2010-12-04,0
2010-12-05,0
2010-12-06,0
2010-12-07,0
2010-12-08,0
2010-12-09,0
2010-12-10,0
2010-12-11,0
2010-12-12,0
2010-12-13,0
2010-12-14,0
2010-12-15,0
2010-12-16,0
2010-12-17,0
2010-12-18,0
2010-12-19,0
2010-12-20,0
2010-12-21,0
2010-12-22,0
2010-12-23,0
2010-12-24,0
2010-12-25,0
2010-12-26,0
2010-12-27,0
2010-12-28,0
2010-12-29,0
2010-12-30,0
2010-12-31,0
2011-01-01,0
2011-01-02,0
2011-01-03,0
2011-01-04,0
2011-01-05,0
2011-01-06,0
2011-01-07,0
2011-01-08,0
2011-01-09,0
2011-01-10,0
2011-01-11,0
2011-01-12,0
2011-01-13,0
2011-01-14,0
2011-01-15,0
2011-01-16,0
2011-01-17,0
2011-01-18,0
2011-01-19,0
2011-01-20,0
2011-01-21,0
2011-01-22,0
2011-01-23,0
2011-01-24,0
2011-01-25,0
2011-01-26,0
2011-01-27,0
2011-01-28,0
2011-01-29,0
2011-01-30,0
2011-01-31,0
2011-02-01,0
2011-02-02,0
2011-02-03,0
2011-02-04,0
2011-02-05,0
2011-02-06,0
2011-02-07,0
2011-02-08,0
2011-02-09,0
2011-02-10,0
2011-02-11,0
2011-02-12,0
2011-02-13,0
2011-02-14,0
2011-02-15,0
2011-02-16,0
2011-02-17,0
2011-02-18,0
2011-02-19,0
2011-02-20,0
2011-02-21,0
2011-02-22,0
2011-02-23,0
2011-02-24,0
2011-02-25,0
2011-02-26,0
2011-02-27,0
2011-02-28,0
2011-03-01,0
2011-03-02,0
2011-03-03,0
2011-03-04,0
2011-03-05,0
2011-03-06,0
2011-03-07,0
2011-03-08,0
2011-03-09,0
2011-03-10,0
2011-03-11,0
2011-03-12,0
2011-03-13,0
2011-03-14,0
2011-03-15,0
2011-03-16,0
2011-03-17,0
2011-03-18,0
2011-03-19,0
2011-03-20,0
2011-03-21,0
2011-03-22,0
2011-03-23,0
2011-03-24,0
2011-03-25,0
2011-03-26,0
2011-03-27,0
2011-03-28,0
2011-03-29,0
2011-03-30,0
2011-03-31,0
2011-04-01,0
2011-04-02,0
2011-04-03,0
2011-04-04,0
2011-04-05,0
2011-04-06,0
2011-04-07,0
2011-04-08,0
2011-04-09,0
2011-04-10,0
2011-04-11,0
2011-04-12,0
2011-04-13,0
2011-04-14,0
2011-04-15,0
2011-04-16,0
2011-04-17,0
2011-04-18,0
2011-04-19,0
2011-04-20,0
2011-04-21,0
2011-04-22,0
2011-04-23,0
2011-04-24,0
2011-04-25,0
2011-04-26,0
2011-04-27,0
2011-04-28,0
2011-04-29,0
2011-04-30,1
2011-05-01,0
2011-05-02,1
2011-05-03,1
2011-05-04,1
2011-05-05,1
2011-05-06,1
2011-05-07,1
2011-05-08,1
2011-05-09,1
2011-05-10,1
2011-05-11,1
2011-05-12,1
2011-05-13,1
2011-05-14,1
2011-05-15,1
2011-05-16,1
2011-05-17,2
2011-05-18,2
2011-05-19,2
2011-05-20,2
2011-05-21,2
2011-05-22,3
2011-05-23,3
2011-05-24,3
2011-05-25,3
2011-05-26,4
2011-05-27,3
2011-05-28,3
2011-05-29,3
2011-05-30,3
2011-05-31,3
2011-06-01,4
2011-06-02,4
2011-06-03,4
2011-06-04,4
2011-06-05,4
2011-06-06,5
2011-06-07,4
2011-06-08,5
2011-06-09,6
2011-06-10,6
2011-06-11,7
2011-06-12,6
2011-06-13,6
2011-06-14,6
2011-06-15,9
2011-06-16,7
2011-06-17,8
2011-06-18,8
2011-06-19,9
2011-06-20,10
2011-06-21,11
2011-06-22,11
2011-06-23,10
2011-06-24,11
2011-06-25,9
2011-06-26,10
2011-06-27,11
2011-06-28,10
2011-06-29,11
2011-06-30,13
2011-07-01,11
2011-07-02,11
2011-07-03,11
2011-07-04,11
2011-07-05,9
2011-07-06,11
2011-07-07,10
2011-07-08,12
2011-07-09,11
2011-07-10,10
2011-07-11,12
2011-07-12,10
2011-07-13,14
2011-07-14,11
2011-07-15,12
2011-07-16,12
2011-07-17,13
2011-07-18,13
2011-07-19,11
2011-07-20,12
2011-07-21,12
2011-07-22,12
2011-07-23,12
2011-07-24,13
2011-07-25,13
2011-07-26,14
2011-07-27,14
2011-07-28,13
2011-07-29,13
2011-07-30,12
2011-07-31,14
2011-08-01,14
2011-08-02,14
2011-08-03,14
2011-08-04,12
2011-08-05,13
2011-08-06,11
2011-08-07,11
2011-08-08,12
2011-08-09,13
2011-08-10,14
2011-08-11,12
2011-08-12,12
2011-08-13,12
2011-08-14,12
2011-08-15,12
2011-08-16,13
2011-08-17,12
2011-08-18,12
2011-08-19,11
2011-08-20,13
2011-08-21,14
2011-08-22,15
2011-08-23,13
2011-08-24,12
2011-08-25,12
2011-08-26,13
2011-08-27,10
2011-08-28,10
2011-08-29,12
2011-08-30,12
2011-08-31,13
2011-09-01,11
2011-09-02,13
2011-09-03,12
2011-09-04,11
2011-09-05,13
2011-09-06,13
2011-09-07,12
2011-09-08,11
2011-09-09,13
2011-09-10,11
2011-09-11,11
2011-09-12,11
2011-09-13,12
2011-09-14,12
2011-09-15,13
2011-09-16,10
2011-09-17,11
2011-09-18,13
2011-09-19,11
2011-09-20,12
2011-09-21,12
2011-09-22,12
2011-09-23,11
2011-09-24,11
2011-09-25,11
2011-09-26,11
2011-09-27,11
2011-09-28,12
2011-09-29,10
2011-09-30,10
2011-10-01,12
2011-10-02,10
2011-10-03,12
2011-10-04,9
2011-10-05,12
2011-10-06,10
2011-10-07,11
2011-10-08,9
2011-10-09,10
2011-10-10,10
2011-10-11,7
2011-10-12,10
2011-10-13,8
2011-10-14,10
2011-10-15,9
2011-10-16,8
2011-10-17,8
2011-10-18,8
2011-10-19,9
2011-10-20,8
2011-10-21,8
2011-10-22,7
2011-10-23,7
2011-10-24,9
2011-10-25,9
2011-10-26,8
2011-10-27,7
2011-10-28,7
2011-10-29,8
2011-10-30,8
2011-10-31,7
2011-11-01,8
2011-11-02,9
2011-11-03,7
2011-11-04,8
2011-11-05,8
2011-11-06,8
2011-11-07,7
2011-11-08,8
2011-11-09,9
2011-11-10,8
2011-11-11,7
2011-11-12,8
2011-11-13,8
2011-11-14,8
2011-11-15,9
2011-11-16,8
2011-11-17,8
2011-11-18,7
2011-11-19,7
2011-11-20,8
2011-11-21,6
2011-11-22,8
2011-11-23,7
2011-11-24,6
2011-11-25,8
2011-11-26,7
2011-11-27,6
2011-11-28,7
2011-11-29,7
2011-11-30,8
2011-12-01,9
2011-12-02,7
2011-12-03,8
2011-12-04,7
2011-12-05,8
2011-12-06,9
2011-12-07,7
2011-12-08,8
2011-12-09,7
2011-12-10,7
2011-12-11,8
2011-12-12,6
2011-12-13,7
2011-12-14,8
2011-12-15,6
2011-12-16,6
2011-12-17,8
2011-12-18,8
2011-12-19,9
2011-12-20,7
2011-12-21,8
2011-12-22,8
2011-12-23,8
2011-12-24,8
2011-12-25,9
2011-12-26,10
2011-12-27,8
2011-12-28,8
2011-12-29,7
2011-12-30,8
2011-12-31,8
2012-01-01,8
2012-01-02,8
2012-01-03,9
2012-01-04,8
2012-01-05,8
2012-01-06,9
2012-01-07,10
2012-01-08,9
2012-01-09,10
2012-01-10,8
2012-01-11,9
2012-01-12,9
2012-01-13,8
2012-01-14,9
2012-01-15,8
2012-01-16,10
2012-01-17,9
2012-01-18,7
2012-01-19,9
2012-01-20,9
2012-01-21,10
2012-01-22,8
2012-01-23,11
2012-01-24,9
2012-01-25,9
2012-01-26,8
2012-01-27,9
2012-01-28,9
2012-01-29,10
2012-01-30,11
2012-01-31,9
2012-02-01,9
2012-02-02,10
2012-02-03,10
2012-02-04,10
2012-02-05,9
2012-02-06,10
2012-02-07,9
2012-02-08,9
2012-02-09,9
2012-02-10,9
2012-02-11,10
2012-02-12,10
2012-02-13,9
2012-02-14,9
2012-02-15,9
2012-02-16,9
2012-02-17,10
2012-02-18,11
2012-02-19,10
2012-02-20,9
2012-02-21,8
2012-02-22,10
2012-02-23,11
2012-02-24,10
2012-02-25,11
2012-02-26,10
2012-02-27,10
2012-02-28,10
2012-02-29,12
2012-03-01,10
2012-03-02,9
2012-03-03,8
2012-03-04,10
2012-03-05,10
2012-03-06,10
2012-03-07,11
2012-03-08,11
2012-03-09,12
2012-03-10,12
2012-03-11,9
2012-03-12,12
2012-03-13,11
2012-03-14,10
2012-03-15,9
2012-03-16,11
2012-03-17,12
2012-03-18,11
2012-03-19,10
2012-03-20,11
2012-03-21,11
2012-03-22,11
2012-03-23,9
2012-03-24,13
2012-03-25,11
2012-03-26,11
2012-03-27,11
2012-03-28,11
2012-03-29,11
2012-03-30,12
2012-03-31,13
2012-04-01,11
2012-04-02,9
2012-04-03,10
2012-04-04,11
2012-04-05,9
2012-04-06,10
2012-04-07,10
2012-04-08,12
2012-04-09,11
2012-04-10,11
2012-04-11,11
2012-04-12,10
2012-04-13,9
2012-04-14,10
2012-04-15,8
2012-04-16,11
2012-04-17,10
2012-04-18,10
2012-04-19,12
2012-04-20,12
2012-04-21,12
2012-04-22,10
2012-04-23,10
2012-04-24,10
2012-04-25,9
2012-04-26,12
2012-04-27,10
2012-04-28,11
2012-04-29,13
2012-04-30,13
2012-05-01,12
2012-05-02,11
2012-05-03,11
2012-05-04,12
2012-05-05,12
2012-05-06,12
2012-05-07,12
2012-05-08,13
2012-05-09,13
2012-05-10,11
2012-05-11,12
2012-05-12,11
2012-05-13,12
2012-05-14,11
2012-05-15,11
2012-05-16,10
2012-05-17,9
2012-05-18,12
2012-05-19,12
2012-05-20,11
2012-05-21,10
2012-05-22,9
2012-05-23,11
2012-05-24,10
2012-05-25,9
2012-05-26,11
2012-05-27,12
2012-05-28,11
2012-05-29,9
2012-05-30,10
2012-05-31,10
2012-06-01,12
2012-06-02,12
2012-06-03,12
2012-06-04,12
2012-06-05,11
2012-06-06,12
2012-06-07,10
2012-06-08,11
2012-06-09,13
2012-06-10,13
2012-06-11,11
2012-06-12,12
2012-06-13,11
2012-06-14,12
2012-06-15,12
2012-06-16,12
2012-06-17,12
2012-06-18,13
2012-06-19,11
2012-06-20,11
2012-06-21,11
2012-06-22,11
2012-06-23,14
2012-06-24,11
2012-06-25,13
2012-06-26,12
2012-06-27,13
2012-06-28,11
2012-06-29,12
2012-06-30,11
2012-07-01,12
2012-07-02,13
2012-07-03,13
2012-07-04,12
2012-07-05,12
2012-07-06,13
2012-07-07,14
2012-07-08,13
2012-07-09,14
2012-07-10,13
2012-07-11,11
2012-07-12,13
2012-07-13,14
2012-07-14,14
2012-07-15,12
2012-07-16,13
2012-07-17,15
2012-07-18,14
2012-07-19,12
2012-07-20,13
2012-07-21,13
2012-07-22,14
2012-07-23,13
2012-07-24,14
2012-07-25,14
2012-07-26,15
2012-07-27,16
2012-07-28,14
2012-07-29,15
2012-07-30,17
2012-07-31,13
2012-08-01,13
2012-08-02,16
2012-08-03,16
2012-08-04,15
2012-08-05,14
2012-08-06,14
2012-08-07,16
2012-08-08,16
2012-08-09,17
2012-08-10,15
2012-08-11,17
2012-08-12,16
2012-08-13,17
2012-08-14,17
2012-08-15,18
2012-08-16,16
2012-08-17,15
2012-08-18,16
2012-08-19,19
2012-08-20,18
2012-08-21,18
2012-08-22,16
2012-08-23,17
2012-08-24,16
2012-08-25,16
2012-08-26,21
2012-08-27,17
2012-08-28,18
2012-08-29,20
2012-08-30,18
2012-08-31,16
2012-09-01,19
2012-09-02,19
2012-09-03,19
2012-09-04,18
2012-09-05,21
2012-09-06,21
2012-09-07,22
2012-09-08,19
2012-09-09,21
2012-09-10,20
2012-09-11,19
2012-09-12,20
2012-09-13,17
2012-09-14,21
2012-09-15,19
2012-09-16,21
2012-09-17,22
2012-09-18,22
2012-09-19,19
2012-09-20,21
2012-09-21,24
2012-09-22,22
2012-09-23,22
2012-09-24,21
2012-09-25,19
2012-09-26,19
2012-09-27,22
2012-09-28,22
2012-09-29,23
2012-09-30,22
2012-10-01,18
2012-10-02,20
2012-10-03,20
2012-10-04,19
2012-10-05,20
2012-10-06,23
2012-10-07,18
2012-10-08,27
2012-10-09,21
2012-10-10,22
2012-10-11,20
2012-10-12,22
2012-10-13,22
2012-10-14,19
2012-10-15,25
2012-10-16,23
2012-10-17,21
2012-10-18,23
2012-10-19,20
2012-10-20,24
2012-10-21,24
2012-10-22,23
2012-10-23,19
2012-10-24,24
2012-10-25,21
2012-10-26,25
2012-10-27,26
2012-10-28,25
2012-10-29,24
2012-10-30,23
2012-10-31,23
2012-11-01,22
2012-11-02,23
2012-11-03,23
2012-11-04,25
2012-11-05,26
2012-11-06,22
2012-11-07,25
2012-11-08,25
2012-11-09,24
2012-11-10,23
2012-11-11,24
2012-11-12,21
2012-11-13,23
2012-11-14,23
2012-11-15,22
2012-11-16,24
2012-11-17,23
2012-11-18,24
2012-11-19,24
2012-11-20,24
2012-11-21,25
2012-11-22,24
2012-11-23,27
2012-11-24,25
2012-11-25,24
2012-11-26,26
2012-11-27,25
2012-11-28,29
2012-11-29,28
2012-11-30,21
2012-12-01,28
2012-12-02,24
2012-12-03,25
2012-12-04,19
2012-12-05,20
2012-12-06,23
2012-12-07,22
2012-12-08,23
2012-12-09,21
2012-12-10,24
2012-12-11,24
2012-12-12,21
2012-12-13,21
2012-12-14,17
2012-12-15,19
2012-12-16,18
2012-12-17,22
2012-12-18,20
2012-12-19,23
2012-12-20,17
2012-12-21,21
2012-12-22,25
2012-12-23,20
2012-12-24,22
2012-12-25,20
2012-12-26,24
2012-12-27,23
2012-12-28,25
2012-12-29,21
2012-12-30,24
2012-12-31,23
2013-01-01,23
2013-01-02,22
2013-01-03,23
2013-01-04,22
2013-01-05,20
2013-01-06,21
2013-01-07,24
2013-01-08,20
2013-01-09,20
2013-01-10,23
2013-01-11,18
2013-01-12,19
2013-01-13,21
2013-01-14,25
2013-01-15,19
2013-01-16,21
2013-01-17,17
2013-01-18,19
2013-01-19,24
2013-01-20,20
2013-01-21,21
2013-01-22,23
2013-01-23,19
2013-01-24,23
2013-01-25,20
2013-01-26,23
2013-01-27,22
2013-01-28,21
2013-01-29,23
2013-01-30,22
2013-01-31,28
2013-02-01,21
2013-02-02,22
2013-02-03,27
2013-02-04,24
2013-02-05,25
2013-02-06,23
2013-02-07,25
2013-02-08,24
2013-02-09,23
2013-02-10,26
2013-02-11,25
2013-02-12,22
2013-02-13,27
2013-02-14,24
2013-02-15,29
2013-02-16,30
2013-02-17,30
2013-02-18,29
2013-02-19,28
2013-02-20,35
2013-02-21,31
2013-02-22,30
2013-02-23,29
2013-02-24,28
2013-02-25,37
2013-02-26,30
2013-02-27,35
2013-02-28,30
2013-03-01,29
2013-03-02,31
2013-03-03,34
2013-03-04,38
2013-03-05,30
2013-03-06,33
2013-03-07,34
2013-03-08,34
2013-03-09,36
2013-03-10,39
2013-03-11,35
2013-03-12,29
2013-03-13,34
2013-03-14,41
2013-03-15,41
2013-03-16,42
2013-03-17,50
2013-03-18,45
2013-03-19,40
2013-03-20,50
2013-03-21,52
2013-03-22,55
2013-03-23,52
2013-03-24,52
2013-03-25,47
2013-03-26,50
2013-03-27,43
2013-03-28,60
2013-03-29,57
2013-03-30,57
2013-03-31,56
2013-04-01,65
2013-04-02,60
2013-04-03,58
2013-04-04,51
2013-04-05,55
2013-04-06,62
2013-04-07,62
2013-04-08,59
2013-04-09,67
2013-04-10,72
2013-04-11,61
2013-04-12,65
2013-04-13,63
2013-04-14,58
2013-04-15,62
2013-04-16,67
2013-04-17,68
2013-04-18,65
2013-04-19,61
2013-04-20,68
2013-04-21,78
2013-04-22,68
2013-04-23,74
2013-04-24,72
2013-04-25,76
2013-04-26,76
2013-04-27,65
2013-04-28,78
2013-04-29,77
2013-04-30,73
2013-05-01,75
2013-05-02,67
2013-05-03,68
2013-05-04,79
2013-05-05,82
2013-05-06,83
2013-05-07,84
2013-05-08,82
2013-05-09,82
2013-05-10,86
2013-05-11,91
2013-05-12,86
2013-05-13,96
2013-05-14,85
2013-05-15,78
2013-05-16,82
2013-05-17,89
2013-05-18,82
2013-05-19,86
2013-05-20,71
2013-05-21,83
2013-05-22,86
2013-05-23,96
2013-05-24,93
2013-05-25,94
2013-05-26,98
2013-05-27,106
2013-05-28,95
2013-05-29,101
2013-05-30,108
2013-05-31,105
2013-06-01,128
2013-06-02,120
2013-06-03,128
2013-06-04,128
2013-06-05,124
2013-06-06,140
2013-06-07,124
2013-06-08,140
2013-06-09,123
2013-06-10,134
2013-06-11,139
2013-06-12,157
2013-06-13,144
2013-06-14,139
2013-06-15,134
2013-06-16,147
2013-06-17,139
2013-06-18,134
2013-06-19,130
2013-06-20,148
2013-06-21,161
2013-06-22,169
2013-06-23,158
2013-06-24,144
2013-06-25,150
2013-06-26,167
2013-06-27,160
2013-06-28,162
2013-06-29,170
2013-06-30,162
2013-07-01,166
2013-07-02,162
2013-07-03,195
2013-07-04,174
2013-07-05,197
2013-07-06,198
2013-07-07,197
2013-07-08,203
2013-07-09,196
2013-07-10,207
2013-07-11,226
2013-07-12,200
2013-07-13,204
2013-07-14,223
2013-07-15,213
2013-07-16,213
2013-07-17,239
2013-07-18,209
2013-07-19,222
2013-07-20,241
2013-07-21,258
2013-07-22,224
2013-07-23,219
2013-07-24,247
2013-07-25,226
2013-07-26,254
2013-07-27,281
2013-07-28,261
2013-07-29,276
2013-07-30,306
2013-07-31,295
2013-08-01,275
2013-08-02,298
2013-08-03,290
2013-08-04,332
2013-08-05,351
2013-08-06,353
2013-08-07,345
2013-08-08,381
2013-08-09,362
2013-08-10,390
2013-08-11,401
2013-08-12,401
2013-08-13,365
2013-08-14,424
2013-08-15,429
2013-08-16,424
2013-08-17,479
2013-08-18,490
2013-08-19,447
2013-08-20,479
2013-08-21,495
2013-08-22,545
2013-08-23,495
2013-08-24,514
2013-08-25,493
2013-08-26,542
2013-08-27,552
2013-08-28,581
2013-08-29,617
2013-08-30,670
2013-08-31,728
2013-09-01,722
2013-09-02,702
2013-09-03,634
2013-09-04,667
2013-09-05,773
2013-09-06,799
2013-09-07,626
2013-09-08,678
2013-09-09,877
2013-09-10,825
2013-09-11,864
2013-09-12,920
2013-09-13,881
2013-09-14,951
2013-09-15,1013
2013-09-16,862
2013-09-17,1002
2013-09-18,923
2013-09-19,1063
2013-09-20,1119
2013-09-21,1058
2013-09-22,1136
2013-09-23,1175
2013-09-24,1186
2013-09-25,1297
2013-09-26,1198
2013-09-27,1316
2013-09-28,1309
2013-09-29,1257
2013-09-30,1205
2013-10-01,1383
2013-10-02,1412
2013-10-03,1472
2013-10-04,1331
2013-10-05,1620
2013-10-06,1519
2013-10-07,1467
2013-10-08,1524
2013-10-09,1674
2013-10-10,1806
2013-10-11,1740
2013-10-12,2013
2013-10-13,2079
2013-10-14,2352
2013-10-15,2446
2013-10-16,2315
2013-10-17,2222
2013-10-18,2555
2013-10-19,2967
2013-10-20,2648
2013-10-21,2808
2013-10-22,3260
2013-10-23,2941
2013-10-24,2861
2013-10-25,3127
2013-10-26,3408
2013-10-27,3478
2013-10-28,3400
2013-10-29,3109
2013-10-30,3789
2013-10-31,4100
2013-11-01,4042
2013-11-02,3925
2013-11-03,3731
2013-11-04,3789
2013-11-05,3596
2013-11-06,4139
2013-11-07,3657
2013-11-08,3403
2013-11-09,3758
2013-11-10,4343
2013-11-11,4749
2013-11-12,5105
2013-11-13,4266
2013-11-14,4647
2013-11-15,4216
2013-11-16,4927
2013-11-17,5042
2013-11-18,4726
2013-11-19,4877
2013-11-20,4968
2013-11-21,4544
2013-11-22,5211
2013-11-23,5150
2013-11-24,5089
2013-11-25,5241
2013-11-26,4817
2013-11-27,5241
2013-11-28,5483
2013-11-29,5480
2013-11-30,6189
2013-12-01,6857
2013-12-02,5591
2013-12-03,7033
2013-12-04,6013
2013-12-05,5978
2013-12-06,7314
2013-12-07,6857
2013-12-08,6857
2013-12-09,6189
2013-12-10,7450
2013-12-11,7450
2013-12-12,7360
2013-12-13,7856
2013-12-14,8940
2013-12-15,7992
2013-12-16,9076
2013-12-17,9166
2013-12-18,8985
2013-12-19,10204
2013-12-20,8037
2013-12-21,8611
2013-12-22,9920
2013-12-23,10038
2013-12-24,9920
2013-12-25,9510
2013-12-26,10566
2013-12-27,10801
2013-12-28,8805
2013-12-29,9862
2013-12-30,10155
2013-12-31,10801
2014-01-01,12034
2014-01-02,9425
2014-01-03,11352
2014-01-04,9942
2014-01-05,13609
2014-01-06,13115
2014-01-07,12480
2014-01-08,13609
2014-01-09,14596
2014-01-10,13185
2014-01-11,14807
2014-01-12,14596
2014-01-13,14628
2014-01-14,14411
2014-01-15,16368
2014-01-16,16457
2014-01-17,13521
2014-01-18,15478
2014-01-19,15034
2014-01-20,17346
2014-01-21,14767
2014-01-22,17080
2014-01-23,15745
2014-01-24,18340
2014-01-25,17994
2014-01-26,16576
2014-01-27,18975
2014-01-28,16794
2014-01-29,16576
2014-01-30,19193
2014-01-31,20066
2014-02-01,20611
2014-02-02,20284
2014-02-03,19739
2014-02-04,18757
2014-02-05,20723
2014-02-06,23716
2014-02-07,20198
2014-02-08,23716
2014-02-09,17982
2014-02-10,20328
2014-02-11,21370
2014-02-12,23195
2014-02-13,23195
2014-02-14,24889
2014-02-15,24368
2014-02-16,25486
2014-02-17,24113
2014-02-18,25358
2014-02-19,31114
2014-02-20,27536
2014-02-21,23646
2014-02-22,28002
2014-02-23,26136
2014-02-24,29714
2014-02-25,25047
2014-02-26,28625
2014-02-27,29247
2014-02-28,31125
2014-03-01,27314
2014-03-02,26555
2014-03-03,28072
2014-03-04,28262
2014-03-05,29590
2014-03-06,32814
2014-03-07,31486
2014-03-08,31866
2014-03-09,33952
2014-03-10,28262
2014-03-11,31866
2014-03-12,34521
2014-03-13,34076
2014-03-14,28100
2014-03-15,34861
2014-03-16,36128
2014-03-17,34015
2014-03-18,30846
2014-03-19,33804
2014-03-20,37396
2014-03-21,39297
2014-03-22,35917
2014-03-23,45213
2014-03-24,40096
2014-03-25,39076
2014-03-26,39573
2014-03-27,43058
2014-03-28,43307
2014-03-29,43556
2014-03-30,34844
2014-03-31,44800
2014-04-01,42560
2014-04-02,49031
2014-04-03,50774
2014-04-04,48534
2014-04-05,47539
2014-04-06,45936
2014-04-07,45936
2014-04-08,40764
2014-04-09,48978
2014-04-10,47153
2014-04-11,51412
2014-04-12,48978
2014-04-13,56887
2014-04-14,58713
2014-04-15,55366
2014-04-16,48369
2014-04-17,53376
2014-04-18,55507
2014-04-19,55160
2014-04-20,61751
2014-04-21,59323
2014-04-22,53425
2014-04-23,57241
2014-04-24,52384
2014-04-25,63139
2014-04-26,56547
2014-04-27,61404
2014-04-28,52731
2014-04-29,59983
2014-04-30,54488
2014-05-01,69999
2014-05-02,64033
2014-05-03,56477
2014-05-04,60056
2014-05-05,49715
2014-05-06,77158
2014-05-07,63238
2014-05-08,66420
2014-05-09,67613
2014-05-10,71192
2014-05-11,60454
2014-05-12,68363
2014-05-13,71297
2014-05-14,66015
2014-05-15,75258
2014-05-16,79659
2014-05-17,76138
2014-05-18,75698
2014-05-19,73937
2014-05-20,77898
2014-05-21,77018
2014-05-22,75698
2014-05-23,72617
2014-05-24,73989
2014-05-25,83680
2014-05-26,82121
2014-05-27,70686
2014-05-28,87838
2014-05-29,73285
2014-05-30,86799
2014-05-31,76404
2014-06-01,90957
2014-06-02,100313
2014-06-03,92516
2014-06-04,94075
2014-06-05,80296
2014-06-06,81234
2014-06-07,90585
2014-06-08,79481
2014-06-09,91169
2014-06-10,97598
2014-06-11,85325
2014-06-12,100520
2014-06-13,95260
2014-06-14,104027
2014-06-15,111040
2014-06-16,109871
2014-06-17,107533
2014-06-18,103872
2014-06-19,111761
2014-06-20,124476
2014-06-21,124476
2014-06-22,120461
2014-06-23,117784
2014-06-24,125814
2014-06-25,125145
2014-06-26,114438
2014-06-27,131838
2014-06-28,121799
2014-06-29,121250
2014-06-30,110358
2014-07-01,111194
2014-07-02,114538
2014-07-03,116210
2014-07-04,138784
2014-07-05,127079
2014-07-06,118719
2014-07-07,125407
2014-07-08,125407
2014-07-09,138784
2014-07-10,124571
2014-07-11,130423
2014-07-12,131517
2014-07-13,137886
2014-07-14,116342
2014-07-15,137025
2014-07-16,124098
2014-07-17,148228
2014-07-18,148228
2014-07-19,152537
2014-07-20,133577
2014-07-21,133577
2014-07-22,122374
2014-07-23,125821
2014-07-24,123236
2014-07-25,141655
2014-07-26,124806
2014-07-27,142503
2014-07-28,139709
2014-07-29,138777
2014-07-30,160199
2014-07-31,143434
2014-08-01,146228
2014-08-02,151817
2014-08-03,143434
2014-08-04,119218
2014-08-05,125738
2014-08-06,152748
2014-08-07,149022
2014-08-08,153677
2014-08-09,178499
2014-08-10,173595
2014-08-11,178499
2014-08-12,170653
2014-08-13,142211
2014-08-14,176537
2014-08-15,161826
2014-08-16,154961
2014-08-17,166730
2014-08-18,194191
2014-08-19,189172
2014-08-20,200319
2014-08-21,195578
2014-08-22,186096
2014-08-23,192022
2014-08-24,173057
2014-08-25,162389
2014-08-26,205061
2014-08-27,200319
2014-08-28,205061
2014-08-29,201505
2014-08-30,215729
2014-08-31,224266
2014-09-01,185433
2014-09-02,200432
2014-09-03,230428
2014-09-04,215430
2014-09-05,197705
2014-09-06,244063
2014-09-07,211340
2014-09-08,196341
2014-09-09,199068
2014-09-10,214067
2014-09-11,231792
2014-09-12,209976
2014-09-13,250729
2014-09-14,234289
2014-09-15,234289
2014-09-16,253566
2014-09-17,275808
2014-09-18,265429
2014-09-19,253566
2014-09-20,260980
2014-09-21,243186
2014-09-22,249117
2014-09-23,222426
2014-09-24,231323
2014-09-25,261293
2014-09-26,230885
2014-09-27,230885
2014-09-28,223993
2014-09-29,236054
2014-09-30,263623
2014-10-01,267069
2014-10-02,237777
2014-10-03,251562
2014-10-04,265346
2014-10-05,291191
2014-10-06,277407
2014-10-07,230885
2014-10-08,248116
2014-10-09,255805
2014-10-10,269697
2014-10-11,250557
2014-10-12,257517
2014-10-13,269697
2014-10-14,229677
2014-10-15,262737
2014-10-16,257517
2014-10-17,247077
2014-10-18,285357
2014-10-19,231417
2014-10-20,238377
2014-10-21,266217
2014-10-22,276657
2014-10-23,267771
2014-10-24,284428
2014-10-25,277272
2014-10-26,223606
2014-10-27,284428
2014-10-28,246862
2014-10-29,277272
2014-10-30,304105
2014-10-31,336304
2014-11-01,284428
2014-11-02,277272
2014-11-03,302316
2014-11-04,289794
2014-11-05,268264
2014-11-06,303181
2014-11-07,295306
2014-11-08,301212
2014-11-09,295306
2014-11-10,289400
2014-11-11,253963
2014-11-12,289400
2014-11-13,285462
2014-11-14,303181
2014-11-15,275619
2014-11-16,295306
2014-11-17,283494
2014-11-18,303873
2014-11-19,282468
2014-11-20,276458
2014-11-21,254422
2014-11-22,308512
2014-11-23,284472
2014-11-24,294488
2014-11-25,264438
2014-11-26,274455
2014-11-27,282468
2014-11-28,296492
2014-11-29,314522
2014-11-30,320532
2014-12-01,260432
2014-12-02,300382
2014-12-03,230698
2014-12-04,290362
2014-12-05,310250
2014-12-06,272463
2014-12-07,250586
2014-12-08,324171
2014-12-09,282407
2014-12-10,284395
2014-12-11,294339
2014-12-12,280418
2014-12-13,290362
2014-12-14,280418
2014-12-15,280418
2014-12-16,284395
2014-12-17,251585
2014-12-18,253027
2014-12-19,268718
2014-12-20,262834
2014-12-21,258911
2014-12-22,321678
2014-12-23,294217
2014-12-24,300102
2014-12-25,309909
2014-12-26,298140
2014-12-27,298140
2014-12-28,331485
2014-12-29,321678
2014-12-30,306495
2014-12-31,307081
2015-01-01,333345
2015-01-02,333345
2015-01-03,327284
2015-01-04,347486
2015-01-05,315162
2015-01-06,319203
2015-01-07,282838
2015-01-08,296980
2015-01-09,282838
2015-01-10,296980
2015-01-11,313142
2015-01-12,291349
2015-01-13,277602
2015-01-14,316947
2015-01-15,330062
2015-01-16,303832
2015-01-17,301646
2015-01-18,334434
2015-01-19,314761
2015-01-20,257929
2015-01-21,325690
2015-01-22,295088
2015-01-23,271044
2015-01-24,275416
2015-01-25,273230
2015-01-26,277602
2015-01-27,317507
2015-01-28,336476
2015-01-29,336476
2015-01-30,283132
2015-01-31,340579
2015-02-01,318011
2015-02-02,326218
2015-02-03,260564
2015-02-04,326218
2015-02-05,326218
2015-02-06,363148
2015-02-07,326218
2015-02-08,270822
2015-02-09,340604
2015-02-10,318224
2015-02-11,349162
2015-02-12,262976
2015-02-13,322644
2015-02-14,353582
2015-02-15,309384
2015-02-16,346952
2015-02-17,329273
2015-02-18,369051
2015-02-19,366841
2015-02-20,349162
2015-02-21,313804
2015-02-22,334358
2015-02-23,329538
2015-02-24,299369
2015-02-25,368990
2015-02-26,348103
2015-02-27,352745
2015-02-28,329538
2015-03-01,324897
2015-03-02,366669
2015-03-03,366669
2015-03-04,324897
2015-03-05,306331
2015-03-06,343462
2015-03-07,324897
2015-03-08,363358
2015-03-09,339499
2015-03-10,358360
2015-03-11,363076
2015-03-12,308850
2015-03-13,344214
2015-03-14,308850
2015-03-15,337142
2015-03-16,327711
2015-03-17,301777
2015-03-18,360718
2015-03-19,322996
2015-03-20,320638
2015-03-21,356003
2015-03-22,334537
2015-03-23,336739
2015-03-24,401765
2015-03-25,376219
2015-03-26,343706
2015-03-27,397120
2015-03-28,343706
2015-03-29,355318
2015-03-30,329772
2015-03-31,348351
2015-04-01,306549
2015-04-02,385508
2015-04-03,339061
2015-04-04,355318
2015-04-05,361069
2015-04-06,309707
2015-04-07,373614
2015-04-08,307249
2015-04-09,326913
2015-04-10,373614
2015-04-11,344119
2015-04-12,314623
2015-04-13,383446
2015-04-14,366241
2015-04-15,299875
2015-04-16,339203
2015-04-17,309707
2015-04-18,358867
2015-04-19,351846
2015-04-20,364477
2015-04-21,362110
2015-04-22,359743
2015-04-23,307675
2015-04-24,293475
2015-04-25,385777
2015-04-26,340809
2015-04-27,324242
2015-04-28,362110
2015-04-29,300575
2015-04-30,317142
2015-05-01,350276
2015-05-02,347909
2015-05-03,333776
2015-05-04,303150
2015-05-05,364728
2015-05-06,381306
2015-05-07,333939
2015-05-08,355254
2015-05-09,305519
2015-05-10,305519
2015-05-11,374201
2015-05-12,355254
2015-05-13,383675
2015-05-14,364728
2015-05-15,348149
2015-05-16,312624
2015-05-17,410256
2015-05-18,349377
2015-05-19,315410
2015-05-20,351803
2015-05-21,376066
2015-05-22,334820
2015-05-23,271738
2015-05-24,354230
2015-05-25,342098
2015-05-26,349377
2015-05-27,334820
2015-05-28,320262
2015-05-29,373639
2015-05-30,329967
2015-05-31,356781
2015-06-01,312271
2015-06-02,354853
2015-06-03,335928
2015-06-04,333562
2015-06-05,326465
2015-06-06,421093
2015-06-07,352488
2015-06-08,371413
2015-06-09,357219
2015-06-10,399801
2015-06-11,319368
2015-06-12,335928
2015-06-13,376144
2015-06-14,361934
2015-06-15,355711
2015-06-16,291486
2015-06-17,390295
2015-06-18,385354
2015-06-19,363122
2015-06-20,331009
2015-06-21,306307
2015-06-22,377943
2015-06-23,345831
2015-06-24,385354
2015-06-25,375473
2015-06-26,380414
2015-06-27,318658
2015-06-28,346814
2015-06-29,343810
2015-06-30,356089
2015-07-01,331531
2015-07-02,378191
2015-07-03,395381
2015-07-04,373279
2015-07-05,348721
2015-07-06,444497
2015-07-07,329075
2015-07-08,395381
2015-07-09,326619
2015-07-10,378191
2015-07-11,365703
2015-07-12,342767
2015-07-13,375774
2015-07-14,365618
2015-07-15,388470
2015-07-16,340228
2015-07-17,373235
2015-07-18,378313
2015-07-19,385931
2015-07-20,396087
2015-07-21,322455
2015-07-22,391009
2015-07-23,355462
2015-07-24,429094
2015-07-25,395370
2015-07-26,374222
2015-07-27,387216
2015-07-28,353432
2015-07-29,395012
2015-07-30,348234
2015-07-31,392414
2015-08-01,402809
2015-08-02,392414
2015-08-03,408006
2015-08-04,353432
2015-08-05,345636
2015-08-06,371623
2015-08-07,356031
2015-08-08,420413
2015-08-09,372000
2015-08-10,437493
2015-08-11,424395
2015-08-12,330085
2015-08-13,385099
2015-08-14,372000
2015-08-15,358902
2015-08-16,361521
2015-08-17,385099
2015-08-18,369380
2015-08-19,408676
2015-08-20,392958
2015-08-21,432254
2015-08-22,426143
2015-08-23,361412
2015-08-24,418052
2015-08-25,364110
2015-08-26,434234
2015-08-27,369504
2015-08-28,418052
2015-08-29,431537
2015-08-30,404566
2015-08-31,423446
2015-09-01,415355
2015-09-02,431537
2015-09-03,393778
2015-09-04,434444
2015-09-05,416212
2015-09-06,407718
2015-09-07,430369
2015-09-08,385067
2015-09-09,421875
2015-09-10,484165
2015-09-11,447358
2015-09-12,382236
2015-09-13,427538
2015-09-14,430369
2015-09-15,453020
2015-09-16,402055
2015-09-17,410910
2015-09-18,433587
2015-09-19,368697
2015-09-20,377545
2015-09-21,389344
2015-09-22,463083
2015-09-23,466033
2015-09-24,412940
2015-09-25,483730
2015-09-26,433587
2015-09-27,439486
2015-09-28,421789
2015-09-29,513226
2015-09-30,436537
2015-10-01,444776
2015-10-02,417179
2015-10-03,438341
2015-10-04,462525
2015-10-05,462525
2015-10-06,429271
2015-10-07,402064
2015-10-08,423225
2015-10-09,380903
2015-10-10,483686
2015-10-11,441364
2015-10-12,429271
2015-10-13,414156
2015-10-14,459502
2015-10-15,502137
2015-10-16,435823
2015-10-17,411610
2015-10-18,438849
2015-10-19,499380
2015-10-20,387398
2015-10-21,435823
2015-10-22,447929
2015-10-23,450956
2015-10-24,438849
2015-10-25,469115
2015-10-26,496354
2015-10-27,444903
2015-10-28,420690
2015-10-29,466068
2015-10-30,529187
2015-10-31,454915
2015-11-01,473483
2015-11-02,473483
2015-11-03,479672
2015-11-04,479672
2015-11-05,451820
2015-11-06,448726
2015-11-07,470388
2015-11-08,430158
2015-11-09,461104
2015-11-10,451820
2015-11-11,537055
2015-11-12,527006
2015-11-13,523733
2015-11-14,464813
2015-11-15,523733
2015-11-16,566286
2015-11-17,487726
2015-11-18,500820
2015-11-19,445173
2015-11-20,546646
2015-11-21,569560
2015-11-22,563013
2015-11-23,533553
2015-11-24,560533
2015-11-25,535030
2015-11-26,636252
2015-11-27,480804
2015-11-28,556720
2015-11-29,538645
2015-11-30,585641
2015-12-01,603716
2015-12-02,582026
2015-12-03,513339
2015-12-04,553105
2015-12-05,632637
2015-12-06,577650
2015-12-07,578033
2015-12-08,688135
2015-12-09,660609
2015-12-10,849355
2015-12-11,629152
2015-12-12,637016
2015-12-13,558372
2015-12-14,766779
2015-12-15,719592
2015-12-16,640948
2015-12-17,609491
2015-12-18,684510
2015-12-19,729321
2015-12-20,766484
2015-12-21,692158
2015-12-22,696803
2015-12-23,729321
2015-12-24,641059
2015-12-25,752548
2015-12-26,794356
2015-12-27,952298
2015-12-28,701449
2015-12-29,738612
2015-12-30,766484
2015-12-31,702681
2016-01-01,697129
2016-01-02,748768
2016-01-03,748768
2016-01-04,934669
2016-01-05,810735
2016-01-06,728112
2016-01-07,759096
2016-01-08,893358
2016-01-09,779751
2016-01-10,903685
2016-01-11,877866
2016-01-12,877866
2016-01-13,813710
2016-01-14,749438
2016-01-15,687454
2016-01-16,800151
2016-01-17,850865
2016-01-18,974832
2016-01-19,749438
2016-01-20,856500
2016-01-21,771977
2016-01-22,991737
2016-01-23,1008642
2016-01-24,963563
2016-01-25,912849
2016-01-26,928141
2016-01-27,924867
2016-01-28,871165
2016-01-29,1008404
2016-01-30,1115808
2016-01-31,1080007
2016-02-01,960669
2016-02-02,1074040
2016-02-03,1068073
2016-02-04,1002437
2016-02-05,1121775
2016-02-06,1193377
2016-02-07,1234537
2016-02-08,1060281
2016-02-09,1260875
2016-02-10,1174907
2016-02-11,1375500
2016-02-12,1225055
2016-02-13,1117594
2016-02-14,1189235
2016-02-15,1088938
2016-02-16,988641
2016-02-17,1110430
2016-02-18,1210727
2016-02-19,1106210
2016-02-20,1219082
2016-02-21,1040283
2016-02-22,1032156
2016-02-23,1105301
2016-02-24,959011
2016-02-25,1259718
2016-02-26,1137809
2016-02-27,1194700
2016-02-28,1089046
2016-02-29,1080919
2016-03-01,1145937
2016-03-02,1275972
2016-03-03,1097173
2016-03-04,1257200
2016-03-05,1181318
2016-03-06,1165567
2016-03-07,1047436
2016-03-08,1212820
2016-03-09,1323077
2016-03-10,1220696
2016-03-11,1260073
2016-03-12,1134066
2016-03-13,1047436
2016-03-14,1197069
2016-03-15,1267948
2016-03-16,1197069
2016-03-17,1110439
2016-03-18,1099528
2016-03-19,1118857
2016-03-20,1201126
2016-03-21,1143538
2016-03-22,1217580
2016-03-23,1225806
2016-03-24,1209353
2016-03-25,1201126
2016-03-26,1258714
2016-03-27,1159991
2016-03-28,1398571
2016-03-29,1291622
2016-03-30,1209353
2016-03-31,1020134
2016-04-01,1266862
2016-04-02,1152898
2016-04-03,1177781
2016-04-04,1376842
2016-04-05,1285606
2016-04-06,1302194
2016-04-07,1152898
2016-04-08,1194369
2016-04-09,1343665
2016-04-10,1434902
2016-04-11,1269017
2016-04-12,1227546
2016-04-13,1360254
2016-04-14,1425512
2016-04-15,1234618
2016-04-16,1225736
2016-04-17,1403379
2016-04-18,1190207
2016-04-19,1332322
2016-04-20,1465554
2016-04-21,1341204
2016-04-22,1270146
2016-04-23,1279029
2016-04-24,1172443
2016-04-25,1128032
2016-04-26,1341204
2016-04-27,1145796
2016-04-28,1199003
2016-04-29,1403229
2016-04-30,1296655
2016-05-01,1376585
2016-05-02,1394348
2016-05-03,1341061
2016-05-04,1483160
2016-05-05,1376585
2016-05-06,1438754
2016-05-07,1332179
2016-05-08,1492041
2016-05-09,1518685
2016-05-10,1403229
2016-05-11,1263377
2016-05-12,1342247
2016-05-13,1467781
2016-05-14,1390530
2016-05-15,1342247
2016-05-16,1361560
2016-05-17,1361560
2016-05-18,1477438
2016-05-19,1158775
2016-05-20,1438812
2016-05-21,1361560
2016-05-22,1776788
2016-05-23,1738162
2016-05-24,1424527
2016-05-25,1367284
2016-05-26,1337560
2016-05-27,1377192
2016-05-28,1317744
2016-05-29,1456454
2016-05-30,1426731
2016-05-31,1258297
2016-06-01,1416823
2016-06-02,1367284
2016-06-03,1406915
2016-06-04,1179034
2016-06-05,1684335
2016-06-06,1684335
2016-06-07,1387099
2016-06-08,1405239
2016-06-09,1608133
2016-06-10,1403462
2016-06-11,1520417
2016-06-12,1422954
2016-06-13,1569148
2016-06-14,1286507
2016-06-15,1481432
2016-06-16,1452193
2016-06-17,1452193
2016-06-18,1539910
2016-06-19,1725089
2016-06-20,1598387
2016-06-21,1531412
2016-06-22,1343144
2016-06-23,1457676
2016-06-24,1343144
2016-06-25,1686739
2016-06-26,1520148
2016-06-27,1530560
2016-06-28,1540972
2016-06-29,1520148
2016-06-30,1561795
2016-07-01,1613855
2016-07-02,1551383
2016-07-03,1603443
2016-07-04,1573973
2016-07-05,1538177
2016-07-06,1485136
2016-07-07,1453312
2016-07-08,1538177
2016-07-09,1580609
2016-07-10,1654866
2016-07-11,1516960
2016-07-12,1516960
2016-07-13,1368447
2016-07-14,1495744
2016-07-15,1432095
2016-07-16,1665474
2016-07-17,1580609
2016-07-18,1570047
2016-07-19,1358434
2016-07-20,1591915
2016-07-21,1411498
2016-07-22,1369047
2016-07-23,1390272
2016-07-24,1315983
2016-07-25,1390272
2016-07-26,1369047
2016-07-27,1358434
2016-07-28,1443336
2016-07-29,1560077
2016-07-30,1262919
2016-07-31,1634366
2016-08-01,1623753
2016-08-02,1611302
2016-08-03,1666003
2016-08-04,1535533
2016-08-05,1696112
2016-08-06,1666003
2016-08-07,1485352
2016-08-08,1485352
2016-08-09,1244484
2016-08-10,1515461
2016-08-11,1505424
2016-08-12,1495388
2016-08-13,1635895
2016-08-14,1635895
2016-08-15,1480672
2016-08-16,1458782
2016-08-17,1329112
2016-08-18,1664092
2016-08-19,1664092
2016-08-20,1674898
2016-08-21,1761344
2016-08-22,1707315
2016-08-23,1588451
2016-08-24,1642480
2016-08-25,1404753
2016-08-26,1426364
2016-08-27,1556034
2016-08-28,1642480
2016-08-29,1618801
2016-08-30,1799709
2016-08-31,1470493
2016-09-01,1536337
2016-09-02,1678996
2016-09-03,1382703
2016-09-04,1964316
2016-09-05,1536337
2016-09-06,1492441
2016-09-07,1668023
2016-09-08,1580232
2016-09-09,1558284
2016-09-10,1700944
2016-09-11,1799709
2016-09-12,1821039
2016-09-13,1852325
2016-09-14,1751289
2016-09-15,1728836
2016-09-16,1560443
2016-09-17,1829872
2016-09-18,1627800
2016-09-19,1493086
2016-09-20,1695158
2016-09-21,1863551
2016-09-22,1582896
2016-09-23,1526764
2016-09-24,1863551
2016-09-25,2162558
2016-09-26,1834694
2016-09-27,2002575
2016-09-28,1774737
2016-09-29,1714780
2016-09-30,1702788
2016-10-01,1882660
2016-10-02,1690797
2016-10-03,1810711
2016-10-04,1894652
2016-10-05,2002575
2016-10-06,1930626
2016-10-07,1714780
2016-10-08,2109095
2016-10-09,2056197
2016-10-10,1593553
2016-10-11,1786321
2016-10-12,1850577
2016-10-13,1644958
2016-10-14,1747768
2016-10-15,1824875
2016-10-16,1670660
2016-10-17,1606404
2016-10-18,1991941
2016-10-19,1606404
2016-10-20,1722065
2016-10-21,2107602
2016-10-22,1906300
2016-10-23,1815470
2016-10-24,1802862
2016-10-25,1752432
2016-10-26,1739825
2016-10-27,2042403
2016-10-28,1916329
2016-10-29,1878507
2016-10-30,2118048
2016-10-31,1853292
2016-11-01,1815470
2016-11-02,1676788
2016-11-03,1954151
2016-11-04,1462462
2016-11-05,1856081
2016-11-06,1936557
2016-11-07,1847956
2016-11-08,2139073
2016-11-09,1860614
2016-11-10,2126416
2016-11-11,2063129
2016-11-12,2126416
2016-11-13,1797327
2016-11-14,2177044
2016-11-15,1974529
2016-11-16,2164387
2016-11-17,2012500
2016-11-18,2011089
2016-11-19,1989192
2016-11-20,1793075
2016-11-21,1947167
2016-11-22,1877125
2016-11-23,2059234
2016-11-24,2269360
2016-11-25,2129276
2016-11-26,2143285
2016-11-27,2017209
2016-11-28,2297377
2016-11-29,2087251
2016-11-30,1989192
2016-12-01,2045226
2016-12-02,2035532
2016-12-03,2451895
2016-12-04,2109770
2016-12-05,2166790
2016-12-06,2138280
2016-12-07,2480405
2016-12-08,2238066
2016-12-09,1924452
2016-12-10,1881686
2016-12-11,2665723
2016-12-12,2223811
2016-12-13,2537426
2016-12-14,1981473
2016-12-15,1952251
2016-12-16,2050571
2016-12-17,2220167
2016-12-18,2173914
2016-12-19,2328092
2016-12-20,2127660
2016-12-21,2451435
2016-12-22,2451435
2016-12-23,2343510
2016-12-24,2112242
2016-12-25,2543942
2016-12-26,2189332
2016-12-27,2405181
2016-12-28,2546127
2016-12-29,2368856
2016-12-30,2479403
2016-12-31,2337271
2017-01-01,2463610
2017-01-02,2510987
2017-01-03,2589949
2017-01-04,2416233
2017-01-05,2210932
2017-01-06,2542572
2017-01-07,2179347
2017-01-08,2637326
2017-01-09,2147763
2017-01-10,2545880
2017-01-11,2562350
2017-01-12,2880550
2017-01-13,2512107
2017-01-14,2880550
2017-01-15,2796813
2017-01-16,2830308
2017-01-17,2646087
2017-01-18,2512107
2017-01-19,2914045
2017-01-20,3165256
2017-01-21,3031276
2017-01-22,2950275
2017-01-23,2695734
2017-01-24,2910612
2017-01-25,2910612
2017-01-26,3027818
2017-01-27,3320832
2017-01-28,2969215
2017-01-29,3262229
2017-01-30,2812940
2017-01-31,2832474
2017-02-01,3750587
2017-02-02,3066886
2017-02-03,2910612
2017-02-04,2824555
2017-02-05,3336807
2017-02-06,2623276
2017-02-07,3168918
2017-02-08,3063987
2017-02-09,3546669
2017-02-10,3084973
2017-02-11,2917083
2017-02-12,2938069
2017-02-13,3420752
2017-02-14,3546669
2017-02-15,2917083
2017-02-16,3168918
2017-02-17,3168918
2017-02-18,3254025
2017-02-19,2936112
2017-02-20,3242870
2017-02-21,3023757
2017-02-22,3023757
2017-02-23,3286693
2017-02-24,3571539
2017-02-25,3659185
2017-02-26,3900209
2017-02-27,3155225
2017-02-28,3352427
2017-03-01,3155225
2017-03-02,3440072
2017-03-03,3349345
2017-03-04,3023455
2017-03-05,3367030
2017-03-06,3252505
2017-03-07,3504460
2017-03-08,3252505
2017-03-09,3389935
2017-03-10,3573175
2017-03-11,3412840
2017-03-12,3550270
2017-03-13,3321220
2017-03-14,3573175
2017-03-15,3252505
2017-03-16,3504460
2017-03-17,3600869
2017-03-18,3712647
2017-03-19,3901826
2017-03-20,3216051
2017-03-21,3357935
2017-03-22,3759942
2017-03-23,3499820
2017-03-24,4161948
2017-03-25,3145108
2017-03-26,3925474
2017-03-27,3121461
2017-03-28,3665352
2017-03-29,3263345
2017-03-30,3942417
2017-03-31,3352999
2017-04-01,3278488
2017-04-02,3924251
2017-04-03,4371318
2017-04-04,3104629
2017-04-05,4023599
2017-04-06,3651044
2017-04-07,4023599
2017-04-08,3402674
2017-04-09,3949088
2017-04-10,3651044
2017-04-11,4147785
2017-04-12,3526859
2017-04-13,3274289
2017-04-14,3598646
2017-04-15,3883431
2017-04-16,3779873
2017-04-17,3572756
2017-04-18,3779873
2017-04-19,3702204
2017-04-20,3572756
2017-04-21,4323553
2017-04-22,3753983
2017-04-23,3961100
2017-04-24,3210303
2017-04-25,3831652
2017-04-26,3961100
2017-04-27,3813586
2017-04-28,3528859
2017-04-29,4488916
2017-04-30,3918071
2017-05-01,3892124
2017-05-02,4099704
2017-05-03,3425069
2017-05-04,4359179
2017-05-05,3347226
2017-05-06,4359179
2017-05-07,4333231
2017-05-08,4670548
2017-05-09,4021861
2017-05-10,4093329
2017-05-11,3757901
2017-05-12,4286790
2017-05-13,4398136
2017-05-14,4565153
2017-05-15,4732171
2017-05-16,3674392
2017-05-17,4314627
2017-05-18,3952755
2017-05-19,4565153
2017-05-20,4592990
2017-05-21,4091936
2017-05-22,4064100
2017-05-23,4887381
2017-05-24,4562009
2017-05-25,4828620
2017-05-26,4532386
2017-05-27,4976737
2017-05-28,4887867
2017-05-29,4473139
2017-05-30,5302595
2017-05-31,4858244
2017-06-01,5035984
2017-06-02,4325022
2017-06-03,5687700
2017-06-04,5049391
2017-06-05,5533581
2017-06-06,5094943
2017-06-07,5567322
2017-06-08,5567322
2017-06-09,5094943
2017-06-10,4757530
2017-06-11,4926236
2017-06-12,4959978
2017-06-13,4757530
2017-06-14,4723788
2017-06-15,5162426
2017-06-16,4993719
2017-06-17,4907231
2017-06-18,5129905
2017-06-19,5342177
2017-06-20,4882255
2017-06-21,4953012
2017-06-22,4917633
2017-06-23,5660585
2017-06-24,5165284
2017-06-25,4316196
2017-06-26,5023769
2017-06-27,4634604
2017-06-28,5554449
2017-06-29,4245439
2017-06-30,5448313
2017-07-01,5801798
2017-07-02,6622798
2017-07-03,5988701
2017-07-04,5389830
2017-07-05,5248920
2017-07-06,5002326
2017-07-07,5213692
2017-07-08,5812562
2017-07-09,4861416
2017-07-10,6939847
2017-07-11,6094383
2017-07-12,6235294
2017-07-13,5530741
2017-07-14,5287415
2017-07-15,5079131
2017-07-16,6518885
2017-07-17,5918988
2017-07-18,6598872
2017-07-19,5958981
2017-07-20,6478892
2017-07-21,6158947
2017-07-22,6398906
2017-07-23,6878824
2017-07-24,7118783
2017-07-25,5918988
2017-07-26,5878995
2017-07-27,6416436
2017-07-28,6414280
2017-07-29,6713613
2017-07-30,6285994
2017-07-31,6200470
2017-08-01,6371518
2017-08-02,6499803
2017-08-03,5901137
2017-08-04,7654374
2017-08-05,7568850
2017-08-06,5986661
2017-08-07,6542565
2017-08-08,7012946
2017-08-09,6107869
2017-08-10,6149818
2017-08-11,6608759
2017-08-12,6195712
2017-08-13,6792336
2017-08-14,5966241
2017-08-15,6975913
2017-08-16,5966241
2017-08-17,8215055
2017-08-18,6838230
2017-08-19,6930018
2017-08-20,5966241
2017-08-21,5277828
2017-08-22,4084580
2017-08-23,7297172
2017-08-24,4467992
2017-08-25,4459277
2017-08-26,4635882
2017-08-27,6843445
2017-08-28,5695512
2017-08-29,6578538
2017-08-30,7417412
2017-08-31,7196655
2017-09-01,7682319
2017-09-02,7240807
2017-09-03,6799294
2017-09-04,7726470
2017-09-05,8697798
2017-09-06,7283044
2017-09-07,8072925
2017-09-08,8027056
2017-09-09,7751843
2017-09-10,6329907
2017-09-11,7981187
2017-09-12,8623352
2017-09-13,8715089
2017-09-14,7981187
2017-09-15,8256400
2017-09-16,7751843
2017-09-17,8072925
2017-09-18,6687570
2017-09-19,8556655
2017-09-20,6417491
2017-09-21,9653662
2017-09-22,7624199
2017-09-23,9105159
2017-09-24,7953301
2017-09-25,6856294
2017-09-26,7569349
2017-09-27,8063002
2017-09-28,9708513
2017-09-29,9269710
2017-09-30,7569349
2017-10-01,7133598
2017-10-02,8380132
2017-10-03,10223761
2017-10-04,7486251
2017-10-05,6983443
2017-10-06,8882939
2017-10-07,8827072
2017-10-08,10167893
2017-10-09,8994675
2017-10-10,8938807
2017-10-11,7765589
2017-10-12,8547734
2017-10-13,7597986
2017-10-14,7877324
2017-10-15,11485102
2017-10-16,10351762
2017-10-17,9756833
2017-10-18,8983426
2017-10-19,10589733
2017-10-20,10649226
2017-10-21,9102411
2017-10-22,10827705
2017-10-23,10173283
2017-10-24,9935312
2017-10-25,11006184
2017-10-26,11103293
2017-10-27,7510989
2017-10-28,6138789
2017-10-29,11122042
2017-10-30,10616495
2017-10-31,9966505
2017-11-01,11266484
2017-11-02,10833158
2017-11-03,8594305
2017-11-04,9388737
2017-11-05,10183169
2017-11-06,9605400
2017-11-07,11266484
2017-11-08,10399832
2017-11-09,11049821
2017-11-10,8468739
2017-11-11,5426063
2017-11-12,5426063
2017-11-13,9495610
2017-11-14,8681701
2017-11-15,10309520
2017-11-16,10309520
2017-11-17,11326906
2017-11-18,9224307
2017-11-19,10852126
2017-11-20,11869513
2017-11-21,11733861
2017-11-22,10038216
2017-11-23,10648648
2017-11-24,10083527
2017-11-25,10445729
2017-11-26,10244850
2017-11-27,11383166
2017-11-28,10445729
2017-11-29,11584046
2017-11-30,11182287
2017-12-01,12253644
2017-12-02,10780528
2017-12-03,11784925
2017-12-04,12119724
2017-12-05,11918845
2017-12-06,13218896
2017-12-07,12020755
2017-12-08,12337090
2017-12-09,13760601
2017-12-10,12969762
2017-12-11,13523349
2017-12-12,12337090
2017-12-13,14709608
2017-12-14,14630524
2017-12-15,13365181
2017-12-16,13523349
2017-12-17,14630524
2017-12-18,15613766
2017-12-19,13035760
2017-12-20,12663310
2017-12-21,12290860
2017-12-22,14432449
2017-12-23,12942648
2017-12-24,14153111
2017-12-25,12570198
2017-12-26,13221986
2017-12-27,14525562
2017-12-28,13873774
2017-12-29,15363575
2017-12-30,13687548
2017-12-31,15177350
2018-01-01,14923655
2018-01-02,16415540
2018-01-03,15071578
2018-01-04,16127548
2018-01-05,13727615
2018-01-06,16127548
2018-01-07,15551564
2018-01-08,15935554
2018-01-09,15743559
2018-01-10,15935554
2018-01-11,18527481
2018-01-12,17087521
2018-01-13,15881806
2018-01-14,17165770
2018-01-15,16612036
2018-01-16,17608758
2018-01-17,18494733
2018-01-18,19159214
2018-01-19,18273239
2018-01-20,19712949
2018-01-21,20709671
2018-01-22,18494733
2018-01-23,19602202
2018-01-24,19491455
2018-01-25,19419246
2018-01-26,20056949
2018-01-27,20315748
2018-01-28,20445148
2018-01-29,19151151
2018-01-30,21609745
2018-01-31,15139761
2018-02-01,20703947
2018-02-02,21739145
2018-02-03,20445148
2018-02-04,23033142
2018-02-05,23938939
2018-02-06,22105953
2018-02-07,20149017
2018-02-08,18720008
2018-02-09,19291612
2018-02-10,20434818
2018-02-11,21578025
2018-02-12,23721537
2018-02-13,23435736
2018-02-14,25579248
2018-02-15,18720008
2018-02-16,22435430
2018-02-17,21292223
2018-02-18,23149934
2018-02-19,23149934
2018-02-20,20835108
2018-02-21,25265138
2018-02-22,22275181
2018-02-23,22125683
2018-02-24,21677190
2018-02-25,25564134
2018-02-26,21079198
2018-02-27,23919658
2018-02-28,23172168
2018-03-01,24667147
2018-03-02,23321666
2018-03-03,26909615
2018-03-04,22125683
2018-03-05,24020983
2018-03-06,25517998
2018-03-07,25681575
2018-03-08,26499459
2018-03-09,23882228
2018-03-10,22900767
2018-03-11,25027267
2018-03-12,26335882
2018-03-13,25845151
2018-03-14,23555075
2018-03-15,23555075
2018-03-16,25517998
2018-03-17,24372959
2018-03-18,25426608
2018-03-19,26679206
2018-03-20,21859737
2018-03-21,26162835
2018-03-22,24613719
2018-03-23,22892480
2018-03-24,26851330
2018-03-25,23236728
2018-03-26,25818587
2018-03-27,26162835
2018-03-28,23236728
2018-03-29,26162835
2018-03-30,27884074
2018-03-31,22031861
2018-04-01,28151789
2018-04-02,27227579
2018-04-03,28449329
2018-04-04,25656757
2018-04-05,27227579
2018-04-06,24085935
2018-04-07,31416438
2018-04-08,28100258
2018-04-09,25656757
2018-04-10,28623865
2018-04-11,28100258
2018-04-12,26878508
2018-04-13,28798401
2018-04-14,25934796
2018-04-15,31109116
2018-04-16,26910340
2018-04-17,30918263
2018-04-18,30536556
2018-04-19,33971919
2018-04-20,26146926
2018-04-21,30345703
2018-04-22,30536556
2018-04-23,29200582
2018-04-24,30345703
2018-04-25,23474977
2018-04-26,26910340
2018-04-27,27882432
2018-04-28,25592018
2018-04-29,31590148
2018-04-30,30990335
2018-05-01,31590148
2018-05-02,27991270
2018-05-03,30190584
2018-05-04,27591395
2018-05-05,32189961
2018-05-06,27391457
2018-05-07,29990647
2018-05-08,27791332
2018-05-09,31990023
2018-05-10,30790397
2018-05-11,26155095
2018-05-12,33988897
2018-05-13,30487010
2018-05-14,27191117
2018-05-15,30075024
2018-05-16,36872803
2018-05-17,27191117
2018-05-18,30487010
2018-05-19,31722970
2018-05-20,29663037
2018-05-21,32340950
2018-05-22,31104990
2018-05-23,33370917
2018-05-24,30032592
2018-05-25,37681533
2018-05-26,34684139
2018-05-27,35112338
2018-05-28,33399541
2018-05-29,29759847
2018-05-30,37253334
2018-05-31,36396936
2018-06-01,35540537
2018-06-02,32543142
2018-06-03,34898238
2018-06-04,39180231
2018-06-05,38570079
2018-06-06,36103754
2018-06-07,35121339
2018-06-08,35612546
2018-06-09,35121339
2018-06-10,31191679
2018-06-11,34384528
2018-06-12,35612546
2018-06-13,35121339
2018-06-14,37577377
2018-06-15,37577377
2018-06-16,40770226
2018-06-17,38559792
2018-06-18,40279018
2018-06-19,38748592
2018-06-20,39122596
2018-06-21,42908653
2018-06-22,38112980
2018-06-23,40384615
2018-06-24,43161057
2018-06-25,39627403
2018-06-26,36850961
2018-06-27,30540865
2018-06-28,39627403
2018-06-29,38112980
2018-06-30,35588942
2018-07-01,37103365
2018-07-02,36328697
2018-07-03,30929068
2018-07-04,35728406
2018-07-05,36528296
2018-07-06,42660784
2018-07-07,41594264
2018-07-08,42127524
2018-07-09,36261666
2018-07-10,39727855
2018-07-11,35995036
2018-07-12,37594816
2018-07-13,38128076
2018-07-14,35461777
2018-07-15,35461777
2018-07-16,31995588
2018-07-17,41051426
2018-07-18,44793365
2018-07-19,44021066
2018-07-20,39644702
2018-07-21,35268339
2018-07-22,46852830
2018-07-23,42733900
2018-07-24,40931868
2018-07-25,45565664
2018-07-26,42476467
2018-07-27,42991333
2018-07-28,37327804
2018-07-29,47480188
2018-07-30,39630250
2018-07-31,43474975
2018-08-01,44362220
2018-08-02,45249464
2018-08-03,49094190
2018-08-04,52051671
2018-08-05,47319701
2018-08-06,38743005
2018-08-07,44657968
2018-08-08,46432457
2018-08-09,44066472
2018-08-10,52051671
2018-08-11,52485702
2018-08-12,49230273
2018-08-13,47642199
2018-08-14,43195594
2018-08-15,51135961
2018-08-16,50183117
2018-08-17,48277429
2018-08-18,50818346
2018-08-19,46054126
2018-08-20,47642199
2018-08-21,47006970
2018-08-22,50818346
2018-08-23,47324585
2018-08-24,47295605
2018-08-25,45145645
2018-08-26,57853309
2018-08-27,61866255
2018-08-28,51165065
2018-08-29,46483294
2018-08-30,51499477
2018-08-31,51833889
2018-09-01,50496240
2018-09-02,48155355
2018-09-03,48155355
2018-09-04,42135936
2018-09-05,44142409
2018-09-06,50161828
2018-09-07,52746513
2018-09-08,52338942
2018-09-09,56874984
2018-09-10,47105048
2018-09-11,49198606
2018-09-12,58619616
2018-09-13,51641090
2018-09-14,46058269
2018-09-15,48849680
2018-09-16,48500753
2018-09-17,47105048
2018-09-18,49547532
2018-09-19,54432500
2018-09-20,53860675
2018-09-21,51200543
2018-09-22,55111696
2018-09-23,53333899
2018-09-24,52622781
2018-09-25,60089527
2018-09-26,49422747
2018-09-27,50844984
2018-09-28,54756137
2018-09-29,54045018
2018-09-30,57956171
2018-10-01,56178374
2018-10-02,48711628
2018-10-03,51556103
2018-10-04,54987108
2018-10-05,48176505
2018-10-06,46323562
2018-10-07,52623567
2018-10-08,50029447
2018-10-09,48176505
2018-10-10,53364744
2018-10-11,58923571
2018-10-12,48917682
2018-10-13,52252978
2018-10-14,42247089
2018-10-15,60035337
2018-10-16,50029447
2018-10-17,51141213
2018-10-18,50884200
2018-10-19,50702736
2018-10-20,51059798
2018-10-21,49274490
2018-10-22,55344536
2018-10-23,54987474
2018-10-24,40347952
2018-10-25,48917428
2018-10-26,51059798
2018-10-27,48560367
2018-10-28,49988613
2018-10-29,52130982
2018-10-30,54987474
2018-10-31,58201028
2018-11-01,54989095
2018-11-02,51070835
2018-11-03,57499331
2018-11-04,43928060
2018-11-05,51427973
2018-11-06,45713754
2018-11-07,46428031
2018-11-08,43213783
2018-11-09,45356615
2018-11-10,46785170
2018-11-11,52142251
2018-11-12,49999418
2018-11-13,42856644
2018-11-14,48213725
2018-11-15,45356615
2018-11-16,44814668
2018-11-17,47956936
2018-11-18,40680711
2018-11-19,41672924
2018-11-20,43657349
2018-11-21,34727436
2018-11-22,40349974
2018-11-23,41342186
2018-11-24,47295461
2018-11-25,42003661
2018-11-26,36711861
2018-11-27,43326611
2018-11-28,39027024
2018-11-29,34727436
2018-11-30,33404486
2018-12-01,41011449
2018-12-02,37704074
2018-12-03,34851039
2018-12-04,38734427
2018-12-05,36488953
2018-12-06,37892374
2018-12-07,31998005
2018-12-08,35646900
2018-12-09,35927585
2018-12-10,34804847
2018-12-11,35085532
2018-12-12,33682110
2018-12-13,36769637
2018-12-14,40979901
2018-12-15,41821954
2018-12-16,32278689
2018-12-17,44909481
2018-12-18,35632316
2018-12-19,37822407
2018-12-20,34268624
2018-12-21,35537832
2018-12-22,44422290
2018-12-23,44676132
2018-12-24,38583932
2018-12-25,40360824
2018-12-26,39853140
2018-12-27,44168448
2018-12-28,42391557
2018-12-29,35030149
2018-12-30,44676132
2018-12-31,40567549
2019-01-01,41615985
2019-01-02,42174589
2019-01-03,43291796
2019-01-04,41615985
2019-01-05,45526212
2019-01-06,39381569
2019-01-07,39381569
2019-01-08,47202023
2019-01-09,45805513
2019-01-10,43571098
2019-01-11,41336683
2019-01-12,38543664
2019-01-13,38264362
2019-01-14,43489353
2019-01-15,38609293
2019-01-16,38901788
2019-01-17,37146820
2019-01-18,40364261
2019-01-19,38901788
2019-01-20,45921660
2019-01-21,43874197
2019-01-22,38024304
2019-01-23,42704219
2019-01-24,47384133
2019-01-25,40364261
2019-01-26,43874197
2019-01-27,40071767
2019-01-28,42053315
2019-01-29,42201068
2019-01-30,39310584
2019-01-31,44802503
2019-02-01,45669649
2019-02-02,41622971
2019-02-03,39888680
2019-02-04,42490116
2019-02-05,42490116
2019-02-06,47403939
2019-02-07,50294423
2019-02-08,47114891
2019-02-09,43357261
2019-02-10,41080343
2019-02-11,43691361
2019-02-12,38568926
2019-02-13,46101919
2019-02-14,42486082
2019-02-15,38267606
2019-02-16,45197960
2019-02-17,47909837
2019-02-18,46704558
2019-02-19,47005878
2019-02-20,39171565
2019-02-21,35857048
2019-02-22,48813797
2019-02-23,43088722
2019-02-24,41300825
2019-02-25,43162133
2019-02-26,48595129
2019-02-27,42558467
2019-02-28,45274965
2019-03-01,48896962
2019-03-02,39841969
2019-03-03,44067633
2019-03-04,41351135
2019-03-05,44973132
2019-03-06,38634637
2019-03-07,42860300
2019-03-08,44067633
2019-03-09,41652968
2019-03-10,41044308
2019-03-11,42839445
2019-03-12,43141131
2019-03-13,40727641
2019-03-14,46761366
2019-03-15,46157993
2019-03-16,49174856
2019-03-17,44046190
2019-03-18,48571483
2019-03-19,52493404
2019-03-20,48571483
2019-03-21,43141131
2019-03-22,48571483
2019-03-23,43744504
2019-03-24,47567250
2019-03-25,46933020
2019-03-26,42493410
2019-03-27,47250135
2019-03-28,46298790
2019-03-29,46615905
2019-03-30,44078985
2019-03-31,44078985
2019-04-01,43127640
2019-04-02,49787055
2019-04-03,45030330
2019-04-04,44396100
2019-04-05,50104170
2019-04-06,44084457
2019-04-07,44809649
2019-04-08,47034242
2019-04-09,41949459
2019-04-10,47034242
2019-04-11,49894432
2019-04-12,47987638
2019-04-13,42902855
2019-04-14,38771469
2019-04-15,46080845
2019-04-16,46080845
2019-04-17,43856252
2019-04-18,47352040
2019-04-19,48305437
2019-04-20,41631660
2019-04-21,51189192
2019-04-22,42318655
2019-04-23,36634060
2019-04-24,51477170
2019-04-25,45160953
2019-04-26,47687440
2019-04-27,43266088
2019-04-28,51477170
2019-04-29,51477170
2019-04-30,44213520
2019-05-01,54003657
2019-05-02,58109198
2019-05-03,48003251
2019-05-04,43092854
2019-05-05,42978500
2019-05-06,50308167
2019-05-07,42312167
2019-05-08,50641334
2019-05-09,49975000
2019-05-10,41645834
2019-05-11,43311667
2019-05-12,52640334
2019-05-13,55638834
2019-05-14,50641334
2019-05-15,49641834
2019-05-16,48642334
2019-05-17,50308167
2019-05-18,50987355
2019-05-19,54326123
2019-05-20,53659544
2019-05-21,50993232
2019-05-22,55659279
2019-05-23,52659677
2019-05-24,50993232
2019-05-25,46660473
2019-05-26,54992701
2019-05-27,55659279
2019-05-28,54659412
2019-05-29,57992303
2019-05-30,53851726
2019-05-31,43386260
2019-06-01,55994233
2019-06-02,48577778
2019-06-03,44127906
2019-06-04,57106701
2019-06-05,59331638
2019-06-06,58219170
2019-06-07,58589992
2019-06-08,45982019
2019-06-09,54510942
2019-06-10,58219170
2019-06-11,53027651
2019-06-12,48577778
2019-06-13,55994233
2019-06-14,62251625
2019-06-15,53775192
2019-06-16,47882020
2019-06-17,48986990
2019-06-18,60036687
2019-06-19,65193212
2019-06-20,53038545
2019-06-21,48986990
2019-06-22,51933576
2019-06-23,66666505
2019-06-24,65193212
2019-06-25,53775192
2019-06-26,60773333
2019-06-27,55670540
2019-06-28,64293187
2019-06-29,68631991
2019-06-30,59954383
2019-07-01,56404452
2019-07-02,62321003
2019-07-03,67843118
2019-07-04,65870934
2019-07-05,74548542
2019-07-06,70209738
2019-07-07,60348820
2019-07-08,70209738
2019-07-09,66020895
2019-07-10,58125055
2019-07-11,58125055
2019-07-12,73895419
2019-07-13,63532037
2019-07-14,65334365
2019-07-15,65784947
2019-07-16,72994256
2019-07-17,59927383
2019-07-18,54520401
2019-07-19,53168655
2019-07-20,79752983
2019-07-21,67136692
2019-07-22,71191928
2019-07-23,64200324
2019-07-24,62282811
2019-07-25,67211666
2019-07-26,74380911
2019-07-27,68107822
2019-07-28,78413611
2019-07-29,75277066
2019-07-30,63627044
2019-07-31,76621300
2019-08-01,63627044
2019-08-02,75725144
2019-08-03,77517455
2019-08-04,74828989
2019-08-05,70546861
2019-08-06,79916269
2019-08-07,75945274
2019-08-08,70485156
2019-08-09,72967028
2019-08-10,74952525
2019-08-11,75945274
2019-08-12,66017787
2019-08-13,77930771
2019-08-14,75448899
2019-08-15,77930771
2019-08-16,72967028
2019-08-17,63535915
2019-08-18,62789407
2019-08-19,82514504
2019-08-20,77452265
2019-08-21,68846457
2019-08-22,71377577
2019-08-23,77452265
2019-08-24,80995832
2019-08-25,78464713
2019-08-26,69352681
2019-08-27,68340234
2019-08-28,76439817
2019-08-29,83526952
2019-08-30,80995832
2019-08-31,84033176
2019-09-01,76105398
2019-09-02,79786349
2019-09-03,87818532
2019-09-04,72825124
2019-09-05,88354011
2019-09-06,84605659
2019-09-07,80321828
2019-09-08,94779757
2019-09-09,78179913
2019-09-10,97457152
2019-09-11,98528109
2019-09-12,84605659
2019-09-13,81990003
2019-09-14,91618125
2019-09-15,86889448
2019-09-16,96346803
2019-09-17,87480532
2019-09-18,102848734
2019-09-19,87480532
2019-09-20,89253786
2019-09-21,98120057
2019-09-22,98120057
2019-09-23,67383653
2019-09-24,92800294
2019-09-25,92209210
2019-09-26,102371761
2019-09-27,83726816
2019-09-28,100852756
2019-09-29,86263992
2019-09-30,82458228
2019-10-01,90704051
2019-10-02,93875521
2019-10-03,93241227
2019-10-04,93241227
2019-10-05,100218461
2019-10-06,94509815
2019-10-07,98315579
2019-10-08,102755638
2019-10-09,87532580
2019-10-10,103742972
2019-10-11,100875176
2019-10-12,86002553
2019-10-13,91822275
2019-10-14,87295825
2019-10-15,98935268
2019-10-16,92468911
2019-10-17,96995361
2019-10-18,103461719
2019-10-19,91822275
2019-10-20,94408818
2019-10-21,102815083
2019-10-22,109281440
2019-10-23,109314233
2019-10-24,90520752
2019-10-25,93923788
2019-10-26,95285003
2019-10-27,78269823
2019-10-28,91201360
2019-10-29,90520752
2019-10-30,91201360
2019-10-31,89840145
2019-11-01,88478931
2019-11-02,91201360
2019-11-03,93923788
2019-11-04,89840145
2019-11-05,98007431
2019-11-06,89840145
2019-11-07,91495629
2019-11-08,80936306
2019-11-09,91053344
2019-11-10,104964271
2019-11-11,95479548
2019-11-12,85362510
2019-11-13,85362510
2019-11-14,106861216
2019-11-15,99905752
2019-11-16,93582603
2019-11-17,97376493
2019-11-18,88524084
2019-11-19,92950289
2019-11-20,89788714
2019-11-21,87206195
2019-11-22,85127203
2019-11-23,111568229
2019-11-24,84482300
2019-11-25,80612882
2019-11-26,78678173
2019-11-27,89641525
2019-11-28,105119198
2019-11-29,87706815
2019-11-30,81257785
2019-12-01,89641525
2019-12-02,93510943
2019-12-03,101894683
2019-12-04,107698810
2019-12-05,93362398
2019-12-06,92816137
2019-12-07,99217250
2019-12-08,94736471
2019-12-09,94736471
2019-12-10,94736471
2019-12-11,84494690
2019-12-12,85134801
2019-12-13,97296916
2019-12-14,96656805
2019-12-15,79373800
2019-12-16,100497472
2019-12-17,90255692
2019-12-18,85774913
2019-12-19,100640144
2019-12-20,100413778
2019-12-21,113287340
2019-12-22,108781593
2019-12-23,92045964
2019-12-24,80459758
2019-12-25,82390792
2019-12-26,107494237
2019-12-27,93333320
2019-12-28,95908032
2019-12-29,99770100
2019-12-30,106850559
2019-12-31,93333320
2020-01-01,112929774
2020-01-02,96717718
2020-01-03,115924073
2020-01-04,115238132
2020-01-05,111808426
2020-01-06,92602070
2020-01-07,120725662
2020-01-08,97403659
2020-01-09,107692778
2020-01-10,102205248
2020-01-11,111808426
2020-01-12,103577130
2020-01-13,98089600
2020-01-14,99850250
2020-01-15,110915119
2020-01-16,116791417
2020-01-17,116791417
2020-01-18,96958912
2020-01-19,110180582
2020-01-20,111649656
2020-01-21,112384193
2020-01-22,114587805
2020-01-23,116791417
2020-01-24,111649656
2020-01-25,120464103
2020-01-26,105038821
2020-01-27,94755300
2020-01-28,107492950
2020-01-29,123011831
2020-01-30,119936535
2020-01-31,110710648
2020-02-01,116092416
2020-02-02,109941824
2020-02-03,113785944
2020-02-04,101484761
2020-02-05,122243007
2020-02-06,103791233
2020-02-07,106866528
2020-02-08,106866528
2020-02-09,117630064
2020-02-10,93796521
2020-02-11,114210895
2020-02-12,109742275
2020-02-13,108969442
2020-02-14,104332444
2020-02-15,109742275
2020-02-16,109742275
2020-02-17,121334769
2020-02-18,115924938
2020-02-19,108969442
2020-02-20,97376948
2020-02-21,119016270
2020-02-22,114379272
2020-02-23,109742275
2020-02-24,108969442
2020-02-25,111005384
2020-02-26,104700775
2020-02-27,113169220
2020-02-28,121637665
2020-02-29,107010351
2020-03-01,136264979
2020-03-02,114708937
2020-03-03,117788372
2020-03-04,128566393
2020-03-05,125486958
2020-03-06,119328089
2020-03-07,120867806
2020-03-08,121637665
2020-03-09,120142063
2020-03-10,108616241
2020-03-11,97919187
2020-03-12,124250397
2020-03-13,102856289
2020-03-14,105324840
2020-03-15,97919187
2020-03-16,97919187
2020-03-17,101210588
2020-03-18,82285031
2020-03-19,88044983
2020-03-20,89690684
2020-03-21,102033438
2020-03-22,104501989
2020-03-23,92159235
2020-03-24,108616241
2020-03-25,75702228
2020-03-26,111836546
2020-03-27,107197274
2020-03-28,93365368
2020-03-29,104430893
2020-03-30,101664512
2020-03-31,109963656
2020-04-01,105814084
2020-04-02,105814084
2020-04-03,91290582
2020-04-04,108580465
2020-04-05,121029181
2020-04-06,88524201
2020-04-07,116188014
2020-04-08,103260704
2020-04-09,112650577
2020-04-10,119234053
2020-04-11,116308064
2020-04-12,111919080
2020-04-13,125086031
2020-04-14,122891539
2020-04-15,123623036
2020-04-16,112650577
2020-04-17,92900151
2020-04-18,115576566
2020-04-19,111187583
2020-04-20,117771058
2020-04-21,116039619
2020-04-22,103923467
2020-04-23,112649865
2020-04-24,114236483
2020-04-25,107890011
2020-04-26,108683320
2020-04-27,111856556
2020-04-28,122169572
2020-04-29,115029791
2020-04-30,107096702
2020-05-01,111856556
2020-05-02,117409718
2020-05-03,133275896
2020-05-04,125342807
2020-05-05,126330903
2020-05-06,123288445
2020-05-07,117684425
2020-05-08,109678682
2020-05-09,108878107
2020-05-10,136097634
2020-05-11,125690168
2020-05-12,116883851
2020-05-13,95268344
2020-05-14,91265472
2020-05-15,100071790
2020-05-16,100872364
2020-05-17,81658580
2020-05-18,102473513
2020-05-19,92066047
2020-05-20,86731596
2020-05-21,98579623
2020-05-22,83529299
2020-05-23,89549429
2020-05-24,87291880
2020-05-25,94064526
2020-05-26,93312010
2020-05-27,103847237
2020-05-28,98579623
2020-05-29,95569558
2020-05-30,117392528
2020-05-31,112877431
2020-06-01,100837172
2020-06-02,97074591
2020-06-03,104599753
2020-06-04,108319274
2020-06-05,122192367
2020-06-06,133797229
2020-06-07,108539589
2020-06-08,110587505
2020-06-09,109222228
2020-06-10,111952783
2020-06-11,126288201
2020-06-12,111270144
2020-06-13,107856950
2020-06-14,116048617
2020-06-15,94204171
2020-06-16,106884937
2020-06-17,108283617
2020-06-18,96513659
2020-06-19,112206937
2020-06-20,107498953
2020-06-21,114560928
2020-06-22,112206937
2020-06-23,123976895
2020-06-24,109068281
2020-06-25,110637609
2020-06-26,128684878
2020-06-27,108283617
2020-06-28,117699584
2020-06-29,113776264
2020-06-30,115344545
2020-07-01,127111309
2020-07-02,128680584
2020-07-03,127895946
2020-07-04,123188120
2020-07-05,127895946
2020-07-06,120834207
2020-07-07,126326671
2020-07-08,118480294
2020-07-09,128680584
2020-07-10,126326671
2020-07-11,122403482
2020-07-12,119264931
2020-07-13,121474836
2020-07-14,124167138
2020-07-15,118993507
2020-07-16,117268964
2020-07-17,101748071
2020-07-18,112095333
2020-07-19,112957605
2020-07-20,121580323
2020-07-21,107783974
2020-07-22,124167138
2020-07-23,117268964
2020-07-24,138825759
2020-07-25,122442594
2020-07-26,136238943
2020-07-27,128082098
2020-07-28,121437040
2020-07-29,123949530
2020-07-30,113062072
2020-07-31,128137015
2020-08-01,114737065
2020-08-02,118087053
2020-08-03,135674486
2020-08-04,121437040
2020-08-05,108037091
2020-08-06,130649505
2020-08-07,127299518
2020-08-08,118924549
2020-08-09,130649505
2020-08-10,114926419
2020-08-11,129741892
2020-08-12,132269332
2020-08-13,123844534
2020-08-14,140694130
2020-08-15,131426852
2020-08-16,128056933
2020-08-17,105309977
2020-08-18,117947175
2020-08-19,116262215
2020-08-20,123002054
2020-08-21,130584372
2020-08-22,114577256
2020-08-23,132269332
2020-08-24,128593100
2020-08-25,111720008
2020-08-26,123939384
2020-08-27,112592821
2020-08-28,142268448
2020-08-29,127430634
2020-08-30,110847196
2020-08-31,130921885
2020-09-01,134413135
2020-09-02,125685009
2020-09-03,112592821
2020-09-04,117829696
2020-09-05,123066572
2020-09-06,130921885
2020-09-07,151709442
2020-09-08,133652505
2020-09-09,128478859
2020-09-10,136239328
2020-09-11,118993843
2020-09-12,146586618
2020-09-13,139688424
2020-09-14,151760264
2020-09-15,134514779
2020-09-16,133652505
2020-09-17,153484812
2020-09-18,142275247
2020-09-19,128478859
2020-09-20,135654384
2020-09-21,139219832
2020-09-22,123857644
2020-09-23,136339422
2020-09-24,131538738
2020-09-25,162263115
2020-09-26,144020516
2020-09-27,145940790
2020-09-28,123857644
2020-09-29,135379285
2020-09-30,149781337
2020-10-01,119056960
2020-10-02,130578601
2020-10-03,144980653
2020-10-04,151587945
2020-10-05,134303836
2020-10-06,124710705
2020-10-07,144856280
2020-10-08,155408725
2020-10-09,136222462
2020-10-10,137181775
2020-10-11,134303836
2020-10-12,142937654
2020-10-13,159245977
2020-10-14,142937654
2020-10-15,144856280
2020-10-16,148693533
2020-10-17,152593470
2020-10-18,119288755
2020-10-19,124259120
2020-10-20,143146506
2020-10-21,129229485
2020-10-22,136187996
2020-10-23,130223558
2020-10-24,151099090
2020-10-25,116306536
2020-10-26,109348026
2020-10-27,98413223
2020-10-28,99407296
2020-10-29,107359880
2020-10-30,110342099
2020-10-31,112330244
2020-11-01,124259120
2020-11-02,94436931
2020-11-03,123534519
2020-11-04,132689483
2020-11-05,122675182
2020-11-06,127682332
2020-11-07,121840657
2020-11-08,115164457
2020-11-09,154387134
2020-11-10,122675182
2020-11-11,122675182
2020-11-12,133524008
2020-11-13,115998982
2020-11-14,118502557
2020-11-15,125178757
2020-11-16,135735925
2020-11-17,137334451
2020-11-18,147831351
2020-11-19,119839616
2020-11-20,146956610
2020-11-21,147831351
2020-11-22,152205060
2020-11-23,128587033
2020-11-24,118964874
2020-11-25,135584967
2020-11-26,131211259
2020-11-27,134710225
2020-11-28,134710225
2020-11-29,135787629
2020-11-30,107610727
2020-12-01,144750713
2020-12-02,124752259
2020-12-03,149512250
2020-12-04,137132255
2020-12-05,137132255
2020-12-06,129513796
2020-12-07,142846099
2020-12-08,137132255
2020-12-09,132370718
2020-12-10,123799952
2020-12-11,131418411
2020-12-12,125704567
2020-12-13,148342069
2020-12-14,134574370
2020-12-15,129933875
2020-12-16,132718173
2020-12-17,119724785
2020-12-18,145711560
2020-12-19,146639659
2020-12-20,140142965
2020-12-21,126221478
2020-12-22,132718173
2020-12-23,142927263
2020-12-24,116940488
2020-12-25,133646272
2020-12-26,127149578
2020-12-27,137344635
2020-12-28,147934525
2020-12-29,140537799
2020-12-30,159029615
2020-12-31,153482070
2021-01-01,137764026
2021-01-02,139613208
2021-01-03,146085344
2021-01-04,159954206
2021-01-05,145160753
2021-01-06,163652569
2021-01-07,155331252
2021-01-08,136839436
2021-01-09,134307072
2021-01-10,162879650
2021-01-11,157757649
2021-01-12,151611247
2021-01-13,155708849
2021-01-14,150586847
2021-01-15,158782049
2021-01-16,150586846
2021-01-17,136245242
2021-01-18,148538046
2021-01-19,152635647
2021-01-20,144440445
2021-01-21,132147640
2021-01-22,144440445
2021-01-23,160859266
2021-01-24,143884925
2021-01-25,144920068
2021-01-26,166658079
2021-01-27,146990355
2021-01-28,150095785
2021-01-29,157341788
2021-01-30,140779494
2021-01-31,149060642
2021-02-01,123182058
2021-02-02,158376932
2021-02-03,155271502
2021-02-04,165622935
2021-02-05,174939225
2021-02-06,169173097
2021-02-07,166219497
2021-02-08,172612555
2021-02-09,152367873
2021-02-10,152367873
2021-02-11,137450738
2021-02-12,151302363
2021-02-13,167285007
2021-02-14,157695421
2021-02-15,161957460
2021-02-16,128926662
2021-02-17,147040324
2021-02-18,145974815
2021-02-19,163253417
2021-02-20,157667240
2021-02-21,152267677
2021-02-22,143628376
2021-02-23,137148899
2021-02-24,171706104
2021-02-25,168466365
2021-02-26,150107852
2021-02-27,169546279
2021-02-28,141468550
2021-03-01,140388638
2021-03-02,154427502
2021-03-03,164146716
2021-03-04,138228813
2021-03-05,160906977
2021-03-06,162185767
2021-03-07,155665152
2021-03-08,165260949
2021-03-09,149267953
2021-03-10,158863750
2021-03-11,140738357
2021-03-12,159929951
2021-03-13,152466553
2021-03-14,167393348
2021-03-15,157797551
2021-03-16,158863750
2021-03-17,145003154
2021-03-18,162062350
2021-03-19,158461331
2021-03-20,167389188
2021-03-21,169563074
2021-03-22,164128360
2021-03-23,174997789
2021-03-24,165215304
2021-03-25,167389188
2021-03-26,147824218
2021-03-27,172823903
2021-03-28,172823903
2021-03-29,164128360
2021-03-30,158693646
2021-03-31,170650017
2021-04-01,157606703
2021-04-02,160833893
2021-04-03,150672055
2021-04-04,167924581
2021-04-05,179426264
2021-04-06,165624244
2021-04-07,180576433
2021-04-08,154122561
2021-04-09,174825592
2021-04-10,180576433
2021-04-11,166774412
2021-04-12,165624244
2021-04-13,163323907
2021-04-14,155272729
2021-04-15,198624496
2021-04-16,120743465
2021-04-17,106676264
2021-04-18,145361065
2021-04-19,113709865
2021-04-20,150050132
2021-04-21,118398932
2021-04-22,167634132
2021-04-23,158255998
2021-04-24,169978664
2021-04-25,165289599
2021-04-26,133638399
2021-04-27,166461864
2021-04-28,166461864
2021-04-29,143016531
2021-04-30,169978664
2021-05-01,158215613
2021-05-02,189527186
2021-05-03,181331416
2021-05-04,185429300
2021-05-05,160841991
2021-05-06,174160117
2021-05-07,176209059
2021-05-08,175184588
2021-05-09,190551658
2021-05-10,184404830
2021-05-11,176209059
2021-05-12,176209059
2021-05-13,186999513
2021-05-14,166839066
2021-05-15,153143321
2021-05-16,164348930
2021-05-17,150653186
2021-05-18,124506764
2021-05-19,155633457
2021-05-20,139447577
2021-05-21,136957441
2021-05-22,144427848
2021-05-23,148163050
2021-05-24,156878524
2021-05-25,153143321
2021-05-26,151898253
2021-05-27,145672915
2021-05-28,148163050
2021-05-29,144427848
2021-05-30,150864303
2021-05-31,147526659
2021-06-01,148572947
2021-06-02,173683868
2021-06-03,153804388
2021-06-04,137063775
2021-06-05,137063775
2021-06-06,156943254
2021-06-07,139156351
2021-06-08,155896965
2021-06-09,131832333
2021-06-10,123462026
2021-06-11,109860278
2021-06-12,138110064
2021-06-13,136447345
2021-06-14,133766696
2021-06-15,129803238
2021-06-16,121876323
2021-06-17,128812374
2021-06-18,122867187
2021-06-19,102059035
2021-06-20,104040764
2021-06-21,104040764
2021-06-22,90168661
2021-06-23,100077306
2021-06-24,104040764
2021-06-25,108995085
2021-06-26,88186933
2021-06-27,57470136
2021-06-28,87196068
2021-06-29,89177797
2021-06-30,87196068
2021-07-01,95122984
2021-07-02,89177797
2021-07-03,97321703
2021-07-04,82108835
2021-07-05,94246664
2021-07-06,101386562
2021-07-07,87820755
2021-07-08,99244593
2021-07-09,93532673
2021-07-10,114952370
2021-07-11,89248735
2021-07-12,89962724
2021-07-13,97102623
2021-07-14,121378279
2021-07-15,91390704
2021-07-16,107098482
2021-07-17,101825980
2021-07-18,97872242
2021-07-19,115543619
2021-07-20,82919538
2021-07-21,98551910
2021-07-22,103989257
2021-07-23,91755226
2021-07-24,104668925
2021-07-25,103989257
2021-07-26,101950252
2021-07-27,115543619
2021-07-28,106707930
2021-07-29,108746935
2021-07-30,112824945
2021-07-31,112670630
2021-08-01,110975800
2021-08-02,103048958
2021-08-03,121785131
2021-08-04,98004602
2021-08-05,115299533
2021-08-06,114578911
2021-08-07,120343887
2021-08-08,113858288
2021-08-09,109534557
2021-08-10,118902643
2021-08-11,105931445
2021-08-12,108813934
2021-08-13,108438697
2021-08-14,126820808
2021-08-15,140740165
2021-08-16,124500916
2021-08-17,133007188
2021-08-18,104395177
2021-08-19,119087831
2021-08-20,123727617
2021-08-21,131460594
2021-08-22,126820808
2021-08-23,152339630
2021-08-24,119087831
2021-08-25,131199199
2021-08-26,127844614
2021-08-27,127844614
2021-08-28,123466374
2021-08-29,136601094
2021-08-30,118212485
2021-08-31,126093318
2021-09-01,119963781
2021-09-02,130471557
2021-09-03,129595910
2021-09-04,135725446
2021-09-05,143606279
2021-09-06,150611462
2021-09-07,134093473
2021-09-08,129989982
2021-09-09,125412870
2021-09-10,124497447
2021-09-11,135482517
2021-09-12,134567094
2021-09-13,145552163
2021-09-14,153790965
2021-09-15,129989982
2021-09-16,124497447
2021-09-17,134567094
2021-09-18,141890473
2021-09-19,146467585
2021-09-20,150129275
2021-09-21,114073685
2021-09-22,126546634
2021-09-23,155822347
2021-09-24,139767924
2021-09-25,135990412
2021-09-26,131268523
2021-09-27,146378569
2021-09-28,143545436
2021-09-29,122769122
2021-09-30,161488614
2021-10-01,132212900
2021-10-02,177543039
2021-10-03,141656680
2021-10-04,147634521
2021-10-05,162177735
2021-10-06,129544410
2021-10-07,139433297
2021-10-08,118666635
2021-10-09,148333295
2021-10-10,157233293
2021-10-11,144377740
2021-10-12,132511077
2021-10-13,167122178
2021-10-14,135477742
2021-10-15,139433297
2021-10-16,131522188
2021-10-17,158222181
2021-10-18,146581499
2021-10-19,154737198
2021-10-20,148747371
2021-10-21,147749067
2021-10-22,157732111
2021-10-23,144754153
2021-10-24,152740589
2021-10-25,181691420
2021-10-26,149745676
2021-10-27,156733808
2021-10-28,152740589
2021-10-29,170710070
2021-10-30,154737198
2021-10-31,140567236
2021-11-01,159350397
2021-11-02,170117315
2021-11-03,173347392
2021-11-04,153966938
2021-11-05,166887240
2021-11-06,165810547
2021-11-07,164733856
2021-11-08,145353402
2021-11-09,163657165
2021-11-10,160427088
2021-11-11,170117315
2021-11-12,152890245
2021-11-13,164733856
2021-11-14,175346393
2021-11-15,170197841
2021-11-16,169070703
2021-11-17,167943564
2021-11-18,162307875
2021-11-19,154417909
2021-11-20,163435012
2021-11-21,148782219
2021-11-22,158926461
2021-11-23,148782219
2021-11-24,176960669
2021-11-25,146527943
2021-11-26,148782219
2021-11-27,161180737
2021-11-28,155140985
2021-11-29,158774565
2021-11-30,148781761
2021-12-01,152112695
2021-12-02,172098305
2021-12-03,186532356
2021-12-04,172098305
2021-12-05,184311733
2021-12-06,190973602
2021-12-07,170987992
2021-12-08,186532356
2021-12-09,180980797
2021-12-10,173208616
2021-12-11,176623989
2021-12-12,168385593
2021-12-13,169588348
2021-12-14,178007627
2021-12-15,169588348
2021-12-16,138316737
2021-12-17,179210381
2021-12-18,153952542
2021-12-19,179210381
2021-12-20,173196610
2021-12-21,193643433
2021-12-22,178007627
2021-12-23,182818645
2021-12-24,181615889
2021-12-25,177168715
2021-12-26,161682279
2021-12-27,178574457
2021-12-28,161682279
2021-12-29,174954703
2021-12-30,143583516
2021-12-31,179781040
2022-01-01,207532476
2022-01-02,190640298
2022-01-03,168921783
2022-01-04,177367872
2022-01-05,180987625
2022-01-06,176161288
2022-01-07,168921783
2022-01-08,174267690
2022-01-09,170826077
2022-01-10,172037608
2022-01-11,191422128
2022-01-12,168403012
2022-01-13,216864310
2022-01-14,192633661
2022-01-15,201114388
2022-01-16,212018180
2022-01-17,195056726
2022-01-18,164768413
2022-01-19,209595115
2022-01-20,204748985
2022-01-21,176007153
2022-01-22,177474950
2022-01-23,186746029
2022-01-24,198665989
2022-01-25,201314869
2022-01-26,172177190
2022-01-27,173501629
2022-01-28,203963747
2022-01-29,197341548
2022-01-30,193368228
2022-01-31,189394909
2022-02-01,203963747
2022-02-02,202639308
2022-02-03,194692668
2022-02-04,172457231
2022-02-05,157888392
2022-02-06,206979739
2022-02-07,180443875
2022-02-08,204326153
2022-02-09,185751048
2022-02-10,195038601
2022-02-11,188404635
2022-02-12,248110329
2022-02-13,209633326
2022-02-14,202999360
2022-02-15,232188811
2022-02-16,206979739
2022-02-17,213573837
2022-02-18,186294129
2022-02-19,207147948
2022-02-20,200196675
2022-02-21,171001327
2022-02-22,211318714
2022-02-23,208538204
2022-02-24,183513620
2022-02-25,186294129
2022-02-26,173781837
2022-02-27,189074637
2022-02-28,214099221
2022-03-01,225221260
2022-03-02,189074637
2022-03-03,204804563
2022-03-04,190365287
2022-03-05,168452736
2022-03-06,179409010
2022-03-07,202691097
2022-03-08,202691097
2022-03-09,188995751
2022-03-10,198582492
2022-03-11,188995751
2022-03-12,213647371
2022-03-13,206799699
2022-03-14,209538768
2022-03-15,190365287
2022-03-16,212277837
2022-03-17,217498770
2022-03-18,195149455
2022-03-19,211525632
2022-03-20,210160950
2022-03-21,208796269
2022-03-22,203337543
2022-03-23,197878816
2022-03-24,195149455
2022-03-25,212890313
2022-03-26,219713722
2022-03-27,178773276
2022-03-28,216984359
2022-03-29,206066906
2022-03-30,184232002
2022-03-31,194529355
2022-04-01,200371606
2022-04-02,191845154
2022-04-03,197529456
2022-04-04,224529884
2022-04-05,206055906
2022-04-06,213161283
2022-04-07,196108379
2022-04-08,190424080
2022-04-09,217424508
2022-04-10,198950530
2022-04-11,194687305
2022-04-12,217424508
2022-04-13,198950530
2022-04-14,194402491
2022-04-15,221692722
2022-04-16,188017879
2022-04-17,231514551
2022-04-18,188017879
2022-04-19,173986693
2022-04-20,224498959
2022-04-21,237127026
2022-04-22,189420997
2022-04-23,228708314
2022-04-24,239933263
2022-04-25,227305196
2022-04-26,196436589
2022-04-27,243520196
2022-04-28,195503621
2022-04-29,222163205
2022-04-30,222163205
2022-05-01,247341701
2022-05-02,236974085
2022-05-03,222163205
2022-05-04,216238853
2022-05-05,232530821
2022-05-06,210314500
2022-05-07,211795589
2022-05-08,229568645
2022-05-09,229568645
2022-05-10,227185770
2022-05-11,225257596
2022-05-12,209722591
2022-05-13,236132103
2022-05-14,219043595
2022-05-15,189527081
2022-05-16,254774110
2022-05-17,228364598
2022-05-18,208169091
2022-05-19,189527081
2022-05-20,198848086
2022-05-21,209722591
2022-05-22,189527081
2022-05-23,248560107
2022-05-24,186420080
2022-05-25,219464677
2022-05-26,209555370
2022-05-27,205096744
2022-05-28,219958828
2022-05-29,221445035
2022-05-30,228876076
2022-05-31,216986411
2022-06-01,202124327
2022-06-02,185776038
2022-06-03,212527787
2022-06-04,206582953
2022-06-05,216986411
2022-06-06,222931245
2022-06-07,240765744
2022-06-08,266501680
2022-06-09,219787040
2022-06-10,221292430
2022-06-11,231830164
2022-06-12,191184616
2022-06-13,200216961
2022-06-14,219787040
2022-06-15,248389462
2022-06-16,179141492
2022-06-17,162582194
2022-06-18,234840946
2022-06-19,200216961
2022-06-20,198711571
2022-06-21,225808603
2022-06-22,193096459
2022-06-23,223431041
2022-06-24,189622395
2022-06-25,221961099
2022-06-26,202851865
2022-06-27,199911982
2022-06-28,214611394
2022-06-29,221961099
2022-06-30,251359920
2022-07-01,196972102
2022-07-02,202851865
2022-07-03,227840863
2022-07-04,210201571
2022-07-05,173453043
2022-07-06,186599522
2022-07-07,227523378
2022-07-08,214480636
2022-07-09,194191928
2022-07-10,221726603
2022-07-11,178250799
2022-07-12,218828216
2022-07-13,159411284
2022-07-14,179699992
2022-07-15,205785475
2022-07-16,214480636
2022-07-17,179699992
2022-07-18,189844346
2022-07-19,199988700
2022-07-20,182598379
2022-07-21,198824710
2022-07-22,181711863
2022-07-23,211997172
2022-07-24,216126988
2022-07-25,195477912
2022-07-26,220256802
2022-07-27,227139827
2022-07-28,194101308
2022-07-29,200984333
2022-07-30,177582046
2022-07-31,209243963
2022-08-01,187218281
2022-08-02,213373778
2022-08-03,199607727
2022-08-04,183293576
2022-08-05,210085555
2022-08-06,225491829
2022-08-07,222690689
2022-08-08,201682132
2022-08-09,200281563
2022-08-10,207284414
2022-08-11,196079850
2022-08-12,215687835
2022-08-13,194679281
2022-08-14,186275858
2022-08-15,203082702
2022-08-16,207284414
2022-08-17,180673576
2022-08-18,202447354
2022-08-19,250867150
2022-08-20,209995535
2022-08-21,205767438
2022-08-22,204358071
2022-08-23,242410953
2022-08-24,205767438
2022-08-25,224089197
2022-08-26,248048418
2022-08-27,204358071
2022-08-28,226907929
2022-08-29,221270464
2022-08-30,228317294
2022-08-31,220515247
2022-09-01,212503107
2022-09-02,198644209
2022-09-03,226362005
2022-09-04,258699436
2022-09-05,235601272
2022-09-06,218662618
2022-09-07,224822129
2022-09-08,195564453
2022-09-09,226362005
2022-09-10,241760782
2022-09-11,281797599
2022-09-12,235601272
2022-09-13,212237771
2022-09-14,202308898
2022-09-15,234168568
2022-09-16,203901883
2022-09-17,270807189
2022-09-18,245319452
2022-09-19,207087850
2022-09-20,242133487
2022-09-21,224610669
2022-09-22,203901883
2022-09-23,215052767
2022-09-24,232575586
2022-09-25,234168568
2022-09-26,238947520
2022-09-27,205494866
2022-09-28,234113533
2022-09-29,222928607
2022-09-30,263461080
2022-10-01,282168375
2022-10-02,244753785
2022-10-03,240076960
2022-10-04,254107431
2022-10-05,272814728
2022-10-06,247871668
2022-10-07,266578963
2022-10-08,272814728
2022-10-09,246312725
2022-10-10,282818946
2022-10-11,277924882
2022-10-12,242520438
2022-10-13,253141772
2022-10-14,276154659
2022-10-15,269073772
2022-10-16,254911993
2022-10-17,265533327
2022-10-18,251371549
2022-10-19,267303548
2022-10-20,256682214
2022-10-21,276154659
2022-10-22,240750215
2022-10-23,274810664
2022-10-24,249031191
2022-10-25,223395628
2022-10-26,283822315
2022-10-27,247200081
2022-10-28,291146762
2022-10-29,261848975
2022-10-30,247200081
2022-10-31,316782326
2022-11-01,263680086
2022-11-02,223395628
2022-11-03,300302320
2022-11-04,236213409
2022-11-05,276497868
2022-11-06,250862304
2022-11-07,263168681
2022-11-08,297875785
2022-11-09,272291362
2022-11-10,268636444
2022-11-11,244879482
2022-11-12,305185621
2022-11-13,235742186
2022-11-14,224777435
2022-11-15,283256116
2022-11-16,274118823
2022-11-17,252189315
2022-11-18,254016775
2022-11-19,268636444
2022-11-20,272422405
2022-11-21,236949653
2022-11-22,231439196
2022-11-23,258991483
2022-11-24,236949653
2022-11-25,225928740
2022-11-26,200213272
2022-11-27,249807385
2022-11-28,255317844
2022-11-29,240623291
2022-11-30,253481024
2022-12-01,281033310
2022-12-02,229602379
2022-12-03,240623291
2022-12-04,257154662
2022-12-05,268175577
2022-12-06,230616963
2022-12-07,292794731
2022-12-08,284283257
2022-12-09,258748834
2022-12-10,262153422
2022-12-11,250237357
2022-12-12,243428180
2022-12-13,280878667
2022-12-14,251939654
2022-12-15,236618999
2022-12-16,221298345
2022-12-17,234916703
2022-12-18,246832767
2022-12-19,234239565
2022-12-20,246114014
2022-12-21,251387888
2022-12-22,237324228
2022-12-23,232050357
2022-12-24,156458196
2022-12-25,247871973
2022-12-26,226776484
2022-12-27,202165083
2022-12-28,295336819
2022-12-29,247871973
2022-12-30,277757245
2022-12-31,274241330
2023-01-01,272483374
2023-01-02,274241330
2023-01-03,261567697
2023-01-04,242356483
2023-01-05,266083690
2023-01-06,305064103
2023-01-07,260999287
2023-01-08,259304487
2023-01-09,257609688
2023-01-10,286421296
2023-01-11,249135683
2023-01-12,255914886
2023-01-13,269473292
2023-01-14,289810898
2023-01-15,281119760
2023-01-16,274688842
2023-01-17,291506526
2023-01-18,261608421
2023-01-19,270951578
2023-01-20,246659370
2023-01-21,257871158
2023-01-22,282163369
2023-01-23,295243790
2023-01-24,241053473
2023-01-25,327010528
2023-01-26,289637896
2023-01-27,287769263
2023-01-28,313930107
2023-01-29,311438925
2023-01-30,269948141
2023-01-31,224956785
2023-02-01,267991996
2023-02-02,283641162
2023-02-03,260167412
2023-02-04,266035849
2023-02-05,297334187
2023-02-06,289509602
2023-02-07,277772726
2023-02-08,269948141
2023-02-09,316895645
2023-02-10,287553455
2023-02-11,289509602
2023-02-12,315851203
2023-02-13,303650130
2023-02-14,299757180
2023-02-15,317275457
2023-02-16,348419062
2023-02-17,321168407
2023-02-18,327007835
2023-02-19,315328983
2023-02-20,286131854
2023-02-21,325061358
2023-02-22,272506528
2023-02-23,332847259
2023-02-24,262774152
2023-02-25,228809606
2023-02-26,359556659
2023-02-27,299630547
2023-02-28,293209894
2023-03-01,363837095
2023-03-02,308191421
2023-03-03,359556659
2023-03-04,325313168
2023-03-05,331733821
2023-03-06,282508803
2023-03-07,353136002
2023-03-08,284649020
2023-03-09,288929457
2023-03-10,291688415
2023-03-11,357219694
2023-03-12,348559825
2023-03-13,339899953
2023-03-14,316085307
2023-03-15,318250273
2023-03-16,290105693
2023-03-17,318250273
2023-03-18,350724792
2023-03-19,320415243
2023-03-20,333405048
2023-03-21,313920337
2023-03-22,344229889
2023-03-23,398970829
2023-03-24,377232885
2023-03-25,337646717
2023-03-26,335318120
2023-03-27,344632513
2023-03-28,312032141
2023-03-29,342303913
2023-03-30,360932699
2023-03-31,328332327
2023-04-01,326003727
2023-04-02,346961109
2023-04-03,305046344
2023-04-04,377232885
2023-04-05,323675130
2023-04-06,375586794
2023-04-07,338032941
2023-04-08,349935509
2023-04-09,347554997
2023-04-10,292803183
2023-04-11,366599104
2023-04-12,380882187
2023-04-13,338032941
2023-04-14,333271914
2023-04-15,376121160
2023-04-16,295183695
2023-04-17,368979620
2023-04-18,395165271
2023-04-19,330891401
2023-04-20,319518832
2023-04-21,351118489
2023-04-22,360804517
2023-04-23,355961503
2023-04-24,341432464
2023-04-25,302688355
2023-04-26,314795889
2023-04-27,314795889
2023-04-28,355961503
2023-04-29,331746436
2023-04-30,358383012
2023-05-01,440714244
2023-05-02,312374380
2023-05-03,341432464
2023-05-04,351712781
2023-05-05,283977798
2023-05-06,355568839
2023-05-07,331705160
2023-05-08,326932423
2023-05-09,360341575
2023-05-10,405682570
2023-05-11,360341575
2023-05-12,336477896
2023-05-13,346023366
2023-05-14,415228040
2023-05-15,350796102
2023-05-16,365114312
2023-05-17,381818888
2023-05-18,345151895
2023-05-19,369469366
2023-05-20,322669911
2023-05-21,371932494
2023-05-22,354690591
2023-05-23,379321880
2023-05-24,347301204
2023-05-25,371932494
2023-05-26,376858753
2023-05-27,357153718
2023-05-28,394100656
2023-05-29,399026915
2023-05-30,379321880
2023-05-31,350148490
2023-06-01,336187210
2023-06-02,417687139
2023-06-03,331093464
2023-06-04,376937175
2023-06-05,351468445
2023-06-06,384577792
2023-06-07,343827827
2023-06-08,392218409
2023-06-09,430421502
2023-06-10,392218409
2023-06-11,415140264
2023-06-12,399859030
2023-06-13,374390300
2023-06-14,312665624
2023-06-15,385148460
2023-06-16,398160232
2023-06-17,364329623
2023-06-18,392955523
2023-06-19,369534332
2023-06-20,353920204
2023-06-21,314884890
2023-06-22,356522561
2023-06-23,325294309
2023-06-24,379943751
2023-06-25,398160232
2023-06-26,379943751
2023-06-27,364329623
2023-06-28,280122385
2023-06-29,367574940
2023-06-30,397786578
2023-07-01,334845664
2023-07-02,430515854
2023-07-03,344916211
2023-07-04,354986758
2023-07-05,392751304
2023-07-06,349951485
2023-07-07,440586401
2023-07-08,448139310
2023-07-09,425480581
2023-07-10,387716031
2023-07-11,339880937
2023-07-12,383801277
2023-07-13,321592672
2023-07-14,369831573
2023-07-15,369831573
2023-07-16,415390537
2023-07-17,364471694
2023-07-18,434150109
2023-07-19,396630964
2023-07-20,343032185
2023-07-21,300153162
2023-07-22,359111820
2023-07-23,393951023
2023-07-24,401990843
2023-07-25,369831573
2023-07-26,380796719
2023-07-27,358973120
2023-07-28,364175629
2023-07-29,343365595
2023-07-30,437010757
2023-07-31,366776886
2023-08-01,361574376
2023-08-02,400593191
2023-08-03,392789429
2023-08-04,314751795
2023-08-05,400593191
2023-08-06,426605738
2023-08-07,379783157
2023-08-08,325156814
2023-08-09,421665740
2023-08-10,330756211
2023-08-11,393261324
2023-08-12,434931397
2023-08-13,351591250
2023-08-14,445348917
2023-08-15,445348917
2023-08-16,424513878
2023-08-17,406283221
2023-08-18,362008769
2023-08-19,364613147
2023-08-20,421909500
2023-08-21,429722638
2023-08-22,381739775
2023-08-23,392623891
2023-08-24,384329021
2023-08-25,373269193
2023-08-26,378799107
2023-08-27,320735012
2023-08-28,326264922
2023-08-29,436863202
2023-08-30,348384580
2023-08-31,398153805
2023-09-01,417508504
2023-09-02,420273463
2023-09-03,436863202
2023-09-04,411978589
2023-09-05,342854665
2023-09-06,364053703
2023-09-07,393005454
2023-09-08,358011817
2023-09-09,406464544
2023-09-10,395697270
2023-09-11,427999091
2023-09-12,379546364
2023-09-13,395697270
2023-09-14,436074544
2023-09-15,506061819
2023-09-16,417231817
2023-09-17,401080907
2023-09-18,419923634
2023-09-19,386415687
2023-09-20,414558854
2023-09-21,391843298
2023-09-22,366288300
2023-09-23,442953294
2023-09-24,414558854
2023-09-25,411719407
2023-09-26,386164409
2023-09-27,445792740
2023-09-28,414558854
2023-09-29,417398296
2023-09-30,391843298
2023-10-01,400361634
2023-10-02,445792740
2023-10-03,466801496
2023-10-04,373280258
2023-10-05,401774937
2023-10-06,455914820
2023-10-07,487258964
2023-10-08,421721210
2023-10-09,444516948
2023-10-10,461613756
2023-10-11,455914820
2023-10-12,470162157
2023-10-13,393226531
2023-10-14,416022274
2023-10-15,475861093
2023-10-16,417078811
2023-10-17,491483968
2023-10-18,439908488
2023-10-19,424739231
2023-10-20,406536123
2023-10-21,455077750
2023-10-22,464179303
2023-10-23,476314711
2023-10-24,382265308
2023-10-25,436874638
2023-10-26,455077750
2023-10-27,467213153
2023-10-28,485416264
2023-10-29,415637677
2023-10-30,482896145
2023-10-31,481286783
2023-11-01,462656325
2023-11-02,447130946
2023-11-03,422290336
2023-11-04,521652772
2023-11-05,506127389
2023-11-06,394344652
2023-11-07,412975109
2023-11-08,462656325
2023-11-09,444025872
2023-11-10,478181704
2023-11-11,496812162
2023-11-12,506634196
2023-11-13,389037995
2023-11-14,443696223
2023-11-15,475848126
2023-11-16,475848126
2023-11-17,482278507
2023-11-18,479063314
2023-11-19,546582308
2023-11-20,533721547
2023-11-21,488708887
2023-11-22,456556985
2023-11-23,472632934
2023-11-24,540151928
2023-11-25,511704247
2023-11-26,493217212
2023-11-27,439166011
2023-11-28,496595410
2023-11-29,459435208
2023-11-30,452678812
2023-12-01,570915812
2023-12-02,429031407
2023-12-03,557403011
2023-12-04,523621012
2023-12-05,466191609
2023-12-06,459435208
2023-12-07,388493008
2023-12-08,456057010
2023-12-09,530377413
2023-12-10,469156589
2023-12-11,528635574
2023-12-12,481794448
2023-12-13,498523421
2023-12-14,488486038
2023-12-15,545364546
2023-12-16,508560808
2023-12-17,501869218
2023-12-18,562093524
2023-12-19,542018754
2023-12-20,485140240
2023-12-21,488486038
2023-12-22,562093524
2023-12-23,561495983
2023-12-24,612085087
2023-12-25,497542850
2023-12-26,497542850
2023-12-27,461748397
2023-12-28,433112840
2023-12-29,540496187
2023-12-30,519019516
2023-12-31,558393411
2024-01-01,554813968
2024-01-02,468907288
2024-01-03,565552301
2024-01-04,608505644
2024-01-05,493963402
2024-01-06,509355148
2024-01-07,429363545
2024-01-08,447556920
2024-01-09,553078470
2024-01-10,483943659
2024-01-11,629490625
2024-01-12,611297256
2024-01-13,578549188
2024-01-14,465750289
2024-01-15,414808852
2024-01-16,454834268
2024-01-17,440279571
2024-01-18,516691726
2024-01-19,480304987
2024-01-20,512668948
2024-01-21,489551346
2024-01-22,559487254
2024-01-23,538506480
2024-01-24,524519302
2024-01-25,632919954
2024-01-26,531512894
2024-01-27,597952003
2024-01-28,559487254
2024-01-29,545500071
2024-01-30,503538529
2024-01-31,458080188
2024-02-01,535009687
2024-02-02,677399664
2024-02-03,566738184
2024-02-04,581751117
2024-02-05,585504347
2024-02-06,638049614
2024-02-07,600517281
2024-02-08,517946153
2024-02-09,623036680
2024-02-10,570491420
2024-02-11,514192923
2024-02-12,671828711
2024-02-13,506686456
2024-02-14,521699389
2024-02-15,606890743
2024-02-16,544386619
2024-02-17,609388005
2024-02-18,491572990
2024-02-19,552511787
2024-02-20,572824725
2024-02-21,560636961
2024-02-22,548449203
2024-02-23,645951285
2024-02-24,556574377
2024-02-25,666264217
2024-02-26,540324029
2024-02-27,524073681
2024-02-28,605325415
2024-02-29,540324029
2024-03-01,607463923
2024-03-02,500960507
2024-03-03,611408497
2024-03-04,508849650
2024-03-05,658743346
2024-03-06,552239931
2024-03-07,710022770
2024-03-08,607463923
2024-03-09,642965061
2024-03-10,564073647
2024-03-11,670577063
2024-03-12,556184505
2024-03-13,631131350
2024-03-14,580862770
2024-03-15,529980319
2024-03-16,600922569
2024-03-17,609268716
2024-03-18,600922569
2024-03-19,655172524
2024-03-20,621787935
2024-03-21,500768805
2024-03-22,563364908
2024-03-23,650999448
2024-03-24,709422480
2024-03-25,550845690
2024-03-26,559191838
2024-03-27,567537979
2024-03-28,630471212
2024-03-29,595046224
2024-03-30,640501145
2024-03-31,566120367
2024-04-01,619839819
2024-04-02,611575288
2024-04-03,586781693
2024-04-04,570252630
2024-04-05,611575288
2024-04-06,640501145
2024-04-07,702485129
2024-04-08,652897939
2024-04-09,603310756
2024-04-10,627214744
2024-04-11,566860611
2024-04-12,584038201
2024-04-13,704281364
2024-04-14,674220574
2024-04-15,605510198
2024-04-16,708575759
2024-04-17,588332603
2024-04-18,622687788
2024-04-19,648454181
2024-04-20,558271813
2024-04-21,601215796
2024-04-22,652748583
2024-04-23,721458959
2024-04-24,672198686
2024-04-25,626294685
2024-04-26,582497851
2024-04-27,613155632
2024-04-28,613155632
2024-04-29,573738484
2024-04-30,617535318
2024-05-01,578118170
2024-05-02,635054046
2024-05-03,564979117
2024-05-04,617535318
2024-05-05,608775951
2024-05-06,534321336
2024-05-07,534321336
2024-05-08,556219750
2024-05-09,612635655
2024-05-10,599332434
2024-05-11,657199019
2024-05-12,545599186
2024-05-13,607599089
2024-05-14,562132490
2024-05-15,582799130
2024-05-16,586932455
2024-05-17,640665709
2024-05-18,529065876
2024-05-19,636532379
2024-05-20,644799034
2024-05-21,570399145
2024-05-22,632399054
2024-05-23,706501036
2024-05-24,671140034
2024-05-25,671140034
2024-05-26,704697038
2024-05-27,515938903
2024-05-28,562079781
2024-05-29,574663655
2024-05-30,515938903
2024-05-31,620804533
2024-06-01,591442157
2024-06-02,587247529
2024-06-03,658556160
2024-06-04,562079781
2024-06-05,515938903
2024-06-06,554745618
2024-06-07,590944002
2024-06-08,715791324
2024-06-09,636721355
2024-06-10,578459271
2024-06-11,511874032
2024-06-12,607590313
2024-06-13,603428732
2024-06-14,532681918
2024-06-15,557651385
2024-06-16,678337127
2024-06-17,582620846
2024-06-18,632559780
2024-06-19,570136116
2024-06-20,553312848
2024-06-21,582332777
2024-06-22,632247019
2024-06-23,465866224
2024-06-24,632247019
2024-06-25,515780460
2024-06-26,503301903
2024-06-27,540737581
2024-06-28,561535179
2024-06-29,653044617
2024-06-30,503301903
2024-07-01,586492300
2024-07-02,615608939
2024-07-03,603130375
2024-07-04,582332777
2024-07-05,480652547
2024-07-06,652035051
2024-07-07,557193592
2024-07-08,628324689
2024-07-09,608566046
2024-07-10,537434950
2024-07-11,553241861
2024-07-12,592759140
2024-07-13,608566046
2024-07-14,659938506
2024-07-15,604614321
2024-07-16,580903954
2024-07-17,628324689
2024-07-18,515736551
2024-07-19,599556359
2024-07-20,672971424
2024-07-21,689285884
2024-07-22,730072034
2024-07-23,689285884
2024-07-24,571006057
2024-07-25,664814194
2024-07-26,652578352
2024-07-27,628106661
2024-07-28,603634977
2024-07-29,725993416
2024-07-30,611792207
2024-07-31,615358184
2024-08-01,630987878
2024-08-02,563382038
2024-08-03,608452598
2024-08-04,644509051
2024-08-05,703100778
2024-08-06,630987878
2024-08-07,549860865
2024-08-08,581410258
2024-08-09,585917318
2024-08-10,581410258
2024-08-11,725636064
2024-08-12,617466711
2024-08-13,671551385
2024-08-14,593799520
2024-08-15,690944705
2024-08-16,613213425
2024-08-17,643442255
2024-08-18,673671086
2024-08-19,561392574
2024-08-20,647760663
2024-08-21,634805446
2024-08-22,690944705
2024-08-23,708218324
2024-08-24,660715874
2024-08-25,574347786
2024-08-26,578666193
2024-08-27,613213425
2024-08-28,704440301
2024-08-29,587091198
2024-08-30,631567801
2024-08-31,653806103
2024-09-01,631567801
2024-09-02,742759315
2024-09-03,662701425
2024-09-04,671596746
2024-09-05,689387390
2024-09-06,644910781
2024-09-07,702730370
2024-09-08,742759315
2024-09-09,644910781
2024-09-10,609329500
2024-09-11,496254188
2024-09-12,700222817
2024-09-13,566627674
2024-09-14,640335338
2024-09-15,695616084
2024-09-16,575841133
2024-09-17,691009358
2024-09-18,635728605
2024-09-19,562020941
2024-09-20,667975708
2024-09-21,621908420
2024-09-22,626515146
2024-09-23,672582441
2024-09-24,667975708
2024-09-25,655944699
2024-09-26,571298869
2024-09-27,602061115
2024-09-28,566904259
2024-09-29,681164035
2024-09-30,602061115
2024-10-01,689953249
2024-10-02,681164035
2024-10-03,694347853
2024-10-04,742688527
2024-10-05,663585607
2024-10-06,667980217
2024-10-07,681164035
2024-10-08,733899313
2024-10-09,575872986
2024-10-10,709250576
2024-10-11,640613421
2024-10-12,654340856
2024-10-13,631461800
2024-10-14,636037614
2024-10-15,713826383
2024-10-16,645189235
2024-10-17,718402197
2024-10-18,622310179
2024-10-19,791615159
2024-10-20,791615159
2024-10-21,782463538
2024-10-22,639026240
2024-10-23,718143297
2024-10-24,699119632
2024-10-25,727655130
2024-10-26,694363719
2024-10-27,765702460
2024-10-28,798993870
2024-10-29,746678795
2024-10-30,803749783
2024-10-31,751434707
2024-11-01,727655130
2024-11-02,670584141
2024-11-03,627780898
2024-11-04,722003987
2024-11-05,702351990
2024-11-06,773092476
2024-11-07,788251150
2024-11-08,717510663
2024-11-09,702351990
2024-11-10,747828018
2024-11-11,687193309
2024-11-12,737722233
2024-11-13,697299094
2024-11-14,641717281
2024-11-15,757933803
2024-11-16,793304046
2024-11-17,757933803
2024-11-18,789337179
2024-11-19,889845956
2024-11-20,747470599
2024-11-21,732216100
2024-11-22,727131269
2024-11-23,701707093
2024-11-24,681367763
2024-11-25,859336950
2024-11-26,706791931
2024-11-27,676282925
2024-11-28,722046431
2024-11-29,615264919
2024-11-30,833912781
2024-12-01,803403774
2024-12-02,649987948
2024-12-03,811042072
2024-12-04,759383337
2024-12-05,800710325
2024-12-06,702558733
2024-12-07,733553973
2024-12-08,754217467
2024-12-09,862700799
2024-12-10,795544448
2024-12-11,733553973
2024-12-12,764549214
2024-12-13,878198423
2024-12-14,821373819
2024-12-15,707724610
2024-12-16,797498864
2024-12-17,733677846
2024-12-18,776835370
2024-12-19,782230057
2024-12-20,814598200
2024-12-21,782230057
2024-12-22,836176962
2024-12-23,749861922
2024-12-24,712099092
2024-12-25,814598200
2024-12-26,706704398
2024-12-27,852361030
2024-12-28,771440684
2024-12-29,853362734
2024-12-30,867710158
2024-12-31,703991256
2025-01-01,764021519
2025-01-02,911368526
2025-01-03,774936113
2025-01-04,813137188
2025-01-05,851338263
2025-01-06,725820444
2025-01-07,731277745
2025-01-08,682162075
2025-01-09,829509083
2025-01-10,774936113
2025-01-11,753106925
2025-01-12,939920313
2025-01-13,702796045
2025-01-14,845551487
2025-01-15,763192581
2025-01-16,702796045
2025-01-17,823589117
2025-01-18,713777234
2025-01-19,823589117
2025-01-20,834570306
2025-01-21,730249013
2025-01-22,823589117
2025-01-23,746720793
2025-01-24,768683171
2025-01-25,702796045
2025-01-26,752211392
2025-01-27,841019046
2025-01-28,795344640
2025-01-29,832962291
2025-01-30,779222784
2025-01-31,671743786
2025-02-01,988806850
2025-02-02,918945495
2025-02-03,822214390
2025-02-04,703987482
2025-02-05,773848838
2025-02-06,779222784
2025-02-07,929693396
2025-02-08,859832041
2025-02-09,796800432
2025-02-10,788864729
2025-02-11,703735439
2025-02-12,754813011
2025-02-13,896695156
2025-02-14,862643446
2025-02-15,908045728
2025-02-16,856968156
2025-02-17,777514156
2025-02-18,794540011
2025-02-19,715086012
2025-02-20,737787157
2025-02-21,732111866
2025-02-22,788864729
2025-02-23,727639381
2025-02-24,714530231
2025-02-25,807968795
2025-02-26,862932663
2025-02-27,824457960
2025-02-28,857436273
2025-03-01,791479639
2025-03-02,692544684
2025-03-03,824457960
2025-03-04,802472412
2025-03-05,736515778
2025-03-06,934385688
2025-03-07,780486865
2025-03-08,753004935
2025-03-09,878405393
2025-03-10,858547238
2025-03-11,769347526
2025-03-12,852972260
2025-03-13,886422155
2025-03-14,791647456
2025-03-15,735897638
2025-03-16,808372399
2025-03-17,780497491
2025-03-18,791647456
2025-03-19,847397281
2025-03-20,791647456
2025-03-21,808372399
2025-03-22,836247316
2025-03-23,876971228
2025-03-24,870857127
2025-03-25,842582547
2025-03-26,859547301
2025-03-27,836927634
2025-03-28,870857127
2025-03-29,797343220
2025-03-30,774723552
2025-03-31,836927634
2025-04-01,763413718
2025-04-02,972645623
2025-04-03,859547301
2025-04-04,1017884958
2025-04-05,950907688
2025-04-06,875826844
2025-04-07,875826844
2025-04-08,924148329
2025-04-09,791264253
2025-04-10,869786662
2025-04-11,893947405
2025-04-12,869786662
2025-04-13,1038911843
2025-04-14,899987586
2025-04-15,869786662
2025-04-16,893947405
2025-04-17,924148329
2025-04-18,821465177
2025-04-19,847825370
2025-04-20,753499805
2025-04-21,771877846
2025-04-22,949532272
2025-04-23,698365673
2025-04-24,863768069
2025-04-25,882146110
2025-04-26,814759947
2025-04-27,827011978
2025-04-28,863768069
2025-04-29,894398140
2025-04-30,808633937
2025-05-01,827011978
2025-05-02,974036332
2025-05-03,998934428
2025-05-04,823060872
2025-05-05,1036227716
2025-05-06,817139566
2025-05-07,894116484
2025-05-08,941486898
2025-05-09,828982170
2025-05-10,888195187
2025-05-11,882273881
2025-05-12,858588674
2025-05-13,769769161
2025-05-14,852667376
2025-05-15,864509980
2025-05-16,805296963
2025-05-17,853949349
2025-05-18,979723251
2025-05-19,852722091
2025-05-20,895055811
2025-05-21,870865112
2025-05-22,907151161
2025-05-23,937389531
2025-05-24,852722091
2025-05-25,913198832
2025-05-26,925294181
2025-05-27,852722091
2025-05-28,991818601
2025-05-29,961580231
2025-05-30,938712777
2025-05-31,1016284108
2025-06-01,839539042
2025-06-02,839539042
2025-06-03,908974603
2025-06-04,795352777
2025-06-05,845851370
2025-06-06,845851370
2025-06-07,902662283
2025-06-08,965785515
2025-06-09,883725306
2025-06-10,1066782692
2025-06-11,890037635
2025-06-12,934223899
2025-06-13,915286922
2025-06-14,949074580
2025-06-15,854616739
2025-06-16,917456210
2025-06-17,741505699
2025-06-18,879752527
2025-06-19,798061219
2025-06-20,948875941
2025-06-21,886036479
2025-06-22,672382294
2025-06-23,672382294
2025-06-24,735221756
2025-06-25,898604373
2025-06-26,986579624
2025-06-27,722653862
2025-06-28,911172258
2025-06-29,992910582
2025-06-30,843035675
2025-07-01,779081252
2025-07-02,889547992
2025-07-03,877919913
2025-07-04,924432230
2025-07-05,912804151
2025-07-06,930246265
2025-07-07,877919913
2025-07-08,825593560
2025-07-09,953502424
2025-07-10,994200697
2025-07-11,872105877
2025-07-12,920455694
2025-07-13,859946007
2025-07-14,910161827
2025-07-15,1029424417
2025-07-16,822284135
2025-07-17,853669023
2025-07-18,903884853
2025-07-19,891330895
2025-07-20,935269741
2025-07-21,941546724
2025-07-22,941546724
2025-07-23,878776938
2025-07-24,922715784
2025-07-25,1004316502
2025-07-26,970368223
2025-07-27,869131964
2025-07-28,919884190
2025-07-29,710531242
2025-07-30,869131964
2025-07-31,976980451
2025-08-01,957948367
2025-08-02,919884190
2025-08-03,983324485
2025-08-04,1084828946
2025-08-05,875475989
2025-08-06,913540165
2025-08-07,1021388661
2025-08-08,870936594
2025-08-09,746374217
2025-08-10,868625162
2025-08-11,945836284
2025-08-12,881493684
2025-08-13,1003744628
2025-08-14,1042350194
2025-08-15,862190905
2025-08-16,978007594
2025-08-17,978007594
2025-08-18,990876106
2025-08-19,862190905
2025-08-20,907230727
2025-08-21,958704806
2025-08-22,939651300
2025-08-23,980001773
2025-08-24,1057370331
2025-08-25,909080592
2025-08-26,967107012
2025-08-27,967107012
2025-08-28,1025133433
2025-08-29,1063817707
2025-08-30,1018686047
2025-08-31,851054171
2025-09-01,1038028194
2025-09-02,1050922946
2025-09-03,883291069
2025-09-04,902633206
2025-09-05,959168799
2025-09-06,946761024
2025-09-07,1041437124
2025-09-08,1082012600
2025-09-09,1129350650
2025-09-10,1149638393
2025-09-11,1014386817
2025-09-12,811509447
2025-09-13,953523608
2025-09-14,1034674550
2025-09-15,1102300333
2025-09-16,1082012600
2025-09-17,865610082
2025-09-18,1089165928
2025-09-19,1188749384
2025-09-20,1082611043
2025-09-21,1146294045
2025-09-22,1061383379
2025-09-23,1018928040
2025-09-24,1082611043
2025-09-25,997700376
2025-09-26,934017374
2025-09-27,1096762822
2025-09-28,1167521709
2025-09-29,990624481
2025-09-30,1139218161
2025-10-01,1079018824
2025-10-02,1019764931
2025-10-03,884796043
2025-10-04,1004768398
2025-10-05,1117242464
2025-10-06,922287409
2025-10-07,1034761476
2025-10-08,1109744197
2025-10-09,899792587
2025-10-10,989771853
2025-10-11,1102245920
2025-10-12,1087249376
2025-10-13,1139737286
2025-10-14,1267207897
2025-10-15,1079751109
2025-10-16,1123253238
2025-10-17,1159633835
2025-10-18,1203393595
2025-10-19,1013767943
2025-10-20,1086700884
2025-10-21,1093994184
2025-10-22,1115874064
2025-10-23,1035647823
2025-10-24,1305499727
2025-10-25,1166927125
2025-10-26,1072114294
2025-10-27,1072114294
2025-10-28,1181513715
2025-10-29,932047920
2025-10-30,1240553836
2025-10-31,1085484605
2025-11-01,1069977681
2025-11-02,1201786531
2025-11-03,1100991529
2025-11-04,1015703452
2025-11-05,1069977681
2025-11-06,1085484605
2025-11-07,1100991529
2025-11-08,930415374
2025-11-09,1093238073
2025-11-10,1085484605
2025-11-11,1186279607
2025-11-12,1085693709
2025-11-13,1135417896
2025-11-14,1090001177
2025-11-15,1082431729
2025-11-16,1203542970
2025-11-17,938612123
2025-11-18,1006737197
2025-11-19,1037015010
2025-11-20,991598291
2025-11-21,1142987344
2025-11-22,1082431729
2025-11-23,1074862271
2025-11-24,1082431729
2025-11-25,870487050
2025-11-26,1240799633
2025-11-27,1061317862
2025-11-28,1113270484
2025-11-29,1016787040
2025-11-30,1239441132
2025-12-01,987099824
2025-12-02,942569002
2025-12-03,979678026
2025-12-04,979678026
2025-12-05,883194582
2025-12-06,1209753917
2025-12-07,1187488511
2025-12-08,1098426876
2025-12-09,957412609
2025-12-10,1150379497
2025-12-11,1179627150
2025-12-12,1068190149
2025-12-13,1053456501
2025-12-14,942954068
2025-12-15,987155043
2025-12-16,1082923808
2025-12-17,1016622350
2025-12-18,1060823325
2025-12-19,1068190149
2025-12-20,1082923808
2025-12-21,1016622350
2025-12-22,1023989184
2025-12-23,1068190149
2025-12-24,1171325759
2025-12-25,1016989504
2025-12-26,1149714805
2025-12-27,1002315469
2025-12-28,1142344843
2025-12-29,1134974870
2025-12-30,877026041
2025-12-31,980205572
2026-01-01,1112864973
2026-01-02,1061275207
2026-01-03,1142344843
2026-01-04,1068645169
2026-01-05,972835610
2026-01-06,958095676
2026-01-07,1083385104
2026-01-08,964845793
2026-01-09,1033929117
2026-01-10,1179552938
2026-01-11,888305297
2026-01-12,1033929117
2026-01-13,982960782
2026-01-14,902867680
2026-01-15,1012085548
2026-01-16,946554829
2026-01-17,1084897453
2026-01-18,1019366734
2026-01-19,1092178650
2026-01-20,968398399
2026-01-21,997523165
2026-01-22,1162718505
2026-01-23,985930372
2026-01-24,690151266
2026-01-25,760574860
2026-01-26,873252616
2026-01-27,859167895
2026-01-28,774659581
2026-01-29,901422057
2026-01-30,922549133
2026-01-31,971845651
2026-02-01,838040819
2026-02-02,830998453
2026-02-03,929591499
2026-02-04,1000015092
2026-02-05,894379692
2026-02-06,1021142169
2026-02-07,1112468740
2026-02-08,1063649664
2026-02-09,1019852317
2026-02-10,900973830
2026-02-11,982311747
2026-02-12,1107447002
2026-02-13,944771168
2026-02-14,1038622612
2026-02-15,1232582258
2026-02-16,1094933476
2026-02-17,1032365844
2026-02-18,957284694
2026-02-19,1025228859
2026-02-20,983397437
2026-02-21,854191934
2026-02-22,1177205690
2026-02-23,1062356356
2026-02-24,1184383769
2026-02-25,1119781018
2026-02-26,1004931684
2026-02-27,1012109773
2026-02-28,1026465941
2026-03-01,1069534435
2026-03-02,976219347
2026-03-03,961863190
2026-03-04,933150853
2026-03-05,1193001934
2026-03-06,1052672433
2026-03-07,951731243
2026-03-08,966151414
2026-03-09,994991747
2026-03-10,994991747
2026-03-11,1002201838
2026-03-12,930100981
2026-03-13,872420305
2026-03-14,922890900
2026-03-15,901260648
2026-03-16,901260648
2026-03-17,915680809
2026-03-18,1002201838
2026-03-19,966151414
2026-03-20,956085963
2026-03-21,917823289
2026-03-22,1077444735
2026-03-23,1064142947
2026-03-24,831361682
2026-03-25,1017586694
2026-03-26,1097397412
2026-03-27,1010935805
2026-03-28,1157255453
2026-03-29,957728653
2026-03-30,904521501
2026-03-31,904521501
2026-04-01,1077444735
2026-04-02,964379542
2026-04-03,900036039
2026-04-04,828969678
2026-04-05,1098384831
2026-04-06,884234328
2026-04-07,953315130
2026-04-08,1022395942
2026-04-09,994763617
2026-04-10,863510089
2026-04-11,849693926
2026-04-12,1070752506
2026-04-13,1022395942
2026-04-14,1132925232
2026-04-15,863510089
2026-04-16,1050028267
2026-04-17,967334466
2026-04-18,1031290054
2026-04-19,1064992341
2026-04-20,876259525
2026-04-21,909961812
2026-04-22,882999979
2026-04-23,815595404
2026-04-24,1004328220
2026-04-25,943664100
2026-04-26,1004328220
2026-04-27,930183183
2026-04-28,936923646
2026-04-29,856038145
2026-04-30,943664100
2026-05-01,1064992341
2026-05-02,896831740
2026-05-03,1000953351
2026-05-04,981197686
2026-05-05,987782911
2026-05-06,928515937
2026-05-07,935101152
2026-05-08,968027247
2026-05-09,1126072515
2026-05-10,987782911
2026-05-11,1086561196
2026-05-12,882419402
2026-05-13,915345497
2026-05-14,994368126
2026-05-15,964723444
2026-05-16,1025406922
2026-05-17,950708403
2026-05-18,950708403
2026-05-19,964289953
2026-05-20,1032197701
2026-05-21,862428334
2026-05-22,1059360791
2026-05-23,1113686990
2026-05-24,889591434
2026-05-25,1120477760
2026-05-26,943917633
2026-05-27,950708403
2026-05-28,1100105440
2026-05-29,960163852
2026-05-30,980866172
2026-05-31,994681189
2026-06-01,932513615
2026-06-02,759825910
2026-06-03,746010892
2026-06-04,980866172
2026-06-05,932513615
2026-06-06,842716005
2026-06-07,808178466
2026-06-08,877253545
2026-06-09,856531023
2026-06-10,870346041
2026-06-11,932513615
2026-06-12,1015403711
2026-06-13,854439838
2026-06-14,906725183
2026-06-15,931566971
2026-06-16,1006092325
2026-06-17,819778935
2026-06-18,1024723662
2026-06-19,937777413
2026-06-20,962619201
2026-06-21,832199828
2026-06-22,968829643
2026-06-23,1074407237
2026-06-24,962619201
2026-06-25,1055775901
2026-06-26,962619201
2026-06-27,1113992357
2026-06-28,858457137
2026-06-29,831838318
2026-06-30,991551268
2026-07-01,951623035
2026-07-02,871766551
2026-07-03,1004860682
2026-07-04,1024824799
2026-07-05,851802434
2026-07-06,771945959
2026-07-07,931658909
2026-07-08,885075965
2026-07-09,831838318
2026-07-10,865111849
2026-07-11,913015248
2026-07-12,910321900
2026-07-13,929286937
2026-07-14,973538695
2026-07-15,885035179
2026-07-16,764923265
2026-07-17,802853338
2026-07-18,1049398859
2026-07-19,1043077174
2026-07-20,922965261
2026-07-21,872391818
2026-07-22,726993183
2026-07-23,834461745
2026-07-24,973538695
2026-07-25,872065075
2026-07-26,916150330
2026-07-27,865950308
2026-07-28,796925282
2026-07-29,897325326
2026-07-30,960075344
2026-07-31,985175356
2026-08-01,1029100370
2026-08-02,903600324
2026-08-03,941250341
2026-08-04,884775320
2026-08-05,891050319
2026-08-06,803200289
2026-08-07,991450354
2026-08-08,898876720
2026-08-09,906199297
2026-08-10,880851063
2026-08-11,817480478
2026-08-12,893525180
2026-08-13,925210468
2026-08-14,944221639
2026-08-15,918873405
2026-08-16,1020266341
2026-08-17,1001255161
2026-08-18,944221639
2026-08-19,779458136
2026-08-20,804806361
2026-08-21,868176946
2026-08-22,937551968
2026-08-23,850530898
2026-08-24,888054323
2026-08-25,888054323
2026-08-26,950593365
2026-08-27,913069940
2026-08-28,825515290
2026-08-29,913069940
2026-08-30,1019386298
2026-08-31,950593365
2026-09-01,888054323
2026-09-02,856784807
2026-09-03,1000624590
2026-09-04,894308232
2026-09-05,927947322
2026-09-06,1045376161
2026-09-07,880650225
2026-09-08,842636544
