date,value
2010-08-28,57.53561084234744
2010-08-29,28.334317400298
2010-08-30,62.56531956103069
2010-08-31,165.163642718991
2010-09-01,63.39434970558449
2010-09-02,100.46235368145601
2010-09-03,91.154816484966
2010-09-04,91.903453566204
2010-09-05,110.439949918356
2010-09-06,103.03265134944
2010-09-07,47.268061967082
2010-09-08,47.28915146896992
2010-09-09,61.97531512655116
2010-09-10,35.770158252
2010-09-11,35.458361173284
2010-09-12,56.463342076188
2010-09-13,103.21813552302
2010-09-14,73.99448437519652
2010-09-15,199.81433250170997
2010-09-16,372.91634806608
2010-09-17,246.97665576238802
2010-09-18,142.79606636248798
2010-09-19,128.38610495163
2010-09-20,116.6634985425
2010-09-21,59.458723276446
2010-09-22,105.273750590388
2010-09-23,248.954087847024
2010-09-24,64.46424910356001
2010-09-25,86.286000417516
2010-09-26,73.31822834975999
2010-09-27,107.744075138952
2010-09-28,272.1828243529215
2010-09-29,88.781902538994
2010-09-30,116.01858404050199
2010-10-01,127.59974209011445
2010-10-02,1051.420383752448
2010-10-03,132.15592109787602
2010-10-04,248.130857678892
2010-10-05,373.6196066830665
2010-10-06,313.0374931025099
2010-10-07,369.266981092632
2010-10-08,658.4052068545001
2010-10-09,1455.523368264
2010-10-10,1237.632439995504
2010-10-11,346.56722180308805
2010-10-12,693.383967778824
2010-10-13,369.38078728618
2010-10-14,862.6923784871601
2010-10-15,462.20310727609706
2010-10-16,1176.556178587176
2010-10-17,131.17081675335
2010-10-18,357.70137169107
2010-10-19,358.32772197687
2010-10-20,537.426833422401
2010-10-21,618.75785423145
2010-10-22,310.62262802142004
2010-10-23,261.983679416184
2010-10-24,1183.234569490402
2010-10-25,1150.621336631286
2010-10-26,1492.1960483645105
2010-10-27,3107.7953626487283
2010-10-28,2794.6035865546123
2010-10-29,1930.503816
2010-10-30,1264.102423907189
2010-10-31,1713.3188556891992
2010-11-01,911.99040063148
2010-11-02,889.1830549959799
2010-11-03,1273.97793211227
2010-11-04,8192.69786282166
2010-11-05,2127.522147385008
2010-11-06,8479.349917678324
2010-11-07,3289.1668000000004
2010-11-08,86036.58812374139
2010-11-09,2334.1332100065842
2010-11-10,2773.85222406336
2010-11-11,1173.8629236451259
2010-11-12,866.6754700723201
2010-11-13,1408.9840817734498
2010-11-14,2723.80335236064
2010-11-15,5008.432348826999
2010-11-16,1936.5459142417922
2010-11-17,2250.3000940951997
2010-11-18,2310.454972480032
2010-11-19,1443.162172314064
2010-11-20,3462.1497851460244
2010-11-21,3356.9937996095523
2010-11-22,1182.610420453345
2010-11-23,2571.446239365276
2010-11-24,2009.967266270439
2010-11-25,3009.68976
2010-11-26,6170.61248258126
2010-11-27,1521.696541165985
2010-11-28,925.5853564711599
2010-11-29,2311.3418982668277
2010-11-30,3244.993245937128
2010-12-01,2418.9246967219856
2010-12-02,2152.6760938558195
2010-12-03,1443.245791413
2010-12-04,2801.100590914104
2010-12-05,1014.3510954627479
2010-12-06,3460.9795198135926
2010-12-07,3048.926412294377
2010-12-08,924.212855745852
2010-12-09,1191.8151350124
2010-12-10,613.57364198746
2010-12-11,1532.566462478016
2010-12-12,810.2247795485999
2010-12-13,4324.5828431875525
2010-12-14,818.1835073032534
2010-12-15,1931.86356360486
2010-12-16,1154.824375
2010-12-17,847.4795282472573
2010-12-18,1576.332514145025
2010-12-19,9187.9871155979
2010-12-20,1857.4490374496195
2010-12-21,4089.5257226912645
2010-12-22,1643.1964654190024
2010-12-23,554.40237344856
2010-12-24,658.41033976125
2010-12-25,919.5791260684
2010-12-26,555.86223593615
2010-12-27,3816.647183813022
2010-12-28,1141.9883139276694
2010-12-29,3632.9658590817958
2010-12-30,2320.9829999999997
2010-12-31,1220.1723
2011-01-01,1126.9386
2011-01-02,2102.5269
2011-01-03,2318.02301428344
2011-01-04,988.513215844521
2011-01-05,1662.9050811523498
2011-01-06,1304.0250998658303
2011-01-07,1900.8607573288677
2011-01-08,2854.3063234640044
2011-01-09,1320.6700274346379
2011-01-10,4364.743905750283
2011-01-11,6673.2244547709615
2011-01-12,2566.938802308411
2011-01-13,6729.044904932913
2011-01-14,9068.010508041996
2011-01-15,2513.6092618695798
2011-01-16,6019.707572345942
2011-01-17,4293.956664276305
2011-01-18,8494.224124689601
2011-01-19,4523.093764257612
2011-01-20,2999.0917220487263
2011-01-21,3726.8654576705853
2011-01-22,5866.056914876497
2011-01-23,9304.20628657693
2011-01-24,4144.442640189511
2011-01-25,4382.238877996957
2011-01-26,4846.88495221997
2011-01-27,129368.99781141632
2011-01-28,3935.31015658311
2011-01-29,3262.4867455777803
2011-01-30,3942.6914092607162
2011-01-31,11216.860397153281
2011-02-01,29447.9769430458
2011-02-02,44043.59841835296
2011-02-03,26085.469607885996
2011-02-04,18763.037764031887
2011-02-05,35775.25236733721
2011-02-06,29100.50955863484
2011-02-07,97979.80206663166
2011-02-08,16973.93209220955
2011-02-09,58282.874960903035
2011-02-10,33633.29960146899
2011-02-11,58867.48897294498
2011-02-12,25742.999911434064
2011-02-13,28065.72947424102
2011-02-14,57729.26239472631
2011-02-15,35884.36963734948
2011-02-16,22085.958078646123
2011-02-17,20926.848446440017
2011-02-18,41148.71239023206
2011-02-19,21267.07542314889
2011-02-20,38758.76102590417
2011-02-21,15770.436510758507
2011-02-22,25013.580017306234
2011-02-23,22097.712021844116
2011-02-24,34156.519580282016
2011-02-25,27253.159725684098
2011-02-26,45335.056513404
2011-02-27,75255.88868458965
2011-02-28,37368.19776520995
2011-03-01,205692.1910361839
2011-03-02,154026.41552652515
2011-03-03,20854.21781722776
2011-03-04,37251.58121012697
2011-03-05,28434.615720119695
2011-03-06,31675.386703822234
2011-03-07,29551.080929968757
2011-03-08,48630.804797854
2011-03-09,78415.56610503615
2011-03-10,130702.36865135762
2011-03-11,56120.94727918563
2011-03-12,62123.66650332212
2011-03-13,43653.14815875383
2011-03-14,123341.16015333346
2011-03-15,62836.74110260359
2011-03-16,57733.703119443104
2011-03-17,62428.87533887432
2011-03-18,56454.04906059253
2011-03-19,34908.740496818
2011-03-20,33090.050247130166
2011-03-21,36762.11849462792
2011-03-22,47467.482063633026
2011-03-23,79284.66330706456
2011-03-24,65468.919574639425
2011-03-25,50624.044344947164
2011-03-26,98102.96671557293
2011-03-27,42654.615473281345
2011-03-28,50464.39882345451
2011-03-29,38149.20490951301
2011-03-30,36314.553000564265
2011-03-31,43271.717437737214
2011-04-01,31851.082778841304
2011-04-02,33837.28138486408
2011-04-03,21257.32658197029
2011-04-04,51737.00345275292
2011-04-05,33834.80625225572
2011-04-06,20817.069314458535
2011-04-07,36770.81242086883
2011-04-08,33915.19034176471
2011-04-09,35300.76712146953
2011-04-10,28208.307930783103
2011-04-11,31356.279607133325
2011-04-12,49552.20776853319
2011-04-13,60371.24477851948
2011-04-14,87431.26756825551
2011-04-15,52414.76466920349
2011-04-16,202745.58650331286
2011-04-17,839322.2882425734
2011-04-18,89698.339033741
2011-04-19,2562998.177617283
2011-04-20,801383.5009969664
2011-04-21,130525.47705461031
2011-04-22,191359.15906272596
2011-04-23,190622.8269415345
2011-04-24,151630.81084209794
2011-04-25,137989.9205202793
2011-04-26,204524.1547356258
2011-04-27,307909.60690337495
2011-04-28,350109.77304365806
2011-04-29,1577198.499275586
2011-04-30,3091446.747943255
2011-05-01,1045574.3457988893
2011-05-02,794131.3355467116
2011-05-03,1287600.166529761
2011-05-04,2135577.1876022555
2011-05-05,1043860.6236307335
2011-05-06,1250407.5874619018
2011-05-07,1246146.3445065352
2011-05-08,1112289.4340598506
2011-05-09,1058834.9131404485
2011-05-10,2532057.0879193516
2011-05-11,3153737.188066406
2011-05-12,3865617.562232217
2011-05-13,14424371.420394603
2011-05-14,46440568.045941085
2011-05-15,15641779.447264886
2011-05-16,9550866.806446757
2011-05-17,5145952.460424562
2011-05-18,4862033.070364048
2011-05-19,3378484.4913057517
2011-05-20,3107604.147179589
2011-05-21,19620566.210393697
2011-05-22,11161429.506377432
2011-05-23,4394004.376727926
2011-05-24,3600058.2461232916
2011-05-25,3788504.2796940417
2011-05-26,5600688.07611295
2011-05-27,28815878.524977274
2011-05-28,3450502.9187209196
2011-05-29,4578911.390458737
2011-05-30,3939782.892413286
2011-05-31,5829678.927189175
2011-06-01,6042721.950200033
2011-06-02,8824591.901549462
2011-06-03,22155401.14236696
2011-06-04,23773755.322867986
2011-06-05,30352046.58811503
2011-06-06,37470673.22746463
2011-06-07,32106341.208412185
2011-06-08,112215364.75483243
2011-06-09,131382536.83758184
2011-06-10,111212752.05540928
2011-06-11,119323734.37286468
2011-06-12,482987053.9468702
2011-06-13,86732910.71713902
2011-06-14,147925008.21295005
2011-06-15,56430021.24741152
2011-06-16,67232786.78350268
2011-06-17,46723858.88179538
2011-06-18,29548780.715379875
2011-06-19,271522003.3183132
2011-06-20,29490404.537823167
2011-06-21,34594524.489973694
2011-06-22,22760269.190705992
2011-06-23,116842480.6907962
2011-06-24,25209095.441797994
2011-06-25,33724575.98733698
2011-06-26,23489115.718602378
2011-06-27,38792718.3104574
2011-06-28,33747511.70769422
2011-06-29,22749330.00360296
2011-06-30,26247320.08852823
2011-07-01,28941277.758896578
2011-07-02,24822107.764567018
2011-07-03,11404146.072290031
2011-07-04,17160787.781131126
2011-07-05,20739546.82463751
2011-07-06,17694827.71624393
2011-07-07,12740981.922215786
2011-07-08,12663429.078171564
2011-07-09,11771078.322715016
2011-07-10,14133294.923332287
2011-07-11,14186654.802424865
2011-07-12,11587057.681128044
2011-07-13,11333155.38854183
2011-07-14,10526924.42796805
2011-07-15,9167724.55878687
2011-07-16,8917300.499381067
2011-07-17,9826292.732211899
2011-07-18,38081831.54519589
2011-07-19,12808053.354149394
2011-07-20,10942790.88134182
2011-07-21,10431027.410216443
2011-07-22,12746663.457826948
2011-07-23,8542168.757351302
2011-07-24,9078724.842131792
2011-07-25,14018481.586368853
2011-07-26,13612603.997680016
2011-07-27,11077410.960168904
2011-07-28,20331676.93502106
2011-07-29,12672974.678285372
2011-07-30,9174548.684503691
2011-07-31,10433717.730202736
2011-08-01,17012241.071731877
2011-08-02,12176974.140239976
2011-08-03,15310952.631686592
2011-08-04,13233344.786620034
2011-08-05,14730504.412470965
2011-08-06,8759752.521655167
2011-08-07,9498098.367902856
2011-08-08,13681628.982478593
2011-08-09,6685328.660094833
2011-08-10,7295101.650604851
2011-08-11,6631297.970872404
2011-08-12,5753625.800837874
2011-08-27,104583460.4717702
2011-08-28,3265809.240946221
2011-08-29,4327639.832036212
2011-08-30,3992023.353960281
2011-08-31,4246218.556981033
2011-09-01,4266617.695473302
2011-09-02,4001903.4235170926
2011-09-03,3005812.7947939234
2011-09-04,5354594.15524907
2011-09-05,5637291.638615829
2011-09-06,5519837.55086347
2011-09-07,8431994.424140815
2011-09-08,3269738.303424712
2011-09-09,7341072.95959587
2011-09-10,1994381.2830190423
2011-09-11,31277017.279648293
2011-09-12,4374479.3569031255
2011-09-13,2402571.063919864
2011-09-14,2736440.103139171
2011-09-15,2438412.006948983
2011-09-16,2235061.0514690713
2011-09-17,1794089.2443237638
2011-09-18,1494490.956602114
2011-09-19,1946628.2469942982
2011-09-20,3106122.8276711735
2011-09-21,4532972.558777793
2011-09-22,2634952.4220430935
2011-09-23,2311369.533627943
2011-09-24,1925158.5435801938
2011-09-25,1737896.3069929816
2011-09-26,1741112.0038736816
2011-09-27,2391397.693389964
2011-09-28,1576203.549310071
2011-09-29,1260609.7617535612
2011-09-30,1540931.4031065924
2011-10-01,2137552.425905271
2011-10-02,1386751.5168637284
2011-10-03,1545340.118618728
2011-10-04,2007412.9293238984
2011-10-05,2184972.226280183
2011-10-06,3434430.9973324933
2011-10-07,3065005.560862636
2011-10-08,1308868.9953931568
2011-10-09,1456994.2619902422
2011-10-10,1169268.2963492838
2011-10-11,1531156.7699629974
2011-10-12,1204780.4679021018
2011-10-13,1265187.373483831
2011-10-14,1606342.0208081095
2011-10-15,1117948.4282111558
2011-10-16,946890.21945965
2011-10-17,1519825.2973099814
2011-10-18,1087104.3366886869
2011-10-19,783017.506393498
2011-10-20,595850.3618041334
2011-10-21,626172.1089636426
2011-10-22,879963.1115598622
2011-10-23,1100472.0805809763
2011-10-24,1333378.7239728859
2011-10-25,905383.0428325677
2011-10-26,1047470.1926370127
2011-10-27,664410.6289688533
2011-10-28,1290179.6680380031
2011-10-29,2296276.9392916122
2011-10-30,792056.2422552152
2011-10-31,1403072.6256205905
2011-11-01,1183276.5466909509
2011-11-02,1523485.2725833387
2011-11-03,1272922.3674367096
2011-11-04,1460294.6517914403
2011-11-05,993513.0553981203
2011-11-06,643724.7692313098
2011-11-07,685420.6080694982
2011-11-08,1547956.1080057025
2011-11-09,2748749.5243586763
2011-11-10,1278042.7555656391
2011-11-11,1119510.7999919786
2011-11-12,1191943.2039536072
2011-11-13,656586.2883680402
2011-11-14,1300119.0584035486
2011-11-15,1291080.0050296122
2011-11-16,10533163.370719355
2011-11-17,18047187.65625804
2011-11-18,12518558.081298716
2011-11-19,15576592.58656964
2011-11-20,884930.9694665325
2011-11-21,27231459.63117562
2011-11-22,27751621.278409176
2011-11-23,6464838.906780733
2011-11-24,1057880.6336040362
2011-11-25,1176745.2236828923
2011-11-26,1110773.8822565589
2011-11-27,6866444.515462124
2011-11-28,16942428.80956408
2011-11-29,21298030.068462107
2011-11-30,66284524.90446694
2011-12-01,15314487.927200928
2011-12-02,45973041.53961006
2011-12-03,34273303.654584125
2011-12-04,25068725.74147455
2011-12-05,24795410.549850848
2011-12-06,51215134.54789654
2011-12-07,52913820.73833323
2011-12-08,32353157.74845139
2011-12-09,8586766.896432051
2011-12-10,2971574.5244798707
2011-12-11,3054614.908933183
2011-12-12,3579435.604758559
2011-12-13,1570875.160712425
2011-12-14,1528391.2908629589
2011-12-15,1607305.7554025117
2011-12-16,1870693.0030525438
2011-12-17,1511323.7912531323
2011-12-18,838355.1242968633
2011-12-19,2026850.8606588119
2011-12-20,3511972.4821731914
2011-12-21,3388436.7819683054
2011-12-22,2419580.5812094416
2011-12-23,1783455.1203761336
2011-12-24,1338132.3411236608
2011-12-25,1385545.9091109573
2011-12-26,2131079.2120772805
2011-12-27,1671704.0594276357
2011-12-28,1900045.0847931942
2011-12-29,2390307.0592173184
2011-12-30,2189067.150238238
2011-12-31,1771352.440692325
2012-01-01,5215131.775033471
2012-01-02,3918264.807189535
2012-01-03,2957673.746108117
2012-01-04,4157461.3588874624
2012-01-05,10772324.726206137
2012-01-06,7629303.370775573
2012-01-07,5233241.887632251
2012-01-08,5607306.85295198
2012-01-09,8935125.986983351
2012-01-10,6142807.183755745
2012-01-11,5964471.675983422
2012-01-12,6528639.127987963
2012-01-13,7894075.227776572
2012-01-14,6328057.675355141
2012-01-15,4181521.2606904884
2012-01-16,7949907.740758335
2012-01-17,9430806.806088608
2012-01-18,5947841.578472422
2012-01-19,8434444.56670505
2012-01-20,5217286.728225756
2012-01-21,3634533.3506299723
2012-01-22,3035287.454289854
2012-01-23,3400289.700753645
2012-01-24,6903063.573917361
2012-01-25,6953367.119360806
2012-01-26,5745654.470451486
2012-01-27,4464827.881794145
2012-01-28,3610931.21099758
2012-01-29,3474321.333951427
2012-01-30,2895175.446724857
2012-01-31,3302689.258502377
2012-02-01,5399425.306116699
2012-02-02,4759144.223516695
2012-02-03,5102833.223144985
2012-02-04,5303594.702420407
2012-02-05,4183521.99443373
2012-02-06,4604879.074113141
2012-02-07,3872796.7248745984
2012-02-08,3739878.9026563936
2012-02-09,3067889.0955270524
2012-02-10,3899414.16357829
2012-02-11,4987023.822352309
2012-02-12,4174961.387568007
2012-02-13,6947561.404705587
2012-02-14,8652215.253244817
2012-02-15,13132695.247474216
2012-02-16,5837283.998661166
2012-02-17,3945560.5841072537
2012-02-18,2795826.0448046513
2012-02-19,1832228.3850470386
2012-02-20,2384615.4041917524
2012-02-21,2530774.5470057577
2012-02-22,2883989.9798218003
2012-02-23,3125068.7977145975
2012-02-24,4883184.116275042
2012-02-25,4429861.356463506
2012-02-26,2463090.2281511463
2012-02-27,3057435.4825298786
2012-02-28,3135978.757831297
2012-02-29,2954434.339407042
2012-03-01,5712098.261343577
2012-03-02,5056074.278299094
2012-03-03,3256480.121087131
2012-03-04,2150461.279527088
2012-03-05,2554209.518208593
2012-03-06,3398469.0473032543
2012-03-07,3175709.2132221414
2012-03-08,3132083.224039445
2012-03-09,2985081.385916064
2012-03-10,2287941.5958185624
2012-03-11,2466601.7016484155
2012-03-12,2997915.027792055
2012-03-13,4684871.906790888
2012-03-14,5117363.335735699
2012-03-15,3769254.356441147
2012-03-16,4352717.434455119
2012-03-17,2673214.6534328847
2012-03-18,2846673.6941637723
2012-03-19,3867622.8498296924
2012-03-20,4453786.7446660185
2012-03-21,4256375.294121862
2012-03-22,3581097.4453194425
2012-03-23,3005134.734179947
2012-03-24,2502959.393346674
2012-03-25,3508192.8304209067
2012-03-26,3476389.0314582805
2012-03-27,3457940.706778042
2012-03-28,3413213.986346239
2012-03-29,4231553.121171318
2012-03-30,3285806.0342398006
2012-03-31,3072452.8608766124
2012-04-01,2369370.815900637
2012-04-02,4730015.898529723
2012-04-03,4117282.8731743325
2012-04-04,4942175.873187157
2012-04-05,3302913.579051379
2012-04-06,5104348.482797531
2012-04-07,2767908.333648137
2012-04-08,2152296.5863580294
2012-04-09,8455448.907443734
2012-04-10,5783906.792122759
2012-04-11,4718777.4032218745
2012-04-12,5843065.708524012
2012-04-13,5155687.611496883
2012-04-14,4084681.130684692
2012-04-15,2522638.9025246934
2012-04-16,5623187.710052362
2012-04-17,4441105.297203372
2012-04-18,5133493.209094303
2012-04-19,6413049.704714482
2012-04-20,8286668.482541931
2012-04-21,5595307.221273353
2012-04-22,4784059.973193302
2012-04-23,3749819.136141265
2012-04-24,4622333.202792093
2012-04-25,5444811.59764989
2012-04-26,5915157.450182895
2012-04-27,4484868.336523731
2012-04-28,3595541.0556278788
2012-04-29,4210092.180518314
2012-04-30,3538442.0963673834
2012-05-01,4522703.7851945
2012-05-02,5360255.4312185235
2012-05-03,4427505.207985579
2012-05-04,4960846.968046089
2012-05-05,4066557.3195376536
2012-05-06,5373654.154187081
2012-05-07,5900118.645365032
2012-05-08,5972568.760743942
2012-05-09,7299003.519126712
2012-05-10,5592156.10255519
2012-05-11,6969639.691910725
2012-05-12,4684920.88834653
2012-05-13,3353950.2304127486
2012-05-14,5622390.585218278
2012-05-15,6529754.272740927
2012-05-16,5259760.744830871
2012-05-17,5882276.005797248
2012-05-18,5782029.419020123
2012-05-19,5163823.1944765
2012-05-20,6221044.942938155
2012-05-21,6650002.149308413
2012-05-22,7187115.05773419
2012-05-23,6398029.419385759
2012-05-24,4519328.6232968215
2012-05-25,5459409.4447956765
2012-05-26,3926952.2082721554
2012-05-27,5728745.229336395
2012-05-28,5235723.007531642
2012-05-29,6656988.811688183
2012-05-30,7137755.551239995
2012-05-31,14106543.760650294
2012-06-01,13005019.211302731
2012-06-02,4825045.963515483
2012-06-03,5226951.323579671
2012-06-04,9576084.997574022
2012-06-05,7521652.697936495
2012-06-06,6904130.821037457
2012-06-07,9049290.350655904
2012-06-08,8108447.225522119
2012-06-09,8423907.978491213
2012-06-10,6180510.167145784
2012-06-11,7514054.212187699
2012-06-12,8817162.001359018
2012-06-13,8782511.862093609
2012-06-14,8176177.2697592005
2012-06-15,10647366.85490661
2012-06-16,10819398.407974798
2012-06-17,9877975.679244936
2012-06-18,10202177.478790537
2012-06-19,9479757.839591473
2012-06-20,13838251.711904675
2012-06-21,9166821.931723803
2012-06-22,12451320.931365283
2012-06-23,6789663.753651735
2012-06-24,12506754.10692737
2012-06-25,10863333.852166021
2012-06-26,15540614.925422749
2012-06-27,11254825.967175797
2012-06-28,10169427.03904202
2012-06-29,7990508.235546722
2012-06-30,4811778.122423209
2012-07-01,4843143.184888388
2012-07-02,12260163.097232321
2012-07-03,14823223.564995356
2012-07-04,11028755.284360854
2012-07-05,9879235.62615139
2012-07-06,9553238.294356314
2012-07-07,7648158.939357214
2012-07-08,6915209.131692442
2012-07-09,11829938.710381132
2012-07-10,14797870.695816848
2012-07-11,12171802.9480633
2012-07-12,18677967.977694035
2012-07-13,22141944.42501912
2012-07-14,16783885.24916721
2012-07-15,11027159.949042207
2012-07-16,19481132.942403167
2012-07-17,37058306.04442925
2012-07-18,27546126.437336884
2012-07-19,19457994.80729831
2012-07-20,22913004.339355163
2012-07-21,23270123.168270223
2012-07-22,16490180.994371641
2012-07-23,21063231.721604213
2012-07-24,20199698.945678134
2012-07-25,21913729.117717285
2012-07-26,21949046.44161919
2012-07-27,19002525.782087006
2012-07-28,13704066.48656859
2012-07-29,20311122.56545621
2012-07-30,23388660.008804526
2012-07-31,44246342.06917242
2012-08-01,28977692.33406316
2012-08-02,36880006.036853224
2012-08-03,33186721.98850633
2012-08-04,21560785.421286765
2012-08-05,24705630.077158347
2012-08-06,29193809.713161662
2012-08-07,30814751.404209893
2012-08-08,30167264.394904047
2012-08-09,38798832.96450224
2012-08-10,31171986.63039234
2012-08-11,23706719.462388255
2012-08-12,22042539.209442858
2012-08-13,40810519.96894753
2012-08-14,39641249.81524044
2012-08-15,40195196.74238918
2012-08-16,56076976.80825769
2012-08-17,57389514.19813856
2012-08-18,57991284.367297746
2012-08-19,140983561.14774573
2012-08-20,76535143.54782888
2012-08-21,46030319.839939244
2012-08-22,48312836.99684006
2012-08-23,39026636.654752925
2012-08-24,32902626.03467638
2012-08-25,24107124.990011767
2012-08-26,24886785.94041961
2012-08-27,47659859.75139554
2012-08-28,36623551.58382254
2012-08-29,36242628.764779694
2012-08-30,31574582.128229473
2012-08-31,57177231.97806726
2012-09-01,25016299.316594202
2012-09-02,20976684.77333148
2012-09-03,21857441.60036766
2012-09-04,36200528.98655749
2012-09-05,40562100.65917213
2012-09-06,38527094.63464143
2012-09-07,31992457.802822106
2012-09-08,32578615.733637832
2012-09-09,68989390.75527488
2012-09-10,65705654.19734419
2012-09-11,51000272.10424691
2012-09-12,42627299.497874066
2012-09-13,45724038.14618218
2012-09-14,37959831.341577664
2012-09-15,33809994.06937775
2012-09-16,48125809.32349627
2012-09-17,54138496.759812176
2012-09-18,46222655.71105311
2012-09-19,52390654.480367586
2012-09-20,59056710.87225134
2012-09-21,95815102.5667016
2012-09-22,36752059.05207221
2012-09-23,26380867.59855845
2012-09-24,55595372.906173885
2012-09-25,46023945.5436967
2012-09-26,40871118.7099902
2012-09-27,50773841.48642743
2012-09-28,54492057.01325514
2012-09-29,48450838.32409486
2012-09-30,38516498.8093447
2012-10-01,48632495.595360845
2012-10-02,63338624.32860492
2012-10-03,53547218.188818224
2012-10-04,51485350.72131468
2012-10-05,60966703.69759677
2012-10-06,29498751.414727572
2012-10-07,39504199.40090717
2012-10-08,48999172.66319481
2012-10-09,40074422.127272174
2012-10-10,35841038.767129846
2012-10-11,36227567.06013767
2012-10-12,37036264.60412181
2012-10-13,25462605.949274953
2012-10-14,26202008.035672933
2012-10-15,35191461.041214794
2012-10-16,50753006.270245574
2012-10-17,39915191.51405991
2012-10-18,40472628.17224901
2012-10-19,31516696.783576757
2012-10-20,49963494.685300484
2012-10-21,34278977.78079355
2012-10-22,39616152.18911001
2012-10-23,56863625.909844376
2012-10-24,49253954.69770949
2012-10-25,56713874.35339754
2012-10-26,64481502.21613504
2012-10-27,35528276.434318766
2012-10-28,21056895.89246323
2012-10-29,26821739.28780595
2012-10-30,60048604.0905186
2012-10-31,47895277.251866385
2012-11-01,41977987.322129495
2012-11-02,39669515.60895845
2012-11-03,25489107.963942084
2012-11-04,23162079.466456342
2012-11-05,33209306.12228049
2012-11-06,57289361.913064405
2012-11-07,39545646.46127044
2012-11-08,29443679.814611554
2012-11-09,30675122.960570756
2012-11-10,19453699.823589653
2012-11-11,18922410.619523045
2012-11-12,18251919.29169105
2012-11-13,25543572.764016002
2012-11-14,22664684.393789332
2012-11-15,35662197.40718702
2012-11-16,62583851.56233961
2012-11-17,38362064.9708976
2012-11-18,34732895.73179438
2012-11-19,45203117.460982
2012-11-20,48367167.71076085
2012-11-21,35381953.23389604
2012-11-22,35076205.1666931
2012-11-23,30292285.783058997
2012-11-24,33772417.629438825
2012-11-25,30003011.121722598
2012-11-26,38315485.150385134
2012-11-27,49953355.105445035
2012-11-28,45116564.83019049
2012-11-29,40844027.76890449
2012-11-30,35903678.93152229
2012-12-01,44896199.73340169
2012-12-02,30484680.92024839
2012-12-03,49377457.93962531
2012-12-04,49816909.99397921
2012-12-05,59598922.56167904
2012-12-06,81785079.8233345
2012-12-07,54560426.379712634
2012-12-08,37560034.74886242
2012-12-09,42528970.32460678
2012-12-10,60269867.65852961
2012-12-11,67306644.52300282
2012-12-12,72757914.14661758
2012-12-13,82769255.08540632
2012-12-14,58218452.051708765
2012-12-15,32519472.253825117
2012-12-16,28279056.933237873
2012-12-17,45555968.67322394
2012-12-18,56830706.48022626
2012-12-19,47484811.97844518
2012-12-20,37718895.08975275
2012-12-21,47478538.55016225
2012-12-22,33731960.43560011
2012-12-23,28165700.51903276
2012-12-24,54274104.63889988
2012-12-25,29196377.839857567
2012-12-26,40191352.934113316
2012-12-27,40838446.44570591
2012-12-28,42495423.74750732
2012-12-29,39188097.39899658
2012-12-30,32995001.323897336
2012-12-31,53627335.213719994
2013-01-01,42496513.646944895
2013-01-02,60697018.49571545
2013-01-03,46098115.61358792
2013-01-04,56439348.29808254
2013-01-05,36939645.005574994
2013-01-06,31298645.897479963
2013-01-07,38065908.30471444
2013-01-08,60847382.82564372
2013-01-09,51277681.74909171
2013-01-10,56254733.07105522
2013-01-11,54296332.41360631
2013-01-12,40713248.18395621
2013-01-13,43901629.43968223
2013-01-14,45267539.90598216
2013-01-15,66849847.540050186
2013-01-16,65928441.85487444
2013-01-17,72487894.50339688
2013-01-18,72435930.37051205
2013-01-19,50170752.529959984
2013-01-20,48960606.69985881
2013-01-21,72071426.0614248
2013-01-22,116046267.18020289
2013-01-23,166131036.75030208
2013-01-24,143743950.48136514
2013-01-25,146439150.16886503
2013-01-26,100057462.77020767
2013-01-27,110831563.51823285
2013-01-28,143088490.7671864
2013-01-29,248104480.8109929
2013-01-30,195269916.49656686
2013-01-31,225930356.8530951
2013-02-01,208098337.8164839
2013-02-02,141148024.3613517
2013-02-03,120041729.06301332
2013-02-04,120998486.02563325
2013-02-05,174119031.50293595
2013-02-06,163431310.32679176
2013-02-07,153418572.04897782
2013-02-08,141014368.3321911
2013-02-09,138061591.10033056
2013-02-10,114170128.60926591
2013-02-11,145869636.27544042
2013-02-12,221728324.52951935
2013-02-13,201754497.63118058
2013-02-14,220516898.50606576
2013-02-15,233324804.6207887
2013-02-16,170655867.05101958
2013-02-17,210200073.56102124
2013-02-18,205893385.86831024
2013-02-19,225383739.1745095
2013-02-20,299014839.28432804
2013-02-21,255205409.3479785
2013-02-22,306097347.8448691
2013-02-23,297113197.00294703
2013-02-24,294267084.4136822
2013-02-25,359626755.6381796
2013-02-26,303856031.38920957
2013-02-27,278727112.99243724
2013-02-28,414319055.6911619
2013-03-01,328808379.4545215
2013-03-02,314286195.8641648
2013-03-03,180981955.9684216
2013-03-04,400131793.9062037
2013-03-05,454563450.47982603
2013-03-06,778749356.8843955
2013-03-07,688786070.1783853
2013-03-08,481292905.8701158
2013-03-09,412358537.50703776
2013-03-10,440916085.3376283
2013-03-11,510403561.79017043
2013-03-12,710733704.1171633
2013-03-13,648446953.3030969
2013-03-14,605842280.8142539
2013-03-15,601962319.9588455
2013-03-16,385445193.4791765
2013-03-17,366071798.1148446
2013-03-18,600134759.2020178
2013-03-19,981459351.6911402
2013-03-20,1172716244.8127167
2013-03-21,1695728275.2441347
2013-03-22,1524502879.8621938
2013-03-23,1195674812.8052583
2013-03-24,902490224.2255584
2013-03-25,1812344723.5087247
2013-03-26,1543622293.7508903
2013-03-27,1871721844.6208751
2013-03-28,2807817535.535125
2013-03-29,2403788825.0850954
2013-03-30,1910519407.667118
2013-03-31,1350168344.9982615
2013-04-01,2844523729.349437
2013-04-02,4498990236.029706
2013-04-03,6898658947.805973
2013-04-04,5118422441.543561
2013-04-05,4964838638.726381
2013-04-06,4031845308.8950653
2013-04-07,4127392973.6420336
2013-04-08,10801217187.304876
2013-04-09,16497910787.995504
2013-04-10,31613993526.82333
2013-04-11,14564572198.252047
2013-04-12,6784508360.142205
2013-04-13,3238270813.5630746
2013-04-14,1910383589.1229737
2013-04-15,3208479367.247358
2013-04-16,2516173094.0220656
2013-04-17,1697708660.5662475
2013-04-18,2490230363.707727
2013-04-19,3110938765.512094
2013-04-20,2688286053.379205
2013-04-21,2756005179.743422
2013-04-22,2576888547.759909
2013-04-23,3175521627.4460473
2013-04-24,5969975124.179338
2013-04-25,7027227791.717168
2013-04-26,4850514117.174994
2013-04-27,4753427787.991711
2013-04-28,2297429858.5923333
2013-04-29,7130498122.142377
2013-04-30,4592960733.541889
2013-05-01,4883415678.234115
2013-05-02,4071613004.5178494
2013-05-03,3252815006.93105
2013-05-04,2110395729.7950525
2013-05-05,2655078258.556201
2013-05-06,4095887943.224233
2013-05-07,5546764025.903427
2013-05-08,4364034994.024382
2013-05-09,2320682074.897686
2013-05-10,2944301198.736931
2013-05-11,3059455678.3330193
2013-05-12,3966053523.814645
2013-05-13,4450174059.264345
2013-05-14,3483513085.321733
2013-05-15,3428013668.3207984
2013-05-16,3147251675.4799933
2013-05-17,3564848840.9197736
2013-05-18,2866701894.6879697
2013-05-19,2026124772.1710398
2013-05-20,2141515002.8151302
2013-05-21,2877077706.2206316
2013-05-22,2463080485.413157
2013-05-23,2661396098.4964027
2013-05-24,3967648735.868545
2013-05-25,3687766031.9125504
2013-05-26,1374674001.08995
2013-05-27,3055918376.743899
2013-05-28,3355076466.311984
2013-05-29,3528208421.519901
2013-05-30,3709652610.8125534
2013-05-31,2287992745.912294
2013-06-01,1910186650.8901367
2013-06-02,2391879956.1717544
2013-06-03,4193987370.6460457
2013-06-04,3112441044.759845
2013-06-05,2708698598.866074
2013-06-06,3025887346.823414
2013-06-07,3080938963.997408
2013-06-08,1765123175.1770573
2013-06-09,2824600554.08642
2013-06-10,1901995818.2288325
2013-06-11,1993550009.7557123
2013-06-12,2227962768.148174
2013-06-13,1872622769.7634497
2013-06-14,2174186936.4396467
2013-06-15,1280749491.3806894
2013-06-16,1401232894.9146037
2013-06-17,1542478075.9011889
2013-06-18,1914030427.9439428
2013-06-19,1642090232.695731
2013-06-20,2115504153.4202986
2013-06-21,2433521451.750062
2013-06-22,1526748836.0001183
2013-06-23,1484295387.4941337
2013-06-24,2067102055.1210217
2013-06-25,1685219740.6872516
2013-06-26,1832473724.2313006
2013-06-27,1592659457.9527524
2013-06-28,1910191988.1381114
2013-06-29,1160950620.3543577
2013-06-30,1114762981.2554185
2013-07-01,2519544098.741656
2013-07-02,1701114653.1204095
2013-07-03,2160988069.7097063
2013-07-04,2349008877.2150617
2013-07-05,1869198323.5747166
2013-07-06,1076477149.6671805
2013-07-07,828846815.8022754
2013-07-08,1316658915.925457
2013-07-09,2255443203.3614674
2013-07-10,2053415247.5818615
2013-07-11,2151077226.56428
2013-07-12,2372949877.8628397
2013-07-13,2817900527.7587056
2013-07-14,1386114870.6434653
2013-07-15,1645228495.2340767
2013-07-16,2543889228.982725
2013-07-17,3745765550.764262
2013-07-18,4127006773.5052414
2013-07-19,1578626723.3610377
2013-07-20,1413773484.6986434
2013-07-21,1319377902.9815521
2013-07-22,1916358476.2807298
2013-07-23,2941763262.5182424
2013-07-24,2155714310.7811646
2013-07-25,1868648547.8431962
2013-07-26,2318211313.0389156
2013-07-27,1141193415.8483534
2013-07-28,1311456161.3746803
2013-07-29,1974641671.2384708
2013-07-30,2478016191.2461667
2013-07-31,2870898475.1804943
2013-08-01,2735513615.369465
2013-08-02,2092976429.829101
2013-08-03,2523512491.673036
2013-08-04,1581172417.1295943
2013-08-05,2616495080.555557
2013-08-06,1812771957.2237363
2013-08-07,2196488855.9751096
2013-08-08,2035668104.3216586
2013-08-09,1638310207.8895228
2013-08-10,1457376864.5829623
2013-08-11,1430141804.4965625
2013-08-12,3011011789.312624
2013-08-13,4048224521.79443
2013-08-14,3031543991.878602
2013-08-15,3626122480.074934
2013-08-16,1690399052.8201432
2013-08-17,1312938665.7536492
2013-08-18,1216877333.9232433
2013-08-19,3035776884.7569995
2013-08-20,3416612473.245787
2013-08-21,3283718138.9747224
2013-08-22,2452349768.2659516
2013-08-23,2309583096.084484
2013-08-24,1856860577.842497
2013-08-25,1414051665.9436476
2013-08-26,2492922779.7801085
2013-08-27,3099857022.3847656
2013-08-28,3181538816.2664332
2013-08-29,3398091276.523332
2013-08-30,3137833515.761804
2013-08-31,2661655952.0519094
2013-09-01,2763935601.302838
2013-09-02,3184117648.975785
2013-09-03,4058008264.6304407
2013-09-04,3072086919.2615433
2013-09-05,2792001729.865792
2013-09-06,2565968049.0309296
2013-09-07,1646062807.653225
2013-09-08,1302110690.1375694
2013-09-09,2553274809.9975877
2013-09-10,2145319874.3376596
2013-09-11,2410204220.599329
2013-09-12,2726940153.196044
2013-09-13,2410921047.4927773
2013-09-14,2366551750.028906
2013-09-15,1632111320.5905514
2013-09-16,2721163997.935845
2013-09-17,2387479650.290358
2013-09-18,3501412225.0460362
2013-09-19,4009926165.006911
2013-09-20,2985474135.4902215
2013-09-21,1798040000.129902
2013-09-22,2140212491.3924391
2013-09-23,3073363222.224695
2013-09-24,4608236304.65614
2013-09-25,3369130009.397712
2013-09-26,2769659977.4530196
2013-09-27,2998107130.84399
2013-09-28,2264598007.0858464
2013-09-29,2704121591.527348
2013-09-30,3261839385.9206877
2013-10-01,5219530843.116286
2013-10-02,11655075749.562212
2013-10-03,3273863182.1267204
2013-10-04,2714734104.3771114
2013-10-05,1661107088.4241457
2013-10-06,1569547021.8176491
2013-10-07,3239923673.7581882
2013-10-08,3227955854.001455
2013-10-09,3176146903.857397
2013-10-10,2616710544.094836
2013-10-11,3049892075.9162345
2013-10-12,2883984396.600462
2013-10-13,2875829628.0329814
2013-10-14,3449699403.2971096
2013-10-15,4237351115.653213
2013-10-16,5487567927.542651
2013-10-17,3229704734.920633
2013-10-18,5050095686.854685
2013-10-19,6143532138.761575
2013-10-20,4589448340.6226425
2013-10-21,8223272931.867111
2013-10-22,14005040172.528368
2013-10-23,11471250512.050053
2013-10-24,9576440040.204222
2013-10-25,13920073133.275429
2013-10-26,7333048882.216337
2013-10-27,4233795866.811218
2013-10-28,4981622199.590144
2013-10-29,12291461272.316326
2013-10-30,8290706897.563768
2013-10-31,6883660325.259902
2013-11-01,6394884959.888032
2013-11-02,5241950903.905083
2013-11-03,6101834104.737403
2013-11-04,14889918521.020985
2013-11-05,17036032757.617348
2013-11-06,15183315459.580301
2013-11-07,30137915386.16821
2013-11-08,28409886260.270187
2013-11-09,31116047404.360836
2013-11-10,26000913591.006832
2013-11-11,25988776591.14909
2013-11-12,30549702301.113594
2013-11-13,38232354625.90913
2013-11-14,49479875939.65296
2013-11-15,45948751427.97953
2013-11-16,38572757369.86722
2013-11-17,49035875182.73287
2013-11-18,123094538944.51291
2013-11-19,155770477474.67822
2013-11-20,120731993688.89647
2013-11-21,122867627746.11853
2013-11-22,365642619833.4607
2013-11-23,145179892101.5328
2013-11-24,145587379296.3034
2013-11-25,132438598757.3133
2013-11-26,249281802001.7769
2013-11-27,322446183720.5671
2013-11-28,374812676748.0413
2013-11-29,407328342162.10205
2013-11-30,256565084899.84555
2013-12-01,340059163056.9908
2013-12-02,204184347556.99643
2013-12-03,232787164801.92227
2013-12-04,244650873082.931
2013-12-05,420163700519.11255
2013-12-06,235928199163.17532
2013-12-07,168603988526.73383
2013-12-08,100486122933.94247
2013-12-09,104397796780.21489
2013-12-10,161789961251.7279
2013-12-11,212246302721.43982
2013-12-12,85947232456.23343
2013-12-13,98482144144.73593
2013-12-14,99747624945.06543
2013-12-15,77822796906.43227
2013-12-16,313995030774.12067
2013-12-17,109890508942.72925
2013-12-18,147637223878.70834
2013-12-19,103384726004.29932
2013-12-20,82257859791.93625
2013-12-21,108009362543.24855
2013-12-22,67431383688.54807
2013-12-23,54875063799.63781
2013-12-24,136750378527.13681
2013-12-25,101457586172.51825
2013-12-26,59332174700.23859
2013-12-27,62855986957.39256
2013-12-28,44869499934.06399
2013-12-29,45373311920.6237
2013-12-30,64680645080.894646
2013-12-31,60896218076.39583
2014-01-01,60048377928.516045
2014-01-02,69253543664.00304
2014-01-03,132566242973.88081
2014-01-04,108835501644.35658
2014-01-05,161256400331.13116
2014-01-06,137957001642.68405
2014-01-07,90771131300.44812
2014-01-08,94884218775.23453
2014-01-09,65561214371.54627
2014-01-10,60501996471.20137
2014-01-11,91573954220.95398
2014-01-12,66262907085.99436
2014-01-13,73888087128.93687
2014-01-14,87727534213.88719
2014-01-15,78200735598.15947
2014-01-16,82899172725.65839
2014-01-17,59225516663.70715
2014-01-18,37555620396.1491
2014-01-19,54550898442.68993
2014-01-20,85513650645.9283
2014-01-21,101166401386.26651
2014-01-22,71797933618.28848
2014-01-23,80912651073.98534
2014-01-24,91787239898.99455
2014-01-25,65086367421.391
2014-01-26,69827428253.96193
2014-01-27,107256777746.54776
2014-01-28,75078792752.64711
2014-01-29,48523847319.88816
2014-01-30,69890868076.8471
2014-01-31,44369284048.05469
2014-02-01,49880255375.580826
2014-02-02,44196979828.67135
2014-02-03,47788052873.572075
2014-02-04,86039230525.6161
2014-02-05,147423211043.23932
2014-02-06,96573234711.91978
2014-02-07,85656400442.5102
2014-02-08,45461946032.311386
2014-02-09,37014647558.74693
2014-02-10,73541193618.58775
2014-02-11,71093474525.36488
2014-02-12,49567228689.31886
2014-02-13,42606783488.88104
2014-02-14,54100377133.241425
2014-02-15,49224318462.402245
2014-02-16,50093268062.89032
2014-02-17,41020463755.01463
2014-02-18,53012991663.103195
2014-02-19,37848371619.82481
2014-02-20,43590471970.08351
2014-02-21,34344957866.761833
2014-02-22,34781450590.970406
2014-02-23,38413085819.31709
2014-02-24,62666705002.67248
2014-02-25,92922364805.65723
2014-02-26,61805594001.84347
2014-02-27,43979603807.14804
2014-02-28,55415639091.26272
2014-03-01,34287274598.453197
2014-03-02,24046180355.568607
2014-03-03,77360647038.76729
2014-03-04,101463961923.28503
2014-03-05,62620029941.36843
2014-03-06,57398301366.43041
2014-03-07,448102963874.17194
2014-03-08,213614943817.42743
2014-03-09,158886099641.60425
2014-03-10,166667905734.66183
2014-03-11,179721273157.48505
2014-03-12,154592206453.2296
2014-03-13,217919848050.08496
2014-03-14,86467172299.77577
2014-03-15,82801693584.6834
2014-03-16,25180341552.52617
2014-03-17,38874545690.645485
2014-03-18,40071398017.87924
2014-03-19,53345828050.3884
2014-03-20,49130744013.12982
2014-03-21,47090079757.668076
2014-03-22,25216461735.048756
2014-03-23,15292254401.019976
2014-03-24,35119765433.769035
2014-03-25,29647090113.621048
2014-03-26,38020030286.16127
2014-03-27,53915666666.96775
2014-03-28,45130282703.89124
2014-03-29,15640648184.224031
2014-03-30,24230335945.70209
2014-03-31,32483567131.287952
2014-04-01,28660352363.672966
2014-04-02,35853785052.49582
2014-04-03,32696594348.363457
2014-04-04,27857672937.024643
2014-04-05,29162840751.12787
2014-04-06,20732500745.10041
2014-04-07,19304872108.71273
2014-04-08,24097781849.80848
2014-04-09,31812562570.523556
2014-04-10,48224134440.954254
2014-04-11,29480315038.77891
2014-04-12,12270026900.623487
2014-04-13,11927639146.69968
2014-04-14,24614470862.59507
2014-04-15,34739126939.74108
2014-04-16,65167853199.81299
2014-04-17,33889864164.839077
2014-04-18,21171238573.158382
2014-04-19,15754720364.17694
2014-04-20,18990685977.48654
2014-04-21,40057739288.73999
2014-04-22,25885670282.840206
2014-04-23,34836166503.00544
2014-04-24,25716701001.577446
2014-04-25,34875089392.891426
2014-04-26,15805586716.56751
2014-04-27,16170680396.709055
2014-04-28,23617598876.425747
2014-04-29,27181782953.814827
2014-04-30,17730294588.246174
2014-05-01,19314619719.414234
2014-05-02,21440279912.120796
2014-05-03,12606338454.378387
2014-05-04,11560296257.479355
2014-05-05,15318874545.052
2014-05-06,16333019430.364546
2014-05-07,24828533509.28043
2014-05-08,19093700653.45009
2014-05-09,16618759287.705816
2014-05-10,11663285824.18875
2014-05-11,11580678016.900219
2014-05-12,19540821117.65931
2014-05-13,16656141105.907925
2014-05-14,25671500656.605125
2014-05-15,21037679486.035732
2014-05-16,14973075880.688292
2014-05-17,11225365792.211044
2014-05-18,11758795669.15799
2014-05-19,25522655036.210308
2014-05-20,34654792117.23739
2014-05-21,25182746503.164333
2014-05-22,30598501237.0413
2014-05-23,38254403402.922516
2014-05-24,92931894697.79971
2014-05-25,47601508516.529274
2014-05-26,38250813189.1025
2014-05-27,59552829230.05508
2014-05-28,33963501483.96116
2014-05-29,26764712551.646812
2014-05-30,45587517030.062485
2014-05-31,32592698989.41924
2014-06-01,44752201271.950134
2014-06-02,50473343832.968704
2014-06-03,49734311483.396454
2014-06-04,50537579191.53719
2014-06-05,47169130562.869934
2014-06-06,45627789372.98545
2014-06-07,26849222865.896725
2014-06-08,25732153386.594376
2014-06-09,38608228402.85304
2014-06-10,70600799529.49673
2014-06-11,60654414289.328705
2014-06-12,312567740503.37994
2014-06-13,38596006290.62386
2014-06-14,30664948852.30487
2014-06-15,20197709653.66832
2014-06-16,37297348613.04561
2014-06-17,32555049174.867283
2014-06-18,34257716138.47099
2014-06-19,32158796815.027115
2014-06-20,28021087052.408367
2014-06-21,21152338024.427284
2014-06-22,21397414662.669666
2014-06-23,55890849675.41446
2014-06-24,67670003336.12145
2014-06-25,35845442668.11173
2014-06-26,37351770458.56187
2014-06-27,32077924923.840702
2014-06-28,21872830030.01962
2014-06-29,21839487347.885956
2014-06-30,40353364087.83727
2014-07-01,67543178701.78743
2014-07-02,47387646072.38788
2014-07-03,44526247121.582306
2014-07-04,29328384906.054928
2014-07-05,20464682311.95173
2014-07-06,17843378127.11588
2014-07-07,38802067714.789604
2014-07-08,29110179535.18133
2014-07-09,37355119340.523865
2014-07-10,38422643147.00371
2014-07-11,27954988454.7014
2014-07-12,23748963066.7005
2014-07-13,29155071178.187958
2014-07-14,28311474486.694298
2014-07-15,31347554477.591938
2014-07-16,43326530116.07906
2014-07-17,30721426264.464382
2014-07-18,35863800461.30974
2014-07-19,36090601067.27295
2014-07-20,17319233973.174915
2014-07-21,50679515921.37538
2014-07-22,34425452537.03898
2014-07-23,30565407518.32334
2014-07-24,44978639117.56698
2014-07-25,27782296923.11359
2014-07-26,19476664884.028755
2014-07-27,21522715493.278652
2014-07-28,32870545503.793816
2014-07-29,28077084328.0582
2014-07-30,34436686204.756905
2014-07-31,30856077065.352757
2014-08-01,65200061775.94078
2014-08-02,26568004740.918327
2014-08-03,19312946565.04705
2014-08-04,40971384243.29681
2014-08-05,57572265705.03233
2014-08-06,39953281876.055305
2014-08-07,33468928668.255623
2014-08-08,28709703901.997204
2014-08-09,35249649689.34048
2014-08-10,23951097988.82496
2014-08-11,33030343214.775898
2014-08-12,39462869698.19917
2014-08-13,42788118228.37903
2014-08-14,44336069917.43628
2014-08-15,37873408148.00644
2014-08-16,25157268523.266216
2014-08-17,27389683186.152527
2014-08-18,46486814657.69862
2014-08-19,28801586256.70682
2014-08-20,29224528735.08142
2014-08-21,43717961242.53557
2014-08-22,28370689188.25427
2014-08-23,23349832769.259556
2014-08-24,14769629670.333555
2014-08-25,43820249781.462234
2014-08-26,26175523634.09611
2014-08-27,34634620610.27019
2014-08-28,38615410106.260994
2014-08-29,71996336307.03703
2014-08-30,16078208333.151236
2014-08-31,18021133986.74677
2014-09-01,24232336963.102455
2014-09-02,30687817169.33007
2014-09-03,25490139172.64049
2014-09-04,25341705373.680344
2014-09-05,25766907063.242043
2014-09-06,22371988980.456676
2014-09-07,19360124810.53112
2014-09-08,25708446086.565113
2014-09-09,33899980835.67356
2014-09-10,28437061373.75685
2014-09-11,26754095033.170162
2014-09-12,26440499172.011703
2014-09-13,16377209286.21878
2014-09-14,19508802901.814285
2014-09-15,26011325234.292454
2014-09-16,23903674668.216415
2014-09-17,26107626261.951942
2014-09-18,33750653098.61709
2014-09-19,36931862771.982155
2014-09-20,28528850267.01256
2014-09-21,19540991621.51313
2014-09-22,17100162199.872034
2014-09-23,27452941435.59002
2014-09-24,23006829245.785038
2014-09-25,22905318808.134624
2014-09-26,19871908564.211487
2014-09-27,14595248099.68252
2014-09-28,16167657486.12309
2014-09-29,25207369153.867584
2014-09-30,23602312569.11538
2014-10-01,21065283790.477062
2014-10-02,18284171252.464733
2014-10-03,24034290871.02587
2014-10-04,21881120857.71461
2014-10-05,29639890098.394505
2014-10-06,26732485981.881203
2014-10-07,16015430677.645601
2014-10-08,24354888134.808586
2014-10-09,31389213028.18836
2014-10-10,30870012191.553066
2014-10-11,20837358672.95231
2014-10-12,16362117803.948204
2014-10-13,30949602518.993515
2014-10-14,36406835429.473
2014-10-15,25836540051.169533
2014-10-16,21256977735.962093
2014-10-17,21982478932.514965
2014-10-18,16457035201.723879
2014-10-19,13990723849.08074
2014-10-20,20222974187.746548
2014-10-21,17670071121.337868
2014-10-22,31457489761.43365
2014-10-23,21656140478.0969
2014-10-24,22167547772.25841
2014-10-25,14223108394.519953
2014-10-26,12109006858.903032
2014-10-27,16625044913.81456
2014-10-28,17005065333.61809
2014-10-29,19701083775.868748
2014-10-30,18145620745.613884
2014-10-31,15759627542.748138
2014-11-01,12513554364.511456
2014-11-02,10081561823.250612
2014-11-03,15370313943.689554
2014-11-04,24974858289.284958
2014-11-05,21693678790.950035
2014-11-06,21290303540.096886
2014-11-07,22998982373.354748
2014-11-08,11516416108.65603
2014-11-09,14438615626.078436
2014-11-10,27846873872.52868
2014-11-11,21376406199.877766
2014-11-12,42175324752.77685
2014-11-13,69232147948.75594
2014-11-14,36430424911.20021
2014-11-15,28966551153.04783
2014-11-16,26820065117.696476
2014-11-17,28896871830.315945
2014-11-18,29951540203.595173
2014-11-19,21509226618.329773
2014-11-20,27426935065.565903
2014-11-21,19006696872.344147
2014-11-22,15404496467.431824
2014-11-23,13589670122.302795
2014-11-24,23853349365.78138
2014-11-25,30095563729.470074
2014-11-26,23630504505.24281
2014-11-27,17546668165.266926
2014-11-28,67070876388.87662
2014-11-29,22930130605.357307
2014-11-30,14537601862.440702
2014-12-01,26211404588.342888
2014-12-02,62099438471.362526
2014-12-03,28604161669.581352
2014-12-04,47871828368.16255
2014-12-05,32285773340.76594
2014-12-06,25739209401.48146
2014-12-07,18905028188.80826
2014-12-08,48467659425.1396
2014-12-09,34183542221.30113
2014-12-10,21430434697.21755
2014-12-11,24481130140.24258
2014-12-12,20814574305.85041
2014-12-13,18878316894.84585
2014-12-14,13131369085.16484
2014-12-15,24250863594.61828
2014-12-16,25536179330.762108
2014-12-17,28526885298.32798
2014-12-18,28516392071.563606
2014-12-19,19964177769.58771
2014-12-20,17886823353.151417
2014-12-21,12904906116.41503
2014-12-22,25083686251.960842
2014-12-23,24410383623.08785
2014-12-24,21496064872.04285
2014-12-25,11905670759.78951
2014-12-26,12575333524.320717
2014-12-27,14614801388.216158
2014-12-28,10485489092.201065
2014-12-29,18901542803.626747
2014-12-30,18690717118.252556
2014-12-31,17834052841.522705
2015-01-01,8143635552.78132
2015-01-02,13002994227.638966
2015-01-03,25397462991.22697
2015-01-04,21822485103.80071
2015-01-05,18780321017.52423
2015-01-06,23116854939.402596
2015-01-07,19280228128.2
2015-01-08,28062648597.58986
2015-01-09,19954709683.48254
2015-01-10,17076339726.17225
2015-01-11,12067411537.800873
2015-01-12,15194030718.000454
2015-01-13,25421015478.305004
2015-01-14,21322990825.428448
2015-01-15,12184653395.99965
2015-01-16,13402573648.441444
2015-01-17,7441032465.007385
2015-01-18,7645665719.565788
2015-01-19,8173452011.488494
2015-01-20,9703595502.359346
2015-01-21,22903010238.427406
2015-01-22,13311845675.097271
2015-01-23,12309176483.265657
2015-01-24,11066393004.458433
2015-01-25,10384583493.240183
2015-01-26,31675790709.835846
2015-01-27,21611294299.60982
2015-01-28,12531649250.420599
2015-01-29,15197950743.417692
2015-01-30,13049446894.582094
2015-01-31,10810794076.018974
2015-02-01,7507636113.7207985
2015-02-02,9969196729.642002
2015-02-03,13225433622.68248
2015-02-04,11346821629.499634
2015-02-05,12205332147.368862
2015-02-06,10384878972.034672
2015-02-07,8390701022.709386
2015-02-08,8097103960.631652
2015-02-09,11833889614.562479
2015-02-10,10109296862.933344
2015-02-11,9980716300.560677
2015-02-12,7545777864.048759
2015-02-13,13151268902.634499
2015-02-14,11769464474.777742
2015-02-15,11795328255.172102
2015-02-16,9828770765.324001
2015-02-17,10755950274.39832
2015-02-18,12428127113.44342
2015-02-19,10417639363.56105
2015-02-20,10633933326.466824
2015-02-21,7899185891.734911
2015-02-22,6622576942.840447
2015-02-23,10341292564.602118
2015-02-24,7940338245.227302
2015-02-25,12832598450.832695
2015-02-26,9024582376.781185
2015-02-27,15381541725.963572
2015-02-28,9207287347.095644
2015-03-01,9419156942.171038
2015-03-02,17023911953.690144
2015-03-03,24430546132.606693
2015-03-04,19129848326.81925
2015-03-05,20503763733.901463
2015-03-06,15359862273.212914
2015-03-07,19040947231.71259
2015-03-08,32310680442.15804
2015-03-09,23898580343.210556
2015-03-10,25622231299.445766
2015-03-11,19864510391.67921
2015-03-12,18998639437.417965
2015-03-13,17063754120.003853
2015-03-14,10996362181.454893
2015-03-15,8504329328.091061
2015-03-16,13383338331.686258
2015-03-17,13887608801.211447
2015-03-18,21029737300.429115
2015-03-19,16398287824.082012
2015-03-20,11535354809.02171
2015-03-21,9997005797.916847
2015-03-22,7412626674.525778
2015-03-23,16991061610.196548
2015-03-24,14219716011.407692
2015-03-25,14090109278.987707
2015-03-26,13561694821.87596
2015-03-27,13979584766.587568
2015-03-28,7869683766.601734
2015-03-29,8139706994.738572
2015-03-30,12269059121.341303
2015-03-31,12358759335.741753
2015-04-01,13491803738.141714
2015-04-02,13005563241.534225
2015-04-03,11015579044.498308
2015-04-04,6891559212.167904
2015-04-05,6424324597.924867
2015-04-06,10198614145.425928
2015-04-07,15111072056.399836
2015-04-08,15989125239.838493
2015-04-09,12709476589.035978
2015-04-10,13911147945.22591
2015-04-11,7824683991.30347
2015-04-12,6092521849.630108
2015-04-13,13294796854.157167
2015-04-14,11996449298.579704
2015-04-15,10784867649.461327
2015-04-16,8684411153.504255
2015-04-17,10854778184.911657
2015-04-18,7920818005.144877
2015-04-19,7351119662.123515
2015-04-20,11471941565.55649
2015-04-21,11607490932.792896
2015-04-22,11066854006.892366
2015-04-23,9956540743.58006
2015-04-24,10861146274.699528
2015-04-25,7851445882.112764
2015-04-26,8637534707.019531
2015-04-27,14025344247.313488
2015-04-28,12118453677.192678
2015-04-29,9878019458.582888
2015-04-30,12456150632.699333
2015-05-01,11070260870.30407
2015-05-02,6575866925.396455
2015-05-03,9745615117.886261
2015-05-04,12132386204.700079
2015-05-05,9923881472.246742
2015-05-06,12007428968.729082
2015-05-07,10810367089.262651
2015-05-08,12736696202.0795
2015-05-09,9184413868.946974
2015-05-10,7593576330.821975
2015-05-11,13137021377.216118
2015-05-12,12510105133.109669
2015-05-13,12726752727.27012
2015-05-14,11750303462.151888
2015-05-15,10806286707.358974
2015-05-16,6979076026.452718
2015-05-17,6024729166.366364
2015-05-18,10698860835.491966
2015-05-19,12180578174.923203
2015-05-20,11386060063.798738
2015-05-21,9904644190.477486
2015-05-22,15565606392.016825
2015-05-23,9696716354.150703
2015-05-24,6886039576.372602
2015-05-25,9670886656.279697
2015-05-26,11964311585.587791
2015-05-27,12146828729.629253
2015-05-28,10855587719.10746
2015-05-29,14210770177.102823
2015-05-30,10477267122.725775
2015-05-31,9161405152.50791
2015-06-01,14924381843.194302
2015-06-02,12931943263.843136
2015-06-03,12756525097.210262
2015-06-04,12074069074.265263
2015-06-05,12034898846.449017
2015-06-06,8290684700.32629
2015-06-07,7851499957.683762
2015-06-08,13532735952.205341
2015-06-09,12291068306.488161
2015-06-10,13422405290.397703
2015-06-11,13249679422.203741
2015-06-12,12708956486.74807
2015-06-13,10698725356.313288
2015-06-14,10886276276.379734
2015-06-15,14849243643.47513
2015-06-16,21393651872.342857
2015-06-17,25641540367.388237
2015-06-18,19076434694.899918
2015-06-19,29273219662.243717
2015-06-20,11036897348.397217
2015-06-21,9042152528.18071
2015-06-22,13895670622.850267
2015-06-23,13571520834.155567
2015-06-24,13977662121.041925
2015-06-25,12948207111.786087
2015-06-26,15220257975.239931
2015-06-27,10672481426.096033
2015-06-28,10063131831.642103
2015-06-29,18098187426.084248
2015-06-30,21399440494.05923
2015-07-01,17042288663.861155
2015-07-02,18906091771.429768
2015-07-03,16330368190.352488
2015-07-04,10732483725.509926
2015-07-05,22913012294.492382
2015-07-06,26103624929.76432
2015-07-07,25286006647.594807
2015-07-08,19818246972.04038
2015-07-09,18486869967.83051
2015-07-10,34746300636.312904
2015-07-11,19611255648.465378
2015-07-12,25345507132.954594
2015-07-13,23448795907.377968
2015-07-14,20036118029.43276
2015-07-15,17021478484.95991
2015-07-16,20929125247.966827
2015-07-17,19108276542.89748
2015-07-18,12920048842.388643
2015-07-19,10129678822.461788
2015-07-20,15792455154.92424
2015-07-21,17795774483.064606
2015-07-22,16752024542.11469
2015-07-23,15831696265.575453
2015-07-24,22520360681.04416
2015-07-25,17154758125.945341
2015-07-26,12045285422.780708
2015-07-27,20765190523.940643
2015-07-28,25165062555.516537
2015-07-29,20878334099.813805
2015-07-30,15931361141.939644
2015-07-31,19455094043.960243
2015-08-01,15170707298.259714
2015-08-02,15474803227.775076
2015-08-03,17376891945.01582
2015-08-04,19611389980.649372
2015-08-05,20114101195.81549
2015-08-06,17045727529.70379
2015-08-07,16881453783.105614
2015-08-08,18528457467.307312
2015-08-09,31381771898.342915
2015-08-10,19172666631.20599
2015-08-11,21510435731.218197
2015-08-12,19847835254.072952
2015-08-13,21641513915.006443
2015-08-14,20856344045.441666
2015-08-15,15412710152.728218
2015-08-16,16584976643.347977
2015-08-17,24462593415.511677
2015-08-18,23700706740.031315
2015-08-19,20707176425.996365
2015-08-20,20243582201.527245
2015-08-21,18460958936.750366
2015-08-22,14522003528.065758
2015-08-23,10391024824.553656
2015-08-24,24291690996.8706
2015-08-25,21945535335.296707
2015-08-26,18669833245.36793
2015-08-27,12816231269.496508
2015-08-28,18888591650.01723
2015-08-29,10904143510.674929
2015-08-30,10051706507.236383
2015-08-31,17564297692.018566
2015-09-01,17388786998.469822
2015-09-02,14120514140.980381
2015-09-03,14284019027.636036
2015-09-04,13752644381.89096
2015-09-05,10147416958.26622
2015-09-06,15829689072.878048
2015-09-07,14429191959.60064
2015-09-08,18306795566.61183
2015-09-09,19079585374.551838
2015-09-10,17574027256.46138
2015-09-11,15122775467.040363
2015-09-12,8260656840.595369
2015-09-13,10891291537.262197
2015-09-14,14579211863.199102
2015-09-15,14410795371.70889
2015-09-16,13626185819.409472
2015-09-17,15872338854.704756
2015-09-18,17951215252.25403
2015-09-19,12674441942.156065
2015-09-20,13293334770.151064
2015-09-21,19357148359.414104
2015-09-22,18333540453.93725
2015-09-23,15499671959.46143
2015-09-24,15699723870.356756
2015-09-25,16765922007.507921
2015-09-26,10707388045.618103
2015-09-27,9100761627.015759
2015-09-28,19370509442.567486
2015-09-29,20492273146.817905
2015-09-30,19063858377.28881
2015-10-01,20700913357.592358
2015-10-02,18933608518.403545
2015-10-03,10434903727.925335
2015-10-04,8241273559.976748
2015-10-05,17802649974.40863
2015-10-06,19586794730.781334
2015-10-07,21848753397.612495
2015-10-08,28214634025.583176
2015-10-09,17315841465.947933
2015-10-10,13700949062.51186
2015-10-11,10659526673.864504
2015-10-12,17360153837.644573
2015-10-13,21270017477.173115
2015-10-14,23814731543.381344
2015-10-15,23330460639.744244
2015-10-16,24230957036.99257
2015-10-17,23917758541.06345
2015-10-18,15343493634.17954
2015-10-19,26759218474.85273
2015-10-20,24181899975.034756
2015-10-21,24759788311.339954
2015-10-22,28733570370.455177
2015-10-23,24678582954.86395
2015-10-24,22151031301.112263
2015-10-25,33580636242.982975
2015-10-26,26581314756.58625
2015-10-27,36455828780.32698
2015-10-28,40378297042.39915
2015-10-29,48155671450.34902
2015-10-30,60836282517.71233
2015-10-31,40901823378.464745
2015-11-01,41981508205.37472
2015-11-02,70236376561.1253
2015-11-03,123988964232.44644
2015-11-04,171221504262.90744
2015-11-05,118621402758.81956
2015-11-06,77599278246.88037
2015-11-07,59128606794.68944
2015-11-08,44341626705.90297
2015-11-09,86652031315.04007
2015-11-10,68349724891.18635
2015-11-11,62608702926.59544
2015-11-12,60495962184.925156
2015-11-13,50032353372.02953
2015-11-14,55464522746.97721
2015-11-15,42135492979.12911
2015-11-16,52205767731.946075
2015-11-17,53931419231.32502
2015-11-18,47245665688.58978
2015-11-19,44094057089.542854
2015-11-20,42381047178.14197
2015-11-21,32003072073.414597
2015-11-22,26260617380.94888
2015-11-23,31933768266.72325
2015-11-24,32103961677.939636
2015-11-25,35264823763.073166
2015-11-26,57523840947.76583
2015-11-27,57141182410.18781
2015-11-28,41692894499.97307
2015-11-29,33863234891.803112
2015-11-30,68661924681.92381
2015-12-01,63913397592.18222
2015-12-02,67889706886.29537
2015-12-03,55679195904.79891
2015-12-04,46496538867.39744
2015-12-05,90010834899.55713
2015-12-06,83327084457.36687
2015-12-07,73305828529.06384
2015-12-08,84311723269.81195
2015-12-09,103165633900.9772
2015-12-10,73027651207.48001
2015-12-11,97325960005.98367
2015-12-12,80126400033.68794
2015-12-13,85545196683.73924
2015-12-14,95669403445.94463
2015-12-15,114035209658.59325
2015-12-16,102836701517.68152
2015-12-17,89607818956.9584
2015-12-18,89722965706.52542
2015-12-19,94276456583.95183
2015-12-20,73293620684.64732
2015-12-21,100188779319.29918
2015-12-22,101306693069.92683
2015-12-23,87419582203.60318
2015-12-24,95872661298.72403
2015-12-25,70577851651.55836
2015-12-26,74002090956.00197
2015-12-27,36696452129.807755
2015-12-28,63481436250.33073
2015-12-29,50168850828.20752
2015-12-30,44093451769.04585
2015-12-31,36551139509.660385
2016-01-01,25341767381.101643
2016-01-02,22032669547.18915
2016-01-03,29088922498.8183
2016-01-04,41696516389.80917
2016-01-05,44559225227.471634
2016-01-06,43210915861.28889
2016-01-07,74298877237.6314
2016-01-08,62246557928.054855
2016-01-09,29696813544.431282
2016-01-10,42143987626.70489
2016-01-11,56772851585.872154
2016-01-12,46177734628.526855
2016-01-13,58940035233.73187
2016-01-14,43451349791.29873
2016-01-15,55442475187.16982
2016-01-16,42400820414.09295
2016-01-17,29058946134.60837
2016-01-18,35265140017.70089
2016-01-19,36442003576.04725
2016-01-20,62323747722.15823
2016-01-21,58514448516.878296
2016-01-22,51438386861.81191
2016-01-23,36779043433.113
2016-01-24,47174250954.240456
2016-01-25,74939401148.44429
2016-01-26,55548944899.659935
2016-01-27,69713988276.00728
2016-01-28,54180166069.36467
2016-01-29,73999856236.11548
2016-01-30,48876042828.074425
2016-01-31,38228574978.50554
2016-02-01,69701167937.06032
2016-02-02,62959484630.71317
2016-02-03,42826783276.02956
2016-02-04,56822600068.80585
2016-02-05,66356521161.02106
2016-02-06,44032205024.17905
2016-02-07,39427818392.10547
2016-02-08,39835982315.36894
2016-02-09,46934752998.26805
2016-02-10,54103773973.401726
2016-02-11,51652940192.60144
2016-02-12,47879665746.99681
2016-02-13,45023424754.93961
2016-02-14,50986579398.38814
2016-02-15,70750493980.43565
2016-02-16,70383532019.0154
2016-02-17,74757906328.965
2016-02-18,69057676746.92665
2016-02-19,69083145143.2542
2016-02-20,72057351356.00546
2016-02-21,68070799793.17468
2016-02-22,76966915309.28735
2016-02-23,80043303267.03014
2016-02-24,70737936373.31444
2016-02-25,67418759789.981285
2016-02-26,69817029250.71964
2016-02-27,69080263368.1775
2016-02-28,84250110628.9298
2016-02-29,109927201765.2574
2016-03-01,122176747507.45575
2016-03-02,109355072212.69151
2016-03-03,95767480808.02742
2016-03-04,72990253099.81934
2016-03-05,90515422745.62135
2016-03-06,48603902489.52821
2016-03-07,60193548354.589645
2016-03-08,53086597428.65478
2016-03-09,54677163486.57827
2016-03-10,58113266741.22699
2016-03-11,60164900666.27712
2016-03-12,43257358293.65622
2016-03-13,36591420562.72987
2016-03-14,53376437185.614624
2016-03-15,54758691282.56817
2016-03-16,51662773637.2921
2016-03-17,53695572904.03828
2016-03-18,57341618516.872246
2016-03-19,35623367439.81523
2016-03-20,35883530563.73425
2016-03-21,48398332175.39954
2016-03-22,55435265400.72567
2016-03-23,52933158795.27714
2016-03-24,67317218983.04846
2016-03-25,56182302790.62238
2016-03-26,45134769933.909874
2016-03-27,53732135189.26553
2016-03-28,59499535457.74458
2016-03-29,66959562886.71148
2016-03-30,54593250418.8577
2016-03-31,58716335003.73016
2016-04-01,56231292627.67186
2016-04-02,44436319525.68985
2016-04-03,37222945904.302155
2016-04-04,57249079139.54069
2016-04-05,65510217134.61808
2016-04-06,67612957603.527794
2016-04-07,80114326217.27829
2016-04-08,58354650532.804955
2016-04-09,43837056101.00675
2016-04-10,43631349273.12231
2016-04-11,55732700959.46149
2016-04-12,66695515019.30581
2016-04-13,56779184282.40138
2016-04-14,50236525398.17636
2016-04-15,58509165663.28241
2016-04-16,37341002053.22972
2016-04-17,38436883888.3583
2016-04-18,50142623179.85985
2016-04-19,60166413877.44828
2016-04-20,60623572859.3538
2016-04-21,69380704010.50343
2016-04-22,67676861656.58798
2016-04-23,45015620172.28192
2016-04-24,47483521983.27704
2016-04-25,78458978667.38747
2016-04-26,81589468729.60944
2016-04-27,75122904509.644
2016-04-28,73658964538.32982
2016-04-29,61050652532.96021
2016-04-30,41505165092.17776
2016-05-01,39825100352.81475
2016-05-02,58522788920.12889
2016-05-03,57680441633.05918
2016-05-04,101709088649.30833
2016-05-05,57729927074.7293
2016-05-06,68956891048.74736
2016-05-07,46630630909.8962
2016-05-08,34966426187.270325
2016-05-09,63912285802.35209
2016-05-10,65671805082.01589
2016-05-11,62862375865.29632
2016-05-12,68148805660.54627
2016-05-13,64668505628.48856
2016-05-14,47603879933.47852
2016-05-15,45347168443.811905
2016-05-16,63126257201.52588
2016-05-17,65539154824.92079
2016-05-18,72454348605.82092
2016-05-19,72815561120.79504
2016-05-20,68491241980.968155
2016-05-21,46553922564.68208
2016-05-22,37638270239.34259
2016-05-23,56576606745.89606
2016-05-24,65913448783.90513
2016-05-25,78591403939.8889
2016-05-26,74756233021.60916
2016-05-27,142224942933.1336
2016-05-28,132901474774.22495
2016-05-29,114902776810.15453
2016-05-30,128725186461.0998
2016-05-31,120679115092.83685
2016-06-01,106572174063.34578
2016-06-02,104427108291.96593
2016-06-03,91413126121.26248
2016-06-04,77524958076.3935
2016-06-05,81528151650.69235
2016-06-06,102939180758.59155
2016-06-07,112626994490.96825
2016-06-08,105170101822.19577
2016-06-09,114482826414.81859
2016-06-10,135999451706.68065
2016-06-11,98438320771.6522
2016-06-12,185120167056.4399
2016-06-13,225964056295.00717
2016-06-14,175585747275.24316
2016-06-15,154446060484.1471
2016-06-16,344874147152.42377
2016-06-17,234532734026.1334
2016-06-18,155892313347.82538
2016-06-19,118010989683.74489
2016-06-20,174875011916.29718
2016-06-21,237440975052.58163
2016-06-22,191577650486.32846
2016-06-23,177595194682.33017
2016-06-24,145352612023.9209
2016-06-25,99609381453.42476
2016-06-26,94902912603.17612
2016-06-27,130436014829.30606
2016-06-28,132538930390.79301
2016-06-29,132383053188.2883
2016-06-30,156206953879.8441
2016-07-01,131702636993.60674
2016-07-02,119579855866.52402
2016-07-03,104929615140.15256
2016-07-04,113188546664.24007
2016-07-05,138066304457.98795
2016-07-06,124024428151.30655
2016-07-07,138051011514.89716
2016-07-08,126687807050.29465
2016-07-09,92968866075.26013
2016-07-10,66658559878.41842
2016-07-11,109378594655.05486
2016-07-12,124770841490.36092
2016-07-13,123235097362.97795
2016-07-14,106800777354.03596
2016-07-15,123788824781.99556
2016-07-16,86202682543.57797
2016-07-17,109070215798.41405
2016-07-18,133185280845.70296
2016-07-19,105262532559.46416
2016-07-20,113313513957.03783
2016-07-21,92915773159.7153
2016-07-22,107607583529.01384
2016-07-23,75427915752.70502
2016-07-24,85259691447.37355
2016-07-25,89632081711.11548
2016-07-26,115247669559.12251
2016-07-27,114843106424.20238
2016-07-28,110266636758.86209
2016-07-29,101979805067.2954
2016-07-30,68131612412.55187
2016-07-31,92854628408.9091
2016-08-01,108891194556.76358
2016-08-02,169847882544.36884
2016-08-03,111300697581.45413
2016-08-04,119183720664.1011
2016-08-05,89353641311.10101
2016-08-06,66624999993.94819
2016-08-07,90900831288.54434
2016-08-08,81028966088.48755
2016-08-09,86688243716.2339
2016-08-10,103474984842.00722
2016-08-11,110586079381.83969
2016-08-12,89102989381.31972
2016-08-13,63162587452.82475
2016-08-14,67157861288.98551
2016-08-15,68721903062.7475
2016-08-16,104460571926.20024
2016-08-17,94216563900.00339
2016-08-18,82947165285.40112
2016-08-19,94320586917.0918
2016-08-20,65156718383.517
2016-08-21,46225455309.237724
2016-08-22,84670282226.30602
2016-08-23,105165227939.96838
2016-08-24,91684527668.0395
2016-08-25,82839659825.30849
2016-08-26,73354088600.56552
2016-08-27,55802869601.871216
2016-08-28,46875468266.74198
2016-08-29,83989025268.47392
2016-08-30,88745680017.1089
2016-08-31,90428529803.28116
2016-09-01,90521805721.01277
2016-09-02,76778204884.08702
2016-09-03,61371906436.81838
2016-09-04,68047413899.30802
2016-09-05,81298306677.19397
2016-09-06,83372605247.86154
2016-09-07,87173695762.07578
2016-09-08,95558076256.59848
2016-09-09,91725506639.15395
2016-09-10,62381306209.20988
2016-09-11,63752186742.91256
2016-09-12,81290889563.09
2016-09-13,87172609255.99495
2016-09-14,81144873762.899
2016-09-15,74611961992.05577
2016-09-16,70676995516.7348
2016-09-17,55866970939.0226
2016-09-18,61267056200.80443
2016-09-19,81854109553.7099
2016-09-20,88839122891.023
2016-09-21,78827360250.40689
2016-09-22,71822959470.80096
2016-09-23,88103100694.83958
2016-09-24,61635187534.41699
2016-09-25,91848710082.70477
2016-09-26,93869679942.90369
2016-09-27,88464272663.93999
2016-09-28,91370051670.39554
2016-09-29,93044300275.78728
2016-09-30,92495561472.25337
2016-10-01,63847216264.10873
2016-10-02,61021164710.25602
2016-10-03,93500349284.55046
2016-10-04,102361282785.33238
2016-10-05,90832780916.8406
2016-10-06,92912838509.94357
2016-10-07,87384610075.5964
2016-10-08,81426846271.71376
2016-10-09,73731009260.94142
2016-10-10,90034079518.65298
2016-10-11,122787773287.23105
2016-10-12,126693759378.85744
2016-10-13,110522062360.18391
2016-10-14,93425936977.70773
2016-10-15,82699510728.59892
2016-10-16,76324104164.99628
2016-10-17,103608637273.39607
2016-10-18,137604382824.973
2016-10-19,96852618495.87988
2016-10-20,114914216829.61632
2016-10-21,99145084436.75403
2016-10-22,80855327430.89992
2016-10-23,67753955223.890495
2016-10-24,105708858719.09251
2016-10-25,116637668379.0836
2016-10-26,117568608814.46391
2016-10-27,177960214675.82443
2016-10-28,120637020047.47733
2016-10-29,118868540618.04208
2016-10-30,92366880950.6411
2016-10-31,147559405352.16397
2016-11-01,152279005364.6226
2016-11-02,121759807404.40253
2016-11-03,147118083716.73648
2016-11-04,137380854748.69199
2016-11-05,84613073004.51819
2016-11-06,81642102363.08665
2016-11-07,123703399623.30975
2016-11-08,147431441146.8001
2016-11-09,181239426526.3906
2016-11-10,134396191782.85866
2016-11-11,112044257337.77315
2016-11-12,85530201096.59827
2016-11-13,86962088691.3571
2016-11-14,118028613205.80844
2016-11-15,135555428584.1541
2016-11-16,198263183932.2366
2016-11-17,188323169451.72684
2016-11-18,147084292306.66757
2016-11-19,113504715057.91554
2016-11-20,94267373479.81076
2016-11-21,144211930274.8413
2016-11-22,166229492896.6914
2016-11-23,153748777442.42178
2016-11-24,188090182115.40836
2016-11-25,143791364059.2451
2016-11-26,134121094149.0888
2016-11-27,95992091295.53706
2016-11-28,147607504318.16812
2016-11-29,163736316355.09
2016-11-30,153953262460.91977
2016-12-01,148539508098.69324
2016-12-02,177480974981.86832
2016-12-03,120029281795.06508
2016-12-04,77682244507.64035
2016-12-05,150756465955.67932
2016-12-06,162233864752.9506
2016-12-07,172862335391.74844
2016-12-08,180280536989.48416
2016-12-09,158752397677.9763
2016-12-10,115756248183.23932
2016-12-11,96262326522.78792
2016-12-12,166056036561.89713
2016-12-13,158161480838.1676
2016-12-14,161296700432.5751
2016-12-15,172687610931.19577
2016-12-16,187866613218.4066
2016-12-17,145052805633.05276
2016-12-18,125216476984.06264
2016-12-19,178311183682.59686
2016-12-20,195374880074.66913
2016-12-21,271769548054.38718
2016-12-22,292973646680.4474
2016-12-23,357772060293.5638
2016-12-24,182184599634.22794
2016-12-25,187270883712.28433
2016-12-26,221407600255.2492
2016-12-27,321733470641.54846
2016-12-28,321623899013.0224
2016-12-29,307145426417.75116
2016-12-30,305497309012.28925
2016-12-31,200403311021.29898
2017-01-01,166509624908.81476
2017-01-02,286070727774.6457
2017-01-03,356736781108.60944
2017-01-04,500781088850.7419
2017-01-05,573350115459.6819
2017-01-06,407491370064.1168
2017-01-07,268566813484.5378
2017-01-08,192197378106.34906
2017-01-09,246028803703.2478
2017-01-10,261065318405.26938
2017-01-11,321917757305.6468
2017-01-12,244665134441.58035
2017-01-13,203433557389.29398
2017-01-14,130948916702.07112
2017-01-15,129092356199.3194
2017-01-16,173175406391.418
2017-01-17,264921219376.94418
2017-01-18,229229910574.51105
2017-01-19,208978794219.1506
2017-01-20,206614394255.4982
2017-01-21,193861164695.8695
2017-01-22,194471638991.87903
2017-01-23,181341128791.89258
2017-01-24,212315337705.59512
2017-01-25,240504878105.49237
2017-01-26,206041413164.08594
2017-01-27,158675227774.1276
2017-01-28,103349781878.3202
2017-01-29,122973913294.85762
2017-01-30,136416239788.53279
2017-01-31,216949360514.64337
2017-02-01,260484168131.82642
2017-02-02,214943862661.5802
2017-02-03,275580785370.7255
2017-02-04,224713654550.4381
2017-02-05,198982614000.71506
2017-02-06,227316578451.21463
2017-02-07,280701320175.2457
2017-02-08,286612043277.1607
2017-02-09,375679347607.2735
2017-02-10,285922278739.5644
2017-02-11,162586010389.09592
2017-02-12,116870665131.60788
2017-02-13,190409731338.32535
2017-02-14,235405903603.71735
2017-02-15,203943480288.65228
2017-02-16,218363454409.43195
2017-02-17,283978683683.64624
2017-02-18,189694435909.86606
2017-02-19,183632773139.74713
2017-02-20,207824305707.16995
2017-02-21,262380050034.25137
2017-02-22,246043974821.4157
2017-02-23,373438911902.4568
2017-02-24,433462539845.61194
2017-02-25,280063710706.7527
2017-02-26,232551969391.0344
2017-02-27,309214857670.3519
2017-02-28,301286772974.5552
2017-03-01,346135472026.58575
2017-03-02,540187869375.92834
2017-03-03,538351973909.4977
2017-03-04,328829657016.96655
2017-03-05,277069542654.5616
2017-03-06,372447115917.02216
2017-03-07,424755282290.8876
2017-03-08,362456657458.60913
2017-03-09,309288019337.09906
2017-03-10,367674958337.2705
2017-03-11,286582866041.64685
2017-03-12,255474423826.3692
2017-03-13,387568907964.4165
2017-03-14,430858713628.0376
2017-03-15,408557091422.2835
2017-03-16,625488788379.3984
2017-03-17,608071469750.7346
2017-03-18,383037302341.6447
2017-03-19,258026040527.6212
2017-03-20,317837840382.0346
2017-03-21,370594585433.0437
2017-03-22,407848184235.2066
2017-03-23,324837862759.3067
2017-03-24,389219419596.98724
2017-03-25,298922643075.03217
2017-03-26,227156357352.27405
2017-03-27,317978218297.03546
2017-03-28,446716665748.194
2017-03-29,281066996636.0712
2017-03-30,354841428133.1893
2017-03-31,496807313893.6136
2017-04-01,297928784238.7118
2017-04-02,306775043656.1435
2017-04-03,409166946506.9558
2017-04-04,394922585912.803
2017-04-05,423179162725.57324
2017-04-06,433869008961.8472
2017-04-07,484246483193.63416
2017-04-08,237309892288.07944
2017-04-09,259445711515.64166
2017-04-10,328806390247.91296
2017-04-11,425425491357.9695
2017-04-12,389190569331.4804
2017-04-13,346767992022.1547
2017-04-14,415302715705.28406
2017-04-15,322193771030.8259
2017-04-16,294425830113.194
2017-04-17,423887638026.99994
2017-04-18,420051703443.5927
2017-04-19,369476506016.226
2017-04-20,423072861069.2454
2017-04-21,397080944269.54016
2017-04-22,271876099197.95807
2017-04-23,255759509384.451
2017-04-24,340240453723.4052
2017-04-25,497499377670.74664
2017-04-26,478578916974.44385
2017-04-27,525720548073.19836
2017-04-28,557241368754.9806
2017-04-29,479858387627.261
2017-04-30,363326718374.6391
2017-05-01,635421345884.8666
2017-05-02,665518605454.4674
2017-05-03,697535246554.4917
2017-05-04,976942295501.6498
2017-05-05,918519548860.4916
2017-05-06,746402704347.5115
2017-05-07,706706149025.8798
2017-05-08,1271465912751.6191
2017-05-09,1333781533243.917
2017-05-10,1329199481530.806
2017-05-11,1235804679343.6624
2017-05-12,1058371441711.9182
2017-05-13,770609784831.6295
2017-05-14,820499208291.2312
2017-05-15,1224041280511.8652
2017-05-16,1030841528471.4988
2017-05-17,1737450020843.0308
2017-05-18,1244272715156.9385
2017-05-19,1679983515656.87
2017-05-20,1378555416989.4565
2017-05-21,1109305947959.026
2017-05-22,2000711165510.9133
2017-05-23,2371296370275.928
2017-05-24,2652427497050.9336
2017-05-25,3039022684792.239
2017-05-26,2283777109308.1157
2017-05-27,1386954493494.6067
2017-05-28,1140009118326.41
2017-05-29,1282457589637.2034
2017-05-30,2034253914293.1018
2017-05-31,1921996032229.3718
2017-06-01,2276071425607.201
2017-06-02,1797107823967.5894
2017-06-03,2084066322089.8276
2017-06-04,1593718879084.2014
2017-06-05,2074346665342.2852
2017-06-06,2544121810898.8486
2017-06-07,2560850808629.097
2017-06-08,2239635991672.8057
2017-06-09,1935652944309.1296
2017-06-10,2007922277195.968
2017-06-11,1920044638762.2373
2017-06-12,2370835464628.854
2017-06-13,2279364254567.408
2017-06-14,2061610630979.339
2017-06-15,1735507218812.275
2017-06-16,1548563706671.3955
2017-06-17,1406166130360.93
2017-06-18,1353590475723.4167
2017-06-19,1585724582881.9695
2017-06-20,1903355746123.3547
2017-06-21,2246654741163.297
2017-06-22,1871241720417.218
2017-06-23,1527398461202.794
2017-06-24,1129888705622.9395
2017-06-25,1341684679519.8782
2017-06-26,1740547056411.4475
2017-06-27,1755551794440.467
2017-06-28,1834779451090.1182
2017-06-29,1615363087307.045
2017-06-30,1912753630604.6108
2017-07-01,1250216658156.9338
2017-07-02,1156062997651.754
2017-07-03,1513255795288.745
2017-07-04,1477697849814.393
2017-07-05,1896173827669.7222
2017-07-06,1400609496211.9873
2017-07-07,1843584294951.3594
2017-07-08,1443365557494.7727
2017-07-09,1799509683064.8845
2017-07-10,1701914580954.7986
2017-07-11,1518212631037.6013
2017-07-12,1336525063461.1646
2017-07-13,1050748208851.1898
2017-07-14,1129910911880.2202
2017-07-15,918536304443.147
2017-07-16,890959854991.9408
2017-07-17,1199691726402.4473
2017-07-18,1419992882328.8962
2017-07-19,1358389485064.067
2017-07-20,1843352260271.8618
2017-07-21,1875919470331.657
2017-07-22,1406603592234.9812
2017-07-23,1172645253638.7605
2017-07-24,1566345027604.8572
2017-07-25,2064639537891.0127
2017-07-26,1709635452960.3364
2017-07-27,2268836007624.7114
2017-07-28,3684296707857.745
2017-07-29,2550577743122.0137
2017-07-30,3191154924145.2534
2017-07-31,4942700065501.308
2017-08-01,3753481515023.1587
2017-08-02,3861365240397.6943
2017-08-03,2689111955971.0176
2017-08-04,3407634015290.227
2017-08-05,3185100009879.183
2017-08-06,3332709680887.9893
2017-08-07,4636493460819.528
2017-08-08,4206613806137.5396
2017-08-09,2703189896886.3447
2017-08-10,3250344126977.255
2017-08-11,3598056618504.469
2017-08-12,3318154674779.0483
2017-08-13,3857033737399.264
2017-08-14,3748481577413.339
2017-08-15,5112979537477.609
2017-08-16,4213343479930.701
2017-08-17,5903402531939.262
2017-08-18,4830038799938.999
2017-08-19,5362274121647.211
2017-08-20,3102497380334.538
2017-08-21,3267839852710.654
2017-08-22,3483158714265.503
2017-08-23,4372646479778.4004
2017-08-24,3346464304099.6133
2017-08-25,3339818800326.5757
2017-08-26,2994167139823.4673
2017-08-27,3417787764068.4927
2017-08-28,3980587936331.893
2017-08-29,5098022369739.561
2017-08-30,4678210148781.698
2017-08-31,5518418429137.64
2017-09-01,5970586967268.346
2017-09-02,4328186845422.8306
2017-09-03,3595079229692.695
2017-09-04,6153192064848.514
2017-09-05,5967740753355.818
2017-09-06,6108786602327.814
2017-09-07,5752999303802.601
2017-09-08,4589879068602.063
2017-09-09,3348805384328.2236
2017-09-10,3503417088380.436
2017-09-11,3507780201138.5967
2017-09-12,3779232480783.9233
2017-09-13,3887797975692.702
2017-09-14,3180417960333.692
2017-09-15,4895413681180.891
2017-09-16,2738541499776.2485
2017-09-17,1994087374806.8877
2017-09-18,3292876425172.192
2017-09-19,3413022954072.259
2017-09-20,2852898133631.8345
2017-09-21,2590384524539.3877
2017-09-22,2614412177859.526
2017-09-23,1881975196103.481
2017-09-24,1319811453919.4243
2017-09-25,3897855823534.36
2017-09-26,3049179603862.24
2017-09-27,2918712236772.8096
2017-09-28,3533551440552.1353
2017-09-29,3006601387260.334
2017-09-30,2841498176123.0747
2017-10-01,2180524454847.5989
2017-10-02,3762607020181.6997
2017-10-03,3068332003682.7505
2017-10-04,2584920376322.655
2017-10-05,3562244766645.3164
2017-10-06,3195274444142.152
2017-10-07,2445843093408.8613
2017-10-08,3126560019690.699
2017-10-09,5322790782221.261
2017-10-10,5686331152415.303
2017-10-11,4106840203367.713
2017-10-12,5842997123691.617
2017-10-13,8342679454024.99
2017-10-14,5998077534879.013
2017-10-15,4965335528006.592
2017-10-16,6578668256932.948
2017-10-17,6350634711491.928
2017-10-18,7592185500570.793
2017-10-19,8196366655022.341
2017-10-20,6577059604003.335
2017-10-21,5834631225010.859
2017-10-22,5985068188657.114
2017-10-23,14207929036746.115
2017-10-24,12071315557180.367
2017-10-25,12036902732930.977
2017-10-26,12056948834940.072
2017-10-27,5569812307075.464
2017-10-28,3712799850870.2812
2017-10-29,7907105672755.85
2017-10-30,10362910936007.086
2017-10-31,10072701785461.596
2017-11-01,13004933655784.906
2017-11-02,16725262355188.236
2017-11-03,12150474964720.645
2017-11-04,10335093880334.742
2017-11-05,9973152631030.42
2017-11-06,11443874052118.107
2017-11-07,13051812392423.855
2017-11-08,14090162735473.385
2017-11-09,16907719957597.236
2017-11-10,13383824627331.79
2017-11-11,8912932954036.611
2017-11-12,11583493932254.465
2017-11-13,13583586318195.598
2017-11-14,12219375616957.834
2017-11-15,16639247506011.283
2017-11-16,17768408303104.52
2017-11-17,21956460479097.434
2017-11-18,15328924484052.945
2017-11-19,12741191320729.854
2017-11-20,19586111189065.184
2017-11-21,21250668796181.387
2017-11-22,16783952035052.217
2017-11-23,19949193685956.86
2017-11-24,22168807971700.234
2017-11-25,20242152922778.348
2017-11-26,21368815947824.64
2017-11-27,33210194792626.785
2017-11-28,32481525814797.17
2017-11-29,42539138265234.89
2017-11-30,35266558481693.305
2017-12-01,27473736688252.97
2017-12-02,21730700477873.4
2017-12-03,23382678304968.113
2017-12-04,30317854582279.062
2017-12-05,31669138751016.004
2017-12-06,48508959876771.81
2017-12-07,94365173261738.19
2017-12-08,79624078466950.97
2017-12-09,59854115410324.2
2017-12-10,56577440069244.01
2017-12-11,72358838711887.72
2017-12-12,99788336476645.78
2017-12-13,78024518910347.77
2017-12-14,59757587843361.26
2017-12-15,74710447601167.92
2017-12-16,67483845626309.17
2017-12-17,97585351331216.17
2017-12-18,93070922476060.94
2017-12-19,69451413455125.86
2017-12-20,90592775497248.3
2017-12-21,59513440672980.35
2017-12-22,57195481594065.81
2017-12-23,35000377578810.957
2017-12-24,35248576830474.43
2017-12-25,35402903619445.586
2017-12-26,49405740794501.0
2017-12-27,75674126138387.11
2017-12-28,52448511418007.58
2017-12-29,53861734782986.64
2017-12-30,50810767795954.69
2017-12-31,44342316421130.305
2018-01-01,34048360306000.098
2018-01-02,50028095379684.17
2018-01-03,43885857090837.875
2018-01-04,61772646509808.13
2018-01-05,82553518530232.11
2018-01-06,66404068030234.42
2018-01-07,80101024324816.75
2018-01-08,62134352385952.15
2018-01-09,57499005553414.69
2018-01-10,55121106161352.1
2018-01-11,50052344846474.17
2018-01-12,44757083364122.766
2018-01-13,36938212168340.56
2018-01-14,36471665642454.01
2018-01-15,38577876031628.664
2018-01-16,37689304034728.35
2018-01-17,32665529482767.25
2018-01-18,31805642693014.125
2018-01-19,29590875392471.66
2018-01-20,33433699788167.945
2018-01-21,21309078007822.855
2018-01-22,24437347416845.637
2018-01-23,20686996212126.26
2018-01-24,23212814854525.53
2018-01-25,24098039273079.754
2018-01-26,31601436025969.406
2018-01-27,15363565376478.113
2018-01-28,22940944711937.523
2018-01-29,20364242346767.617
2018-01-30,18658642268175.742
2018-01-31,16399236690911.244
2018-02-01,23974181849156.98
2018-02-02,24882227497075.223
2018-02-03,13481291979897.361
2018-02-04,13952177992519.975
2018-02-05,13568138749537.709
2018-02-06,14896938169680.254
2018-02-07,12589500343377.822
2018-02-08,14548374591848.355
2018-02-09,14219621244985.48
2018-02-10,8775351713457.949
2018-02-11,5901905289299.345
2018-02-12,14075992968099.52
2018-02-13,10886619461722.377
2018-02-14,12654505592748.348
2018-02-15,12945733213409.479
2018-02-16,10914815121405.277
2018-02-17,9583687941106.879
2018-02-18,9430109731678.334
2018-02-19,14035710552715.393
2018-02-20,17103723732377.86
2018-02-21,16912510934892.275
2018-02-22,25703377777396.77
2018-02-23,18053757336556.03
2018-02-24,16598074962450.07
2018-02-25,7107285916303.425
2018-02-26,11258054836404.986
2018-02-27,15783622702018.121
2018-02-28,22270991698533.426
2018-03-01,22088625404884.02
2018-03-02,14561733009107.738
2018-03-03,12001110841431.162
2018-03-04,11950539681296.646
2018-03-05,18205203469065.027
2018-03-06,14154399629990.273
2018-03-07,16266780177151.115
2018-03-08,13157226408425.902
2018-03-09,17236831108334.945
2018-03-10,8928623296370.402
2018-03-11,9484267483118.902
2018-03-12,10387807399533.582
2018-03-13,13142398880723.867
2018-03-14,10876384515703.107
2018-03-15,9942872440952.87
2018-03-16,7976339802554.571
2018-03-17,5617343445594.868
2018-03-18,6722469267399.992
2018-03-19,9687485123704.29
2018-03-20,8870369788347.719
2018-03-21,9334382184861.012
2018-03-22,8646859307578.955
2018-03-23,8366113217719.483
2018-03-24,5407315503271.861
2018-03-25,7655868307061.66
2018-03-26,8377831551231.712
2018-03-27,7423727644806.857
2018-03-28,6795037439997.267
2018-03-29,8031541545044.136
2018-03-30,8423138607549.169
2018-03-31,3898727202113.529
2018-04-01,3971905612825.5396
2018-04-02,5442721313767.104
2018-04-03,7303336150314.567
2018-04-04,5402242267663.982
2018-04-05,5158472734899.888
2018-04-06,4778273419069.935
2018-04-07,4516965722125.45
2018-04-08,3961034365749.634
2018-04-09,5331531714683.125
2018-04-10,5553234539535.596
2018-04-11,6582548855368.248
2018-04-12,10695717410708.764
2018-04-13,9115103116642.516
2018-04-14,4128341737961.3623
2018-04-15,4640120022756.892
2018-04-16,7048294230220.043
2018-04-17,7378989841587.799
2018-04-18,6747629768195.881
2018-04-19,11411090677872.688
2018-04-20,9780719184171.475
2018-04-21,8852606898252.59
2018-04-22,5935463564692.871
2018-04-23,10451214405497.668
2018-04-24,17013031099347.14
2018-04-25,14949790417923.244
2018-04-26,12591937539822.55
2018-04-27,11456722794310.383
2018-04-28,15551909360787.586
2018-04-29,9831943868120.871
2018-04-30,9603524856683.217
2018-05-01,7770704524040.068
2018-05-02,12524305596082.729
2018-05-03,12597305560704.42
2018-05-04,13815506246996.06
2018-05-05,10177792756156.45
2018-05-06,9563618071750.76
2018-05-07,12177373381876.955
2018-05-08,12056977058308.518
2018-05-09,11483922040935.22
2018-05-10,12366854551741.611
2018-05-11,11043859289216.883
2018-05-12,7778079904977.021
2018-05-13,5429127895158.405
2018-05-14,16365598287141.6
2018-05-15,9345359820741.709
2018-05-16,11331563737567.332
2018-05-17,16078324650021.852
2018-05-18,14476660184062.102
2018-05-19,4717699371858.833
2018-05-20,4302668457556.815
2018-05-21,6749102293523.188
2018-05-22,7259843366717.111
2018-05-23,8087861506053.666
2018-05-24,7570939780142.304
2018-05-25,5931461615433.964
2018-05-26,3187734954513.9497
2018-05-27,2969044396423.8677
2018-05-28,7351091641172.214
2018-05-29,6745141268984.082
2018-05-30,6755268681858.49
2018-05-31,6219953789992.036
2018-06-01,6490480704108.99
2018-06-02,3958114285569.237
2018-06-03,3775463370061.801
2018-06-04,6049871704663.74
2018-06-05,5751707737549.383
2018-06-06,5950458316290.34
2018-06-07,6164772132810.312
2018-06-08,6348921055965.854
2018-06-09,3862222124849.5625
2018-06-10,4631999712807.185
2018-06-11,6492735628718.565
2018-06-12,5647806346349.462
2018-06-13,6623692949641.339
2018-06-14,5543740320083.08
2018-06-15,5305199398366.002
2018-06-16,2576619206369.0244
2018-06-17,2812956772847.614
2018-06-18,4487330887730.432
2018-06-19,4855355119734.903
2018-06-20,4373802376265.13
2018-06-21,4845112375985.028
2018-06-22,5341397672094.072
2018-06-23,2726706911586.6865
2018-06-24,3570802170958.4497
2018-06-25,4268408148162.4746
2018-06-26,3693124387323.7275
2018-06-27,4858447258620.169
2018-06-28,4237544397141.4746
2018-06-29,4060729935816.5044
2018-06-30,3381019065978.4385
2018-07-01,6348420430699.016
2018-07-02,4835466319012.144
2018-07-03,5747936728010.296
2018-07-04,4372910154450.289
2018-07-05,4363726355976.3184
2018-07-06,5390686193224.436
2018-07-07,2538918721021.4653
2018-07-08,3850045798049.816
2018-07-09,4320590451012.5093
2018-07-10,5320951555082.329
2018-07-11,4508955434110.462
2018-07-12,4253219496636.1807
2018-07-13,4207866828817.262
2018-07-14,2134345632411.782
2018-07-15,2264145856657.7954
2018-07-16,5042063919391.507
2018-07-17,6127292433322.937
2018-07-18,7980170107672.8955
2018-07-19,7417997733223.437
2018-07-20,5982141104283.704
2018-07-21,3921647093079.298
2018-07-22,2937185712179.064
2018-07-23,7218027772181.876
2018-07-24,9723666321091.139
2018-07-25,8257903323333.539
2018-07-26,6630567091363.226
2018-07-27,7222004731390.521
2018-07-28,4231858415797.2485
2018-07-29,5970976774154.248
2018-07-30,7103457227384.584
2018-07-31,7128064536430.376
2018-08-01,5442707024605.103
2018-08-02,7844665851237.415
2018-08-03,6884994700073.82
2018-08-04,3366838962835.9385
2018-08-05,2639748131497.053
2018-08-06,5090138294075.809
2018-08-07,4484637165920.001
2018-08-08,4962573165213.765
2018-08-09,6172527550264.022
2018-08-10,4701976976096.345
2018-08-11,3180633077932.641
2018-08-12,2110070064570.0073
2018-08-13,5315142450968.329
2018-08-14,6563805985187.843
2018-08-15,5626322346382.887
2018-08-16,4351962478559.2793
2018-08-17,5152728035613.199
2018-08-18,2412870721860.8027
2018-08-19,1772953906660.3225
2018-08-20,4081840618730.9746
2018-08-21,5664671469182.497
2018-08-22,6523001457011.027
2018-08-23,5779757673070.942
2018-08-24,4438784539987.657
2018-08-25,3469558510866.469
2018-08-26,2588281531206.9043
2018-08-27,5426827020101.503
2018-08-28,6938964899018.377
2018-08-29,6139228561726.858
2018-08-30,5571990632235.024
2018-08-31,6104002654281.031
2018-09-01,3817541851931.6133
2018-09-02,3247374129731.358
2018-09-03,5262123919453.114
2018-09-04,6234106595970.172
2018-09-05,6419929781615.786
2018-09-06,7070390016765.95
2018-09-07,4821642816977.328
2018-09-08,2269680366063.56
2018-09-09,2950336385453.437
2018-09-10,4486807135294.307
2018-09-11,4685661959619.407
2018-09-12,4245474620958.774
2018-09-13,8139137634458.683
2018-09-14,4816342850621.918
2018-09-15,2450770423299.5864
2018-09-16,1851821395949.3103
2018-09-17,3598190564853.5166
2018-09-18,3885830276401.6772
2018-09-19,4524892645057.2705
2018-09-20,4449118898410.451
2018-09-21,6633482424287.713
2018-09-22,3118929821256.836
2018-09-23,2254176414474.3687
2018-09-24,3382145022795.635
2018-09-25,5492945849362.628
2018-09-26,4894654064041.264
2018-09-27,5477524529493.385
2018-09-28,6087068971631.339
2018-09-29,3059254962375.707
2018-09-30,2785209987718.2456
2018-10-01,4528560700059.968
2018-10-02,5415880261027.131
2018-10-03,4807736577482.451
2018-10-04,4400310276807.289
2018-10-05,4153017964065.7236
2018-10-06,2561583468989.2075
2018-10-07,1653230827175.8027
2018-10-08,4186085731075.8857
2018-10-09,4672314592204.367
2018-10-10,4958085621596.959
2018-10-11,5550725012031.236
2018-10-12,4992287039790.194
2018-10-13,2311726881393.2456
2018-10-14,2506362672663.1465
2018-10-15,9275068221176.104
2018-10-16,5816714632207.405
2018-10-17,4759465622317.096
2018-10-18,5604122107537.51
2018-10-19,5399247079311.0205
2018-10-20,4469795035027.273
2018-10-21,1889030723924.8948
2018-10-22,4732748205929.449
2018-10-23,4704802244969.049
2018-10-24,5018224925610.947
2018-10-25,5268931834317.89
2018-10-26,4821174230873.3955
2018-10-27,2462561949208.5796
2018-10-28,2976146773526.7017
2018-10-29,5666848375924.831
2018-10-30,3973456527295.8833
2018-10-31,5077167401482.813
2018-11-01,5142319501985.61
2018-11-02,5562271969322.95
2018-11-03,2328674582455.5913
2018-11-04,3353685185944.628
2018-11-05,4810651702878.033
2018-11-06,4848090897150.105
2018-11-07,5579816705227.452
2018-11-08,4990971502789.715
2018-11-09,5344647096103.035
2018-11-10,2462806460337.935
2018-11-11,2462242525245.96
2018-11-12,4794277532306.63
2018-11-13,5136476935841.068
2018-11-14,6777159249658.802
2018-11-15,15068342555507.127
2018-11-16,6033840294645.005
2018-11-17,2723201424854.5537
2018-11-18,1989518732080.7136
2018-11-19,4977673407256.913
2018-11-20,6570163021230.768
2018-11-21,4634452141841.89
2018-11-22,2890648945625.424
2018-11-23,3216864636025.947
2018-11-24,1548357774504.5671
2018-11-25,2480700976469.5894
2018-11-26,2783808490454.446
2018-11-27,3235641860671.3394
2018-11-28,3435985484235.7295
2018-11-29,3919707204035.405
2018-11-30,6482176659330.186
2018-12-01,2908020288792.071
2018-12-02,1441529802902.2776
2018-12-03,4826135598522.652
2018-12-04,9754741335315.2
2018-12-05,5292317182990.914
2018-12-06,5022425927565.404
2018-12-07,2568715205772.9907
2018-12-08,1282572979054.129
2018-12-09,1009917634697.647
2018-12-10,1845867840904.607
2018-12-11,2498506219291.4854
2018-12-12,1913076637311.4363
2018-12-13,1979267633919.442
2018-12-14,1697157254203.2957
2018-12-15,941891929866.288
2018-12-16,1024860198314.9479
2018-12-17,1916086373304.9038
2018-12-18,2650653019251.1206
2018-12-19,3345826336348.476
2018-12-20,3406065108642.5845
2018-12-21,3158311104157.4775
2018-12-22,1219813920569.8062
2018-12-23,1562551600721.344
2018-12-24,2792039580906.916
2018-12-25,1540859910029.7332
2018-12-26,1628866109697.235
2018-12-27,2085416394460.9236
2018-12-28,2457793580230.706
2018-12-29,1611641281579.3486
2018-12-30,1033139486871.2025
2018-12-31,1781536914064.4846
2019-01-01,847432624021.8188
2019-01-02,1947492691037.0923
2019-01-03,2249616099490.736
2019-01-04,2062874140714.8198
2019-01-05,1252954018133.6272
2019-01-06,1202839822743.2231
2019-01-07,2506968881882.6406
2019-01-08,2400628759464.444
2019-01-09,2543768574770.3027
2019-01-10,2460189376455.838
2019-01-11,3985487621281.5347
2019-01-12,991903793540.2892
2019-01-13,835118172236.3685
2019-01-14,2171264322669.8347
2019-01-15,4613302397600.525
2019-01-16,2260842462138.9746
2019-01-17,1867991936935.2942
2019-01-18,1645327620354.972
2019-01-19,1156180735390.7976
2019-01-20,858441098760.6477
2019-01-21,1745781540189.6738
2019-01-22,2021870568764.7024
2019-01-23,1932091778242.8245
2019-01-24,1720977342061.3787
2019-01-25,1643454657057.8386
2019-01-26,1054235720504.2554
2019-01-27,801061896080.6139
2019-01-28,2076695343068.505
2019-01-29,1733488988404.8682
2019-01-30,2570774279048.39
2019-01-31,1986881705159.214
2019-02-01,2131160111901.8093
2019-02-02,1111902511161.6477
2019-02-03,918647436825.4011
2019-02-04,1221887096407.1409
2019-02-05,1438294133850.535
2019-02-06,1693386778008.4907
2019-02-07,1616587587044.4502
2019-02-08,2026316499885.6338
2019-02-09,1065782341768.3538
2019-02-10,1010904561974.4515
2019-02-11,1869213894911.3494
2019-02-12,1805988635667.9136
2019-02-13,2467238374335.236
2019-02-14,1684044777762.6567
2019-02-15,1722323620218.447
2019-02-16,1321083873315.2917
2019-02-17,874268917720.7651
2019-02-18,2698566704345.7656
2019-02-19,2839490792841.177
2019-02-20,2786676703359.913
2019-02-21,2602691242412.7036
2019-02-22,2380522013343.7505
2019-02-23,2027799629246.0046
2019-02-24,1662922106121.6038
2019-02-25,3061071558311.808
2019-02-26,2283229041449.411
2019-02-27,2208959152143.2183
2019-02-28,3608509562440.2803
2019-03-01,2070321174913.7053
2019-03-02,1704091771757.1396
2019-03-03,1002016813225.2866
2019-03-04,1920895233245.5042
2019-03-05,2125453812397.9438
2019-03-06,2357255268253.7407
2019-03-07,2339603337603.086
2019-03-08,2425527591365.7095
2019-03-09,1329026148889.18
2019-03-10,1143891509645.1853
2019-03-11,2272129835272.8325
2019-03-12,2479650795532.4106
2019-03-13,2471217687455.7485
2019-03-14,2809804631080.5356
2019-03-15,2157412234130.665
2019-03-16,1460945624025.3691
2019-03-17,1003615556463.8083
2019-03-18,2411053617829.866
2019-03-19,2481839131133.4194
2019-03-20,2653788729153.0186
2019-03-21,2621062592861.842
2019-03-22,2125793024661.0972
2019-03-23,1274374353758.0078
2019-03-24,1161089735390.7214
2019-03-25,2364059496783.77
2019-03-26,2407344254090.098
2019-03-27,2551168573417.5405
2019-03-28,2543545512519.037
2019-03-29,3353389039842.747
2019-03-30,1438474430251.2231
2019-03-31,1730187747967.6736
2019-04-01,2663192965301.7085
2019-04-02,7118038339801.811
2019-04-03,5885683689956.564
2019-04-04,4963877826177.258
2019-04-05,4525628099838.817
2019-04-06,2158841453868.0818
2019-04-07,2294603053038.3013
2019-04-08,5205014453755.112
2019-04-09,4565115874785.123
2019-04-10,4533594096130.31
2019-04-11,5317812103967.198
2019-04-12,3530535951988.052
2019-04-13,2157779513106.0293
2019-04-14,2844446668309.877
2019-04-15,4074704329006.2153
2019-04-16,3376953111268.7983
2019-04-17,4708142467009.042
2019-04-18,3678399922245.534
2019-04-19,3666642961301.875
2019-04-20,1996056125123.5247
2019-04-21,1917025709779.4355
2019-04-22,3997678609614.7188
2019-04-23,4600537227874.529
2019-04-24,8617772317204.712
2019-04-25,4305875157250.212
2019-04-26,6314187177730.65
2019-04-27,2331303325789.898
2019-04-28,2253254044481.0977
2019-04-29,4649498878046.617
2019-04-30,4504392790275.468
2019-05-01,4748227326488.365
2019-05-02,4186168739603.0737
2019-05-03,4949562236106.621
2019-05-04,2856636118797.4795
2019-05-05,2586994659540.1943
2019-05-06,4421755349340.592
2019-05-07,6069640071352.637
2019-05-08,6141584184274.982
2019-05-09,7728952621920.192
2019-05-10,8197792207800.796
2019-05-11,6417822407189.189
2019-05-12,7303414312694.214
2019-05-13,13220145806904.377
2019-05-14,13264743605657.453
2019-05-15,13087658132441.777
2019-05-16,13361199996677.475
2019-05-17,9533824223626.422
2019-05-18,5009599781905.876
2019-05-19,6365203824775.155
2019-05-20,8997623889787.564
2019-05-21,8056697724797.562
2019-05-22,8654065639312.227
2019-05-23,9304678989752.293
2019-05-24,10311781070824.975
2019-05-25,4444485907140.226
2019-05-26,7363448233618.201
2019-05-27,11613677002068.248
2019-05-28,12865907637801.283
2019-05-29,23518907950926.066
2019-05-30,10876582534274.64
2019-05-31,18344213925282.938
2019-06-01,8138152954138.515
2019-06-02,5781375940576.582
2019-06-03,11393012871605.781
2019-06-04,17041204573712.201
2019-06-05,19984209715977.58
2019-06-06,15865583119764.725
2019-06-07,8855650818245.074
2019-06-08,4275658344668.648
2019-06-09,3305414961797.1475
2019-06-10,8195542465082.446
2019-06-11,12656488640066.373
2019-06-12,9486018592178.273
2019-06-13,9332501548895.277
2019-06-14,11026813448827.021
2019-06-15,7568340673936.75
2019-06-16,9328726175580.463
2019-06-17,27503755540865.84
2019-06-18,19819027869606.24
2019-06-19,17700226394870.96
2019-06-20,11345948171351.656
2019-06-21,15518613702697.566
2019-06-22,23783914809195.668
2019-06-23,12823177453473.947
2019-06-24,19362215101103.207
2019-06-25,21592058692432.535
2019-06-26,38137809650383.85
2019-06-27,27866284564550.4
2019-06-28,32917454532275.734
2019-06-29,16234283241605.47
2019-06-30,17863108372481.883
2019-07-01,17346068899107.701
2019-07-02,19586680545371.797
2019-07-03,19357919013868.105
2019-07-04,21683205459710.14
2019-07-05,12911295144803.822
2019-07-06,7173245208733.197
2019-07-07,6435002808559.778
2019-07-08,25789784131966.895
2019-07-09,22373138915743.445
2019-07-10,38400868885566.92
2019-07-11,21687194578377.316
2019-07-12,18591846186910.633
2019-07-13,8013512149916.423
2019-07-14,9028530315606.203
2019-07-15,13479772169325.213
2019-07-16,14736563048676.1
2019-07-17,18401703463887.44
2019-07-18,14546859769582.016
2019-07-19,22398217503883.24
2019-07-20,8994003043430.785
2019-07-21,7228975340941.92
2019-07-22,10625323493009.316
2019-07-23,9369406015367.188
2019-07-24,13092509663068.059
2019-07-25,10206276064930.822
2019-07-26,9810788546091.586
2019-07-27,5557451975531.838
2019-07-28,3622738213435.877
2019-07-29,39145179855698.96
2019-07-30,12300844678620.07
2019-07-31,10421994883799.436
2019-08-01,11060209341000.908
2019-08-02,13426906606750.057
2019-08-03,5773412963437.081
2019-08-04,6409892975455.336
2019-08-05,21049577155681.164
2019-08-06,20896895820708.645
2019-08-07,18253305958624.457
2019-08-08,16863723090685.85
2019-08-09,16891741879969.922
2019-08-10,9047611433424.484
2019-08-11,6654253007959.03
2019-08-12,14695638716249.764
2019-08-13,18157843237422.773
2019-08-14,13240295178962.068
2019-08-15,16231519002663.242
2019-08-16,11179828559613.545
2019-08-17,15615554786607.41
2019-08-18,9551652040602.045
2019-08-19,11169818333894.543
2019-08-20,13136212537893.1
2019-08-21,10979967439117.35
2019-08-22,9636235341949.31
2019-08-23,22179285439588.375
2019-08-24,6018936273193.203
2019-08-25,5846113604233.603
2019-08-26,13596683484748.594
2019-08-27,13198689237986.828
2019-08-28,10250182689137.2
2019-08-29,15922911695854.094
2019-08-30,12705283093662.555
2019-08-31,5169073167473.082
2019-09-01,5148126388614.622
2019-09-02,12303326013175.72
2019-09-03,15766082177985.3
2019-09-04,14371987611741.707
2019-09-05,18046123052930.688
2019-09-06,28843661535551.363
2019-09-07,9685954012948.898
2019-09-08,7668514910826.812
2019-09-09,12753043073305.627
2019-09-10,19868255474878.06
2019-09-11,14504618174243.154
2019-09-12,18862755088358.29
2019-09-13,9598540166477.533
2019-09-14,5701465692713.723
2019-09-15,4812484387763.799
2019-09-16,15655958475727.832
2019-09-17,14464057141048.924
2019-09-18,19373619111158.543
2019-09-19,12974844391340.098
2019-09-20,17841969602280.926
2019-09-21,13001782232790.178
2019-09-22,5562657083738.69
2019-09-23,8319289552721.134
2019-09-24,27062400559922.73
2019-09-25,17715624071672.887
2019-09-26,10662521055926.424
2019-09-27,9559182486816.111
2019-09-28,4784105545115.475
2019-09-29,3739375398754.339
2019-09-30,8566450249091.682
2019-10-01,8984757369463.822
2019-10-02,6324313771367.591
2019-10-03,7773919731359.53
2019-10-04,6023457565754.821
2019-10-05,3060103589822.4536
2019-10-06,3498246934587.526
2019-10-07,7078344914085.642
2019-10-08,7826284118982.843
2019-10-09,9142704866236.586
2019-10-10,9117613457435.557
2019-10-11,7828114301684.036
2019-10-12,3618359196231.6914
2019-10-13,2985519558392.8745
2019-10-14,14345323887131.49
2019-10-15,7659284047385.378
2019-10-16,7603586130928.572
2019-10-17,10217085773376.695
2019-10-18,8341142660575.073
2019-10-19,3139871702883.351
2019-10-20,2758055980035.874
2019-10-21,7829847583520.273
2019-10-22,8051599301091.707
2019-10-23,9741887534934.955
2019-10-24,7375993024471.135
2019-10-25,11554849027107.59
2019-10-26,11615074583912.467
2019-10-27,6894218137408.982
2019-10-28,17421454868333.064
2019-10-29,10915484237826.088
2019-10-30,8593525870060.068
2019-10-31,14474973116908.52
2019-11-01,19208979175771.94
2019-11-02,6871081404552.294
2019-11-03,7313757730688.799
2019-11-04,12551604309062.092
2019-11-05,25871203169309.81
2019-11-06,13539257423664.443
2019-11-07,13069679647551.463
2019-11-08,12839639281278.873
2019-11-09,9224267140542.137
2019-11-10,3299114362243.401
2019-11-11,6295650680758.27
2019-11-12,7627359977631.926
2019-11-13,13089629298354.451
2019-11-14,8241779062997.237
2019-11-15,10183027731360.488
2019-11-16,3949037439582.769
2019-11-17,2940687506541.9375
2019-11-18,8674209585182.906
2019-11-19,7577552892797.915
2019-11-20,6991502770118.263
2019-11-21,8911386166484.092
2019-11-22,12343694028898.725
2019-11-23,8515999516379.829
2019-11-24,3836893529581.477
2019-11-25,9382921657058.45
2019-11-26,8516340626486.758
2019-11-27,11398673886733.059
2019-11-28,5743049375058.206
2019-11-29,8366682632963.87
2019-11-30,5272514551242.595
2019-12-01,3045297733408.9004
2019-12-02,6619496912082.95
2019-12-03,8060734469621.831
2019-12-04,10635095055893.523
2019-12-05,6180556162982.621
2019-12-06,9320833820163.785
2019-12-07,6367542297546.903
2019-12-08,2329060904034.1206
2019-12-09,7286492233140.538
2019-12-10,8758190795226.226
2019-12-11,6930442561944.302
2019-12-12,9123310332675.39
2019-12-13,6620775838726.9795
2019-12-14,3245267505096.8076
2019-12-15,2370713454324.2783
2019-12-16,6103553118881.233
2019-12-17,11287057338526.412
2019-12-18,12034674207252.06
2019-12-19,8539697044000.156
2019-12-20,8606408425941.325
2019-12-21,3480677298491.9863
2019-12-22,3072944330932.292
2019-12-23,8421250475579.47
2019-12-24,5642102614018.3
2019-12-25,6282307229264.362
2019-12-26,5673332331423.068
2019-12-27,6175492244738.2295
2019-12-28,3518740643097.5
2019-12-29,2830001728143.85
2019-12-30,6973869515792.454
2019-12-31,6146382574456.75
2020-01-01,2002670776091.4167
2020-01-02,4834384038725.268
2020-01-03,12641805022195.22
2020-01-04,4617225573787.492
2020-01-05,2633269804496.2188
2020-01-06,7474460910490.777
2020-01-07,9164980128790.35
2020-01-08,9580993737512.006
2020-01-09,12268136908714.379
2020-01-10,10458193807461.494
2020-01-11,4117101033219.639
2020-01-12,3701721468699.6943
2020-01-13,7181110467282.051
2020-01-14,25608958004912.4
2020-01-15,21653558064980.11
2020-01-16,11565548193665.744
2020-01-17,13769381073806.816
2020-01-18,6187986684976.111
2020-01-19,5259515806068.833
2020-01-20,10958297613931.254
2020-01-21,7845324710448.057
2020-01-22,10877031341903.105
2020-01-23,11792377831051.371
2020-01-24,8305906308187.382
2020-01-25,3117140183926.0967
2020-01-26,3227015629786.3506
2020-01-27,7217692029210.48
2020-01-28,9849655849837.18
2020-01-29,11300095148413.83
2020-01-30,16199996197787.465
2020-01-31,20714412414225.98
2020-02-01,9341746857338.238
2020-02-02,5700192031767.523
2020-02-03,32592365274640.305
2020-02-04,9002232779740.191
2020-02-05,11369372043512.62
2020-02-06,32337837284336.098
2020-02-07,17670318677188.957
2020-02-08,14244446352689.26
2020-02-09,7532648734306.617
2020-02-10,16318195070424.48
2020-02-11,23547709004250.992
2020-02-12,19312698873663.574
2020-02-13,19447601910030.004
2020-02-14,15942856521470.459
2020-02-15,10973245821384.21
2020-02-16,16280238375120.248
2020-02-17,21832445383763.953
2020-02-18,15349083703092.967
2020-02-19,18113699435746.32
2020-02-20,15711487829019.865
2020-02-21,10981736608663.31
2020-02-22,4912464602216.172
2020-02-23,7317243429742.334
2020-02-24,10230433516607.04
2020-02-25,10173116761076.414
2020-02-26,11520143265643.695
2020-02-27,17796598459265.332
2020-02-28,15523694873009.979
2020-02-29,5288066983543.723
2020-03-01,4704609370387.954
2020-03-02,10880331500547.322
2020-03-03,11828533817220.848
2020-03-04,11772420188866.87
2020-03-05,12230158497083.707
2020-03-06,14475163235673.215
2020-03-07,6361761455038.7295
2020-03-08,6084831969938.916
2020-03-09,15942930958799.537
2020-03-10,12989605382826.268
2020-03-11,12458479952828.42
2020-03-12,17876396644948.85
2020-03-13,15328121417541.113
2020-03-14,6080274479480.559
2020-03-15,3726730295096.1807
2020-03-16,9172498321414.533
2020-03-17,8115609292977.974
2020-03-18,5694969328717.908
2020-03-19,7448788919127.585
2020-03-20,12905835489627.54
2020-03-21,4004048763112.886
2020-03-22,4125904570156.5938
2020-03-23,6770743484885.297
2020-03-24,12771141335413.879
2020-03-25,6279345810879.214
2020-03-26,6601438496825.566
2020-03-27,7852450832707.169
2020-03-28,3785180336218.074
2020-03-29,3429519059746.087
2020-03-30,6835679137639.848
2020-03-31,7618100391034.4375
2020-04-01,5692357111783.069
2020-04-02,7559579860896.728
2020-04-03,6706640852613.483
2020-04-04,3172279153165.981
2020-04-05,3034840765999.7554
2020-04-06,13844654808805.797
2020-04-07,11011746996610.654
2020-04-08,7037507746102.173
2020-04-09,16878668678044.328
2020-04-10,7565381939919.521
2020-04-11,3209283540327.997
2020-04-12,2847597987189.7856
2020-04-13,7699492208382.903
2020-04-14,5640581922758.194
2020-04-15,6703001470659.874
2020-04-16,9095616874140.826
2020-04-17,7617362717863.129
2020-04-18,3772775163469.8735
2020-04-19,3293944004183.869
2020-04-20,6877599971955.519
2020-04-21,7477727075454.703
2020-04-22,6766956268748.682
2020-04-23,9562487343650.74
2020-04-24,14356055025624.57
2020-04-25,4454027732305.46
2020-04-26,3665985529173.5415
2020-04-27,9704670814412.873
2020-04-28,8254579358102.978
2020-04-29,28030005423335.973
2020-04-30,23251106266099.59
2020-05-01,17529483381767.488
2020-05-02,5845419742101.927
2020-05-03,7103355472095.472
2020-05-04,11597262220496.162
2020-05-05,10432652878112.379
2020-05-06,15192960904178.535
2020-05-07,19293841129296.26
2020-05-08,25407185649083.188
2020-05-09,18145036755887.598
2020-05-10,10162456086008.143
2020-05-11,14605440752048.436
2020-05-12,16751700505526.742
2020-05-13,17063671030945.035
2020-05-14,12225790063141.906
2020-05-15,14649085996906.674
2020-05-16,8477773235343.856
2020-05-17,5359859322318.47
2020-05-18,14808199002526.592
2020-05-19,12890087583690.69
2020-05-20,16178436934280.076
2020-05-21,16597814334640.588
2020-05-22,12022530384439.732
2020-05-23,6076956086141.931
2020-05-24,8629903835482.468
2020-05-25,21252658593786.934
2020-05-26,9082493724456.055
2020-05-27,15185048797549.514
2020-05-28,12378700669103.814
2020-05-29,15599147169284.414
2020-05-30,7044195469090.39
2020-05-31,14767367627505.547
2020-06-01,24452882842554.727
2020-06-02,25628498791082.574
2020-06-03,13209528225597.873
2020-06-04,17198263764791.494
2020-06-05,17379671962154.215
2020-06-06,5582114636072.3955
2020-06-07,4887738405087.684
2020-06-08,14432034231312.531
2020-06-09,11652303869684.59
2020-06-10,11696516588987.97
2020-06-11,21625281626149.438
2020-06-12,11281644100322.168
2020-06-13,5462804817886.241
2020-06-14,4308833212007.41
2020-06-15,15970695067420.457
2020-06-16,15808126287274.102
2020-06-17,16099991632513.887
2020-06-18,11211359467990.46
2020-06-19,21670899098318.766
2020-06-20,5417250413850.494
2020-06-21,4995765958544.939
2020-06-22,13214761290272.777
2020-06-23,20781229191161.562
2020-06-24,15540394637534.605
2020-06-25,16767069768464.182
2020-06-26,18162415134195.27
2020-06-27,5411041045027.401
2020-06-28,5506515850666.394
2020-06-29,10061971803188.723
2020-06-30,8809452728042.111
2020-07-01,13549763212316.654
2020-07-02,12127665606935.762
2020-07-03,10566042809673.316
2020-07-04,5464617017200.185
2020-07-05,4641612236725.058
2020-07-06,13249983723887.545
2020-07-07,11704618123897.717
2020-07-08,14920345716408.69
2020-07-09,12834339866580.467
2020-07-10,11504773181052.352
2020-07-11,5327728524879.003
2020-07-12,4465405529694.233
2020-07-13,12518307173000.234
2020-07-14,11511766995225.354
2020-07-15,11394171374532.543
2020-07-16,11570428322270.914
2020-07-17,10075552620696.518
2020-07-18,6403438571214.721
2020-07-19,5833026616106.631
2020-07-20,9684653187716.523
2020-07-21,12439597316377.576
2020-07-22,15306672284148.406
2020-07-23,16604322556837.928
2020-07-24,15082639856432.61
2020-07-25,8664127969771.074
2020-07-26,9996913145574.184
2020-07-27,27707814987674.168
2020-07-28,29820367305361.523
2020-07-29,22939532208720.246
2020-07-30,21039746092180.555
2020-07-31,24145965108958.33
2020-08-01,15081962855949.018
2020-08-02,12842217907903.465
2020-08-03,29587539640514.895
2020-08-04,16973129519756.262
2020-08-05,16237975726274.451
2020-08-06,24997860817980.12
2020-08-07,22014887492872.543
2020-08-08,11252233994217.482
2020-08-09,9571144501047.922
2020-08-10,24213459345816.156
2020-08-11,20921328027443.22
2020-08-12,18796987438760.965
2020-08-13,20092708206421.812
2020-08-14,26994787749728.88
2020-08-15,12937975242509.863
2020-08-16,10977276018650.242
2020-08-17,25077894007267.26
2020-08-18,28339781555241.055
2020-08-19,22943969508036.906
2020-08-20,19004149498177.453
2020-08-21,17581241113296.85
2020-08-22,11069587139978.348
2020-08-23,8102712221657.591
2020-08-24,15890130026669.545
2020-08-25,17866489839913.61
2020-08-26,18458798325082.035
2020-08-27,17921855362602.055
2020-08-28,23243090321736.55
2020-08-29,10771669899510.904
2020-08-30,12790527251180.896
2020-08-31,27461993675738.832
2020-09-01,28216689080459.37
2020-09-02,24064995965017.168
2020-09-03,22495260527635.6
2020-09-04,26411113349014.465
2020-09-05,12847979213642.361
2020-09-06,9690595403426.38
2020-09-07,18117165465864.89
2020-09-08,17287454549202.973
2020-09-09,15150885754844.104
2020-09-10,15650427355758.072
2020-09-11,16798085614264.3
2020-09-12,8936507286505.732
2020-09-13,8119811398131.235
2020-09-14,17530775250632.166
2020-09-15,18086542858236.07
2020-09-16,20582361197360.414
2020-09-17,18926920846086.355
2020-09-18,21203563975802.367
2020-09-19,11325249989914.975
2020-09-20,9252324336125.654
2020-09-21,16933695470829.719
2020-09-22,17080155828488.305
2020-09-23,19779243618655.01
2020-09-24,21932046287422.39
2020-09-25,20360841138442.656
2020-09-26,8539405307902.157
2020-09-27,8511592553579.466
2020-09-28,17616615117362.086
2020-09-29,19046721983505.55
2020-09-30,16835944883811.457
2020-10-01,17786994281657.645
2020-10-02,24154575869194.51
2020-10-03,8929538001336.977
2020-10-04,6772438271309.108
2020-10-05,14504079605550.777
2020-10-06,14690274572100.244
2020-10-07,19715976728788.215
2020-10-08,17073435235979.287
2020-10-09,22710931762744.926
2020-10-10,12984077702394.752
2020-10-11,7418191944470.392
2020-10-12,17558956468923.988
2020-10-13,19573798552259.754
2020-10-14,18759657550826.02
2020-10-15,19037302265146.17
2020-10-16,19653745765827.13
2020-10-17,7886784372110.497
2020-10-18,6485920630723.757
2020-10-19,19040570003999.09
2020-10-20,19738723690755.07
2020-10-21,30544642153710.895
2020-10-22,42936980042044.03
2020-10-23,35854529917511.53
2020-10-24,13367806455537.951
2020-10-25,10035211219862.738
2020-10-26,28027810258335.062
2020-10-27,26174823641028.848
2020-10-28,33408000946144.44
2020-10-29,28697491511485.953
2020-10-30,25652709734045.195
2020-10-31,18139672993585.05
2020-11-01,16320789974903.455
2020-11-02,23243646700418.906
2020-11-03,53171399126042.36
2020-11-04,28110779195994.28
2020-11-05,80230684253602.66
2020-11-06,54915135254826.39
2020-11-07,22287918898066.1
2020-11-08,17390728734707.424
2020-11-09,41827528341986.61
2020-11-10,40259598525934.12
2020-11-11,42631262864191.84
2020-11-12,53106674721171.414
2020-11-13,43351479280731.336
2020-11-14,21799411645634.62
2020-11-15,12685291565029.82
2020-11-16,39180563318796.14
2020-11-17,55007618233996.055
2020-11-18,73866697778966.52
2020-11-19,47205145310053.516
2020-11-20,78247400140648.98
2020-11-21,42161880514487.99
2020-11-22,26720783699377.965
2020-11-23,49642142150566.09
2020-11-24,79543532582542.27
2020-11-25,67089746111757.19
2020-11-26,61061864999704.47
2020-11-27,60561269260382.32
2020-11-28,23222947340721.426
2020-11-29,24601532661164.996
2020-11-30,64808600863612.36
2020-12-01,87006275297968.9
2020-12-02,57290389274785.56
2020-12-03,53362055333483.63
2020-12-04,58143504228661.86
2020-12-05,23865479419250.023
2020-12-06,19392524725648.453
2020-12-07,40379006679213.45
2020-12-08,69104504780257.37
2020-12-09,48239987416387.62
2020-12-10,70816426329416.53
2020-12-11,52621396283439.65
2020-12-12,36285368847810.09
2020-12-13,66047385406579.13
2020-12-14,51694564457254.516
2020-12-15,60363250580870.73
2020-12-16,90116118462786.53
2020-12-17,126345304778665.19
2020-12-18,142914270988840.47
2020-12-19,66093120853519.76
2020-12-20,57198804165570.625
2020-12-21,89363277097769.44
2020-12-22,152646134820181.22
2020-12-23,149391903792622.88
2020-12-24,95395300467328.36
2020-12-25,58011677613108.45
2020-12-26,69139043122284.87
2020-12-27,123867782712985.56
2020-12-28,217407859048687.34
2020-12-29,150612213563028.22
2020-12-30,168446770782424.56
2020-12-31,163472002809399.06
2021-01-01,127578063298296.89
2021-01-02,197654567021742.53
2021-01-03,191700849520873.03
2021-01-04,239889993023861.75
2021-01-05,230312571134590.25
2021-01-06,278023092300356.4
2021-01-07,389646135581993.5
2021-01-08,360603698912326.3
2021-01-09,234051464474107.56
2021-01-10,164096345554606.16
2021-01-11,246367981652563.34
2021-01-12,249584215958134.06
2021-01-13,196926651092491.1
2021-01-14,327320462596087.56
2021-01-15,240482385433439.9
2021-01-16,92988749103585.61
2021-01-17,91673242543028.53
2021-01-18,141002955465837.44
2021-01-19,270859261907814.28
2021-01-20,181104794699011.03
2021-01-21,143692892281657.5
2021-01-22,176732840051881.78
2021-01-23,67444707748782.71
2021-01-24,63490831405756.8
2021-01-25,126411161593618.28
2021-01-26,137735518262823.3
2021-01-27,165096714092263.8
2021-01-28,166936637807753.38
2021-01-29,284443186809740.5
2021-01-30,117084178057190.22
2021-01-31,103304477214413.2
2021-02-01,153813171479169.62
2021-02-02,154328560716261.84
2021-02-03,186830911186571.97
2021-02-04,231494555534781.66
2021-02-05,234888551471045.97
2021-02-06,179750227139363.5
2021-02-07,136769911038040.94
2021-02-08,386392662416925.94
2021-02-09,503605479236835.4
2021-02-10,328156360065698.94
2021-02-11,303431775482539.0
2021-02-12,371080907073876.7
2021-02-13,173195795021612.94
2021-02-14,151134855471444.62
2021-02-15,241096254890148.03
2021-02-16,304442923824511.2
2021-02-17,403684945801522.94
2021-02-18,414846505479610.75
2021-02-19,501596800932772.9
2021-02-20,392424444572672.3
2021-02-21,451110156619715.25
2021-02-22,461627022916040.9
2021-02-23,590902912264202.0
2021-02-24,453509375709084.8
2021-02-25,380727180500763.7
2021-02-26,333779024848492.75
2021-02-27,157802057481729.2
2021-02-28,145685400376220.75
2021-03-01,291199777194045.44
2021-03-02,324490111320141.75
2021-03-03,330556869392203.94
2021-03-04,255167122949793.1
2021-03-05,419395880689214.25
2021-03-06,137639936336319.19
2021-03-07,166775019834367.5
2021-03-08,337270566864843.94
2021-03-09,398455440998440.06
2021-03-10,426069267015747.2
2021-03-11,451762119773454.3
2021-03-12,480984416830141.8
2021-03-13,382924746258053.44
2021-03-14,350755020225865.5
2021-03-15,413221511780609.44
2021-03-16,477974562129970.94
2021-03-17,377366540607549.7
2021-03-18,328894935851192.7
2021-03-19,347395198128217.3
2021-03-20,197036487331803.7
2021-03-21,210205941291620.7
2021-03-22,288983165564013.8
2021-03-23,414237237076174.3
2021-03-24,367107011757705.5
2021-03-25,386491674797282.3
2021-03-26,413234173154250.94
2021-03-27,209257628083608.12
2021-03-28,153662018135997.38
2021-03-29,381425707565979.0
2021-03-30,370357049353711.3
2021-03-31,400555785275394.1
2021-04-01,411420829492909.0
2021-04-02,386115898266436.94
2021-04-03,220268450208616.12
2021-04-04,176687796097897.28
2021-04-05,332895297299313.4
2021-04-06,662455931127490.0
2021-04-07,359963144295749.0
2021-04-08,356478926321232.94
2021-04-09,368704847026773.6
2021-04-10,364311631589981.44
2021-04-11,241630729559206.25
2021-04-12,439820007108516.2
2021-04-13,594647680800936.4
2021-04-14,597510299409195.9
2021-04-15,474305508107813.9
2021-04-16,487578619709114.3
2021-04-17,203009037704557.25
2021-04-18,666535481552004.1
2021-04-19,390290257822819.44
2021-04-20,469378860619554.7
2021-04-21,377879963601141.3
2021-04-22,439986059954605.5
2021-04-23,586867659541721.0
2021-04-24,195587004656780.16
2021-04-25,278850736637063.4
2021-04-26,377464455302225.75
2021-04-27,375776138898790.2
2021-04-28,296062748999235.6
2021-04-29,385530596555634.9
2021-04-30,464229840234522.5
2021-05-01,193552993750184.72
2021-05-02,169398850768969.2
2021-05-03,340614554398176.0
2021-05-04,410571890636675.8
2021-05-05,366452303552585.75
2021-05-06,426703978922523.3
2021-05-07,556560245796040.56
2021-05-08,271729996749310.16
2021-05-09,313762363071381.8
2021-05-10,452438144561455.5
2021-05-11,375433815254491.0
2021-05-12,636667226549371.2
2021-05-13,564561256895025.4
2021-05-14,394382162869191.4
2021-05-15,196004325607555.06
2021-05-16,265985038156635.25
2021-05-17,439736155154057.56
2021-05-18,274681627681335.34
2021-05-19,541812523001151.3
2021-05-20,491803443982908.25
2021-05-21,272963133243241.16
2021-05-22,189280803333019.1
2021-05-23,154747510929307.88
2021-05-24,278988737011186.22
2021-05-25,238145453424827.56
2021-05-26,225733909360659.66
2021-05-27,187833501383000.28
2021-05-28,194688478718612.75
2021-05-29,122341320337690.75
2021-05-30,79543577315307.83
2021-05-31,123010651785156.2
2021-06-01,198895201319713.7
2021-06-02,144477191332398.88
2021-06-03,159979782754417.03
2021-06-04,125868958361407.89
2021-06-05,77932939072617.4
2021-06-06,55622306366037.016
2021-06-07,133826453605318.05
2021-06-08,162522679373722.16
2021-06-09,151695558562750.34
2021-06-10,170425875628725.88
2021-06-11,130734479705051.42
2021-06-12,76568675043925.81
2021-06-13,60200694706264.77
2021-06-14,200015885953286.2
2021-06-15,164859235948165.06
2021-06-16,150252674868393.88
2021-06-17,131601247530978.12
2021-06-18,184365511446671.34
2021-06-19,77886166458546.23
2021-06-20,77206820471301.84
2021-06-21,150522662214101.53
2021-06-22,158704607776419.0
2021-06-23,147925604307009.47
2021-06-24,134363671067956.16
2021-06-25,137839252367397.66
2021-06-26,75037324317085.31
2021-06-27,73187463201906.69
2021-06-28,127686576516258.16
2021-06-29,118371526856550.03
2021-06-30,130559099119335.31
2021-07-01,121708065251222.78
2021-07-02,151009892823471.94
2021-07-03,52914014698523.21
2021-07-04,53473822509914.34
2021-07-05,73226363739094.47
2021-07-06,80334376150822.98
2021-07-07,81763245054731.81
2021-07-08,110113194823917.6
2021-07-09,86284367648656.84
2021-07-10,37017910463664.016
2021-07-11,46608564372459.28
2021-07-12,117041160009225.94
2021-07-13,84501729468219.78
2021-07-14,93454788798463.6
2021-07-15,112696301553720.4
2021-07-16,89712370282670.72
2021-07-17,127857553458484.02
2021-07-18,33469162451141.844
2021-07-19,92193813572050.1
2021-07-20,87460436450421.16
2021-07-21,109436026921437.52
2021-07-22,83501311094163.44
2021-07-23,84622751130722.36
2021-07-24,57950258731352.38
2021-07-25,64494131502758.555
2021-07-26,323392737561895.75
2021-07-27,289466001316397.1
2021-07-28,240090687062261.84
2021-07-29,348480277988690.0
2021-07-30,153962349070831.6
2021-07-31,80121282094057.34
2021-08-01,68825579633756.13
2021-08-02,132643731110016.3
2021-08-03,144000483466905.9
2021-08-04,162746719535974.2
2021-08-05,130345329401260.64
2021-08-06,191104541112940.25
2021-08-07,97950255788442.55
2021-08-08,125410029864318.1
2021-08-09,283820377819301.7
2021-08-10,204613949198944.88
2021-08-11,264722886102848.8
2021-08-12,152533594580429.22
2021-08-13,184248837916515.4
2021-08-14,148698952280477.4
2021-08-15,114330927799535.25
2021-08-16,199504215704568.25
2021-08-17,130303680099103.3
2021-08-18,191171741985280.78
2021-08-19,146348614036057.9
2021-08-20,280419647580008.75
2021-08-21,195998413064099.1
2021-08-22,76427067245096.34
2021-08-23,287384601745814.6
2021-08-24,198462125028556.25
2021-08-25,296349451174344.3
2021-08-26,251362683749327.62
2021-08-27,143348185555473.2
2021-08-28,89441832648927.94
2021-08-29,80531077907532.12
2021-08-30,180653762423367.1
2021-08-31,192404400685812.03
2021-09-01,266185222879671.38
2021-09-02,321471101701522.8
2021-09-03,244486751373021.97
2021-09-04,119744398167984.16
2021-09-05,103336661569267.02
2021-09-06,230220181558851.78
2021-09-07,330420817995449.4
2021-09-08,211101927275417.66
2021-09-09,249076080734138.78
2021-09-10,302494769831324.56
2021-09-11,88691992882675.66
2021-09-12,70305825034096.75
2021-09-13,196949493760473.88
2021-09-14,210866044626149.38
2021-09-15,182883846100656.56
2021-09-16,198457120700524.2
2021-09-17,156648963995631.38
2021-09-18,90483666571653.4
2021-09-19,84934308381840.05
2021-09-20,243918320573873.34
2021-09-21,155325241441541.16
2021-09-22,156410785408460.06
2021-09-23,160879870855225.4
2021-09-24,199496473746889.94
2021-09-25,64011568680696.53
2021-09-26,112519701873617.08
2021-09-27,148969545122177.88
2021-09-28,151479363551954.56
2021-09-29,125228673948742.31
2021-09-30,197250680599438.12
2021-10-01,203662400009262.34
2021-10-02,183839134403521.88
2021-10-03,96129917991948.52
2021-10-04,244866592741800.12
2021-10-05,279005522792494.8
2021-10-06,350780616958266.8
2021-10-07,380075468778437.75
2021-10-08,335873722670638.75
2021-10-09,135488998198205.38
2021-10-10,128550410743696.45
2021-10-11,295219450163104.7
2021-10-12,356804314902021.25
2021-10-13,285855338673000.9
2021-10-14,337708268514621.25
2021-10-15,499520211204808.44
2021-10-16,247901396323546.22
2021-10-17,159000276714560.6
2021-10-18,403637283072639.2
2021-10-19,492257530884785.25
2021-10-20,545953116972835.8
2021-10-21,647104990862601.9
2021-10-22,419435562396956.75
2021-10-23,169224499042936.28
2021-10-24,197188436241977.53
2021-10-25,355502500309684.8
2021-10-26,292369924727384.5
2021-10-27,359226183694652.8
2021-10-28,413290642878750.0
2021-10-29,565416841628247.0
2021-10-30,187195375816436.34
2021-10-31,188560945016060.12
2021-11-01,441632848484301.7
2021-11-02,539043641610830.44
2021-11-03,499722710481511.6
2021-11-04,295729556183535.3
2021-11-05,393359051227114.3
2021-11-06,169662686201662.5
2021-11-07,155309495021678.34
2021-11-08,531638476103688.6
2021-11-09,570046910638384.1
2021-11-10,437601302274230.8
2021-11-11,339638264044970.6
2021-11-12,403667230547016.2
2021-11-13,176626733366809.6
2021-11-14,143207057179357.72
2021-11-15,362592581864085.4
2021-11-16,631580543237882.4
2021-11-17,451606960513776.56
2021-11-18,581550577771451.4
2021-11-19,351597467738276.6
2021-11-20,172197395716435.8
2021-11-21,152151287835796.03
2021-11-22,395329131768181.94
2021-11-23,355043142937101.25
2021-11-24,320804578379099.0
2021-11-25,513190633522921.06
2021-11-26,625920123355791.6
2021-11-27,135370199508450.8
2021-11-28,107401406118877.52
2021-11-29,435299514979053.7
2021-11-30,343680376305886.7
2021-12-01,495223936936896.9
2021-12-02,433806199277239.3
2021-12-03,321321824749324.06
2021-12-04,373012544282273.25
2021-12-05,168938267482770.12
2021-12-06,382829140195670.1
2021-12-07,337502278852121.7
2021-12-08,303925877868561.56
2021-12-09,357892506291904.3
2021-12-10,219527744430877.78
2021-12-12,63899633284045.59
2021-12-13,226821101292033.12
2021-12-14,219005643867965.78
2021-12-15,180260593928355.1
2021-12-16,205474951655762.4
2021-12-17,230196607204775.75
2021-12-18,138348661994773.27
2021-12-19,55705767765349.97
2021-12-20,242825892566208.84
2021-12-22,229832151854021.03
2021-12-23,312907841113341.2
2021-12-25,272321906959893.56
2021-12-26,74538753527040.6
2021-12-27,203629169729831.66
2021-12-28,221244793173012.28
2021-12-29,290389763067808.5
2021-12-30,212068429216035.12
2021-12-31,376599505517269.06
2022-01-01,107348529909831.02
2022-01-02,68751561856380.016
2022-01-03,133646414950212.78
2022-01-04,289989103261665.7
2022-01-05,179511634871995.1
2022-01-06,259038997743670.38
2022-01-07,238492571306185.22
2022-01-08,74848978462797.56
2022-01-09,71843990455437.75
2022-01-10,179185598954061.0
2022-01-11,215705446965093.7
2022-01-12,184166951640380.75
2022-01-13,175859724843801.16
2022-01-14,173847438878070.9
2022-01-15,66677047933856.664
2022-01-16,52263887883798.47
2022-01-17,152820661508855.62
2022-01-18,146949752917095.56
2022-01-19,262306567056172.06
2022-01-20,198919824200287.34
2022-01-21,328435642967426.44
2022-01-22,184102283684278.06
2022-01-23,93238574285725.88
2022-01-24,258099816383236.72
2022-01-25,177125308596006.8
2022-01-26,174107387960864.75
2022-01-27,199505908277544.7
2022-01-28,157083581907484.56
2022-01-29,182881600189430.8
2022-01-30,245061757504586.5
2022-01-31,188140680786794.88
2022-02-01,314065431794526.06
2022-02-02,102469716506179.03
2022-02-03,141854863437101.72
2022-02-04,167606338413841.53
2022-02-05,133598921708432.33
2022-02-06,75481518272808.48
2022-02-07,236027306236095.2
2022-02-08,258523279864130.44
2022-02-09,163877575341310.16
2022-02-10,237221696297219.03
2022-02-11,267670449436108.34
2022-02-12,95201193064937.06
2022-02-13,57132154511317.586
2022-02-14,159195479270770.75
2022-02-15,267285217231587.28
2022-02-16,167148657254302.34
2022-02-17,151085509729005.88
2022-02-18,163588940282075.06
2022-02-19,65118434682093.59
2022-02-20,56425974431416.33
2022-02-21,149625231044339.0
2022-02-22,135682341850771.48
2022-02-23,112555886827842.5
2022-02-24,237485656095149.7
2022-02-25,209052752498503.84
2022-02-26,94131302177246.73
2022-02-27,69541160165600.09
2022-02-28,261172300749874.47
2022-03-01,305764339714548.2
2022-03-02,239425872665195.94
2022-03-03,194157985211475.78
2022-03-04,222217334348806.22
2022-03-05,63604438759727.164
2022-03-06,46926773612318.25
2022-03-07,173839145118945.2
2022-03-08,151798704889533.0
2022-03-09,260259602321955.34
2022-03-10,191809916080210.97
2022-03-11,204334271696908.0
2022-03-12,55238213767534.164
2022-03-13,54503355644493.1
2022-03-14,124063695605934.45
2022-03-15,139140686136124.75
2022-03-16,187648091683449.5
2022-03-17,271344256668388.97
2022-03-18,246689618940721.72
2022-03-19,94036000305066.08
2022-03-20,53061321851424.96
2022-03-21,258475842358512.75
2022-03-22,188745650978966.25
2022-03-23,169986140023956.38
2022-03-24,186666844651206.34
2022-03-25,331638338088055.5
2022-03-26,83905923109411.12
2022-03-27,191085749416768.97
2022-03-28,332449912709116.0
2022-03-29,352771829314934.56
2022-03-30,245816550219893.9
2022-03-31,351790366014792.2
2022-04-01,297159272146476.6
2022-04-02,114296755947270.89
2022-04-03,95740881319937.0
2022-04-04,229738217931397.12
2022-04-05,187233904026770.53
2022-04-06,214880375341476.16
2022-04-07,191298664038932.78
2022-04-08,135926762853696.58
2022-04-09,86668867574257.11
2022-04-10,78491532880546.86
2022-04-11,203344852552936.66
2022-04-12,142465323679114.16
2022-04-13,152434327786514.78
2022-04-14,244653787694899.75
2022-04-15,101739609763553.67
2022-04-16,71836824613784.38
2022-04-17,49515508855493.22
2022-04-18,133205702368234.86
2022-04-19,155737238843033.9
2022-04-20,223021795017912.72
2022-04-21,373728055744044.4
2022-04-22,120607587529757.66
2022-04-23,52305178464140.83
2022-04-24,68787761486312.586
2022-04-25,151912170958625.03
2022-04-26,174688321671700.6
2022-04-27,163626271165873.47
2022-04-28,188622753749112.34
2022-04-29,190654961287568.0
2022-04-30,69219072533651.8
2022-05-01,65014415349303.46
2022-05-02,181284597409242.06
2022-05-03,210172576092978.06
2022-05-04,219428923885139.12
2022-05-05,257589478643613.97
2022-05-06,232844531613921.22
2022-05-07,77286864845393.27
2022-05-08,149565338049237.4
2022-05-09,452411702391221.7
2022-05-10,341148323748434.5
2022-05-11,353382788394110.94
2022-05-12,365768851054193.9
2022-05-13,198011254681210.88
2022-05-14,135430972343610.0
2022-05-15,74024884719258.28
2022-05-16,173413737987995.8
2022-05-17,172329809931727.3
2022-05-18,134609297386056.12
2022-05-19,151646694659764.94
2022-05-20,143948660009390.22
2022-05-21,43096081972563.47
2022-05-22,51356956032779.914
2022-05-23,143733626534274.06
2022-05-24,133957510929272.08
2022-05-25,103892499234531.6
2022-05-26,118379263063290.69
2022-05-27,139440290884145.88
2022-05-28,44228743294173.05
2022-05-29,41729420536331.38
2022-05-30,113127819506960.73
2022-05-31,167323594977866.62
2022-06-01,188170053463792.3
2022-06-02,110255526822904.1
2022-06-03,126281776232401.69
2022-06-04,52419257827695.29
2022-06-05,46059944399591.836
2022-06-06,159842530013804.28
2022-06-07,132697703004880.8
2022-06-08,93121546317790.81
2022-06-09,131668027271310.27
2022-06-10,117696140352001.64
2022-06-11,76427771268803.67
2022-06-12,97934220608919.36
2022-06-13,280250868350909.0
2022-06-14,244065303596928.22
2022-06-15,223406638094715.9
2022-06-16,144913367128428.94
2022-06-17,162161903655095.2
2022-06-18,161580145756277.06
2022-06-19,63071155798904.62
2022-06-20,78632524455161.67
2022-06-21,91592954436818.53
2022-06-22,87749646606911.33
2022-06-23,64999525453073.84
2022-06-24,88329209778597.25
2022-06-25,29875933384628.758
2022-06-26,18042105554438.305
2022-06-27,96093791217876.06
2022-06-28,59175031285403.7
2022-06-29,81014639280203.34
2022-06-30,83117790191574.88
2022-07-01,87605390705633.52
2022-07-02,24959904629197.273
2022-07-03,25510384587280.71
2022-07-04,39898923352657.66
2022-07-05,44931172367811.48
2022-07-06,67109766842002.17
2022-07-07,69823232925217.41
2022-07-08,75053437056256.53
2022-07-09,47879877538819.63
2022-07-10,22481590216228.285
2022-07-11,61581799332433.06
2022-07-12,52051023571684.12
2022-07-13,48168953407143.91
2022-07-14,68910778564176.664
2022-07-15,80925615444434.8
2022-07-16,29515444286995.71
2022-07-17,39544332246460.62
2022-07-18,76279012330298.89
2022-07-19,109623305217083.88
2022-07-20,78446289471815.97
2022-07-21,151554026453415.97
2022-07-22,67420058595230.625
2022-07-23,36071681248145.13
2022-07-24,22314249611320.63
2022-07-25,47868178649842.31
2022-07-26,53721049239249.97
2022-07-27,46865142324508.55
2022-07-28,89707169468886.38
2022-07-29,74053913161385.22
2022-07-30,30260174233891.96
2022-07-31,33578587378915.93
2022-08-01,61736432545938.45
2022-08-02,55431930537921.45
2022-08-03,64785403010020.01
2022-08-04,48941437968084.74
2022-08-05,52015643387386.055
2022-08-06,19789011867656.47
2022-08-07,26039528773946.742
2022-08-08,54621323210608.2
2022-08-09,59600124304721.68
2022-08-10,85791558829937.5
2022-08-11,69050392190134.766
2022-08-12,59522984343963.04
2022-08-13,33856654191029.44
2022-08-14,23902240512072.305
2022-08-15,60017627433469.42
2022-08-16,64451508579998.54
2022-08-17,69821892082634.875
2022-08-18,56121946203181.16
2022-08-19,75733115772400.69
2022-08-20,20028680776690.684
2022-08-21,15713112962650.945
2022-08-22,50577335398211.1
2022-08-23,41622674480831.586
2022-08-24,38623519152357.15
2022-08-25,46624530414668.625
2022-08-26,45816845578970.96
2022-08-27,27633872990684.355
2022-08-28,16614357295377.926
2022-08-29,41600443618763.08
2022-08-30,61138441262156.016
2022-08-31,63335156183387.94
2022-09-01,56891219739693.39
2022-09-02,56753944109305.22
2022-09-03,17450148084442.9
2022-09-04,21224778585372.39
2022-09-05,41775669038885.0
2022-09-06,62119279199440.54
2022-09-07,49025503060722.28
2022-09-08,47827912665029.03
2022-09-09,68195787226797.54
2022-09-10,25981981892779.99
2022-09-11,22862308462578.773
2022-09-12,59666202737005.76
2022-09-13,67096590109227.43
2022-09-14,53171506011861.89
2022-09-15,41230479383050.62
2022-09-16,38804909053591.8
2022-09-17,21931139412030.22
2022-09-18,15685031740860.197
2022-09-19,58051132004745.69
2022-09-20,51332917985081.44
2022-09-21,41535989938316.87
2022-09-22,42913144886140.37
2022-09-23,47208066686389.1
2022-09-24,13242983642132.26
2022-09-25,15372606647354.838
2022-09-26,35597342812345.66
2022-09-27,60780706255047.9
2022-09-28,52656608012406.01
2022-09-29,80692897940346.7
2022-09-30,64762926769648.07
2022-10-01,21815553249713.332
2022-10-02,15214945939775.418
2022-10-03,44119657302437.43
2022-10-04,47041741270515.336
2022-10-05,56226007425732.9
2022-10-06,40490003943964.484
2022-10-07,58230228728837.8
2022-10-08,17311721457693.88
2022-10-09,13626910426210.502
2022-10-10,25086124472601.637
2022-10-11,41414357533411.18
2022-10-12,39977983390470.12
2022-10-13,46589442009887.875
2022-10-14,44813146531617.5
2022-10-15,18054021999572.355
2022-10-16,13475309776100.807
2022-10-17,39954923298818.88
2022-10-18,57818532557924.46
2022-10-19,42061456035500.805
2022-10-20,34114583776894.43
2022-10-21,29839989122382.062
2022-10-22,18953230189866.7
2022-10-23,16903451100441.479
2022-10-24,37569514377728.5
2022-10-25,40793027756582.96
2022-10-26,100528964605469.88
2022-10-27,55664879192109.23
2022-10-28,43678689855578.27
2022-10-29,28538184530136.477
2022-10-30,17789963218964.914
2022-10-31,56029097364036.3
2022-11-01,53090720183362.72
2022-11-02,48086061357033.78
2022-11-03,41730834191137.76
2022-11-04,104736756073533.12
2022-11-05,29908433937620.652
2022-11-06,31405691988842.42
2022-11-07,79403939244645.52
2022-11-08,97290955823776.14
2022-11-09,99554482828741.03
2022-11-10,95864488643418.66
2022-11-11,86848329657576.94
2022-11-12,49758821221517.695
2022-11-13,24445212219879.44
2022-11-14,68384616272642.52
2022-11-15,50301461166525.55
2022-11-16,59873861878105.24
2022-11-17,65314202039335.234
2022-11-18,106919863542494.3
2022-11-19,21077958676814.797
2022-11-20,21688717482368.965
2022-11-21,41067920352614.54
2022-11-22,42758487248475.53
2022-11-23,55919546284865.164
2022-11-24,28257319872117.695
2022-11-25,35811116299579.695
2022-11-26,19886680541479.188
2022-11-27,15264965271825.305
2022-11-28,26228487494958.81
2022-11-29,38393661530796.555
2022-11-30,36497405185761.98
2022-12-01,44556403458541.414
2022-12-02,37652406656638.42
2022-12-03,14483911939528.504
2022-12-04,13856311754589.916
2022-12-05,31800985139492.555
2022-12-06,41657722789014.33
2022-12-07,24304712137709.414
2022-12-08,33318623905971.527
2022-12-09,30306657940144.74
2022-12-10,16577795367918.76
2022-12-11,12849661480688.242
2022-12-12,30394103758673.9
2022-12-13,54150344480464.25
2022-12-14,39674358740531.78
2022-12-15,42100869650355.03
2022-12-16,37410183122796.34
2022-12-17,23243207544612.473
2022-12-18,13613806533987.887
2022-12-19,31714607214701.438
2022-12-20,34814173950845.26
2022-12-21,41169716547348.88
2022-12-22,31293476971810.797
2022-12-23,33574356454094.21
2022-12-24,17302349910460.113
2022-12-25,9561268215313.428
2022-12-26,14100720933423.787
2022-12-27,20742954635496.043
2022-12-28,31883518924235.01
2022-12-29,36262886301852.805
2022-12-30,51631364383952.98
2022-12-31,24186643121061.094
2023-01-01,15966526051435.174
2023-01-02,19713380630658.23
2023-01-03,32280267710803.332
2023-01-04,41773926712234.79
2023-01-05,35580054799228.305
2023-01-06,25636057372986.715
2023-01-07,17103735825362.184
2023-01-08,12795400007133.309
2023-01-09,30346647967411.703
2023-01-10,31686498075733.63
2023-01-11,29046620386376.066
2023-01-12,42408233836942.234
2023-01-13,49042558185970.445
2023-01-14,51386652117426.1
2023-01-15,23104530879046.41
2023-01-16,43284105637868.51
2023-01-17,56717895457435.41
2023-01-18,50063658905383.5
2023-01-19,55197859763871.04
2023-01-20,58716960170849.914
2023-01-21,55788457468625.375
2023-01-22,29955029483745.492
2023-01-23,53567272450133.33
2023-01-24,45924911822531.04
2023-01-25,69108034594016.84
2023-01-26,55005987034631.33
2023-01-27,58180671873562.305
2023-01-28,25841460864722.82
2023-01-29,23927168084811.906
2023-01-30,58689275957481.41
2023-01-31,68785397007515.3
2023-02-01,68113943373211.57
2023-02-02,55172248512463.375
2023-02-03,66989289523026.3
2023-02-04,36739452107019.98
2023-02-05,20499904387829.633
2023-02-06,43195145142062.62
2023-02-07,47551547923028.64
2023-02-08,46411280121467.445
2023-02-09,57256064712841.12
2023-02-10,61093488625855.45
2023-02-11,35349708050933.984
2023-02-12,19587029796812.723
2023-02-13,48979770411420.74
2023-02-14,56802006524737.29
2023-02-15,70455289672086.34
2023-02-16,81877719018548.0
2023-02-17,66339474392966.914
2023-02-18,33938345269651.7
2023-02-19,26651381842918.355
2023-02-20,43026259628417.81
2023-02-21,54817156774136.34
2023-02-22,61380047260134.24
2023-02-23,55547849451994.49
2023-02-24,75721021899944.83
2023-02-25,29207825512387.875
2023-02-26,19532956885788.984
2023-02-27,65222072094600.52
2023-02-28,76464505743547.62
2023-03-01,78065472642882.6
2023-03-02,48982347047275.57
2023-03-03,58496083534263.28
2023-03-04,31007384621047.543
2023-03-05,32455247296764.777
2023-03-06,48769245019720.35
2023-03-07,74976659344024.25
2023-03-08,73593811425821.97
2023-03-09,65095174187745.26
2023-03-10,63501416105697.31
2023-03-11,54804916225824.6
2023-03-12,35836921345550.68
2023-03-13,114283787929899.25
2023-03-14,128057963174191.23
2023-03-15,93413450108729.9
2023-03-16,95767317339759.02
2023-03-17,141559003729847.16
2023-03-18,60081451011833.66
2023-03-19,66609307828254.164
2023-03-20,122499019719019.4
2023-03-21,80712413338124.0
2023-03-22,111577696085898.97
2023-03-23,113957878969855.52
2023-03-24,89110400860519.67
2023-03-25,42630051457041.766
2023-03-26,27547460865644.47
2023-03-27,69646437106829.63
2023-03-28,79861361734363.27
2023-03-29,92403096529847.27
2023-03-30,152553965086703.16
2023-03-31,105044771870501.55
2023-04-01,38176132351029.94
2023-04-02,26974907701123.93
2023-04-03,67455605243621.766
2023-04-04,84768058455730.33
2023-04-05,110172383507671.88
2023-04-06,77144414120146.02
2023-04-07,46323668919401.11
2023-04-08,25288781600212.508
2023-04-09,22277059299643.44
2023-04-10,92276169716241.19
2023-04-11,167454383583550.94
2023-04-12,174621793873097.78
2023-04-13,95536152221539.8
2023-04-14,113578305179240.83
2023-04-15,44344009866010.34
2023-04-16,32232069517278.066
2023-04-17,108874692405381.97
2023-04-18,73649992472243.08
2023-04-19,80895823143361.16
2023-04-20,114422928889545.55
2023-04-21,97508919098196.8
2023-04-22,38635660353080.234
2023-04-23,31333815829894.844
2023-04-24,58286488848296.24
2023-04-25,73273615100728.08
2023-04-26,84231511892303.23
2023-04-27,81320988030919.1
2023-04-28,65781139144992.44
2023-04-29,40733943614221.875
2023-04-30,27244658734638.277
2023-05-01,72431642693893.31
2023-05-02,79381866939512.66
2023-05-03,70281952851286.734
2023-05-04,79665693758633.58
2023-05-05,74142684598195.4
2023-05-06,40470864127278.66
2023-05-07,178556997357969.25
2023-05-08,73340215151940.34
2023-05-09,63091821457872.195
2023-05-10,86664280377990.33
2023-05-11,74802875251209.2
2023-05-12,84961904434168.6
2023-05-13,26550774798779.71
2023-05-14,32728532474141.03
2023-05-15,75133499427218.16
2023-05-16,81348581068150.94
2023-05-17,67564677931836.305
2023-05-18,67420571720715.22
2023-05-19,68693654975956.37
2023-05-20,24965405233037.33
2023-05-21,21175773409608.12
2023-05-22,68043531525213.58
2023-05-23,86604850181227.03
2023-05-24,71401285881472.86
2023-05-25,89309351163385.31
2023-05-26,70441267182965.84
2023-05-27,38380283962635.766
2023-05-28,33315331767439.496
2023-05-29,71157101457358.94
2023-05-30,75283321207833.81
2023-05-31,93398855188054.55
2023-06-01,98897567659697.84
2023-06-02,84618194606559.52
2023-06-03,56047169926125.04
2023-06-04,42747053770969.57
2023-06-05,78302690313009.78
2023-06-06,83946611851859.58
2023-06-07,75869104904465.58
2023-06-08,78336782819593.25
2023-06-09,61237246407562.914
2023-06-10,59432588208183.58
2023-06-11,47619098666712.19
2023-06-12,80109163924561.9
2023-06-13,79495105343016.33
2023-06-14,82608809646708.5
2023-06-15,104849842078138.19
2023-06-16,99430086743780.3
2023-06-17,57669355629974.58
2023-06-18,51368253599211.48
2023-06-19,140382658263630.9
2023-06-20,110416896704094.81
2023-06-21,176911398180373.62
2023-06-22,133913434251906.81
2023-06-23,131856769436925.34
2023-06-24,84614105516232.34
2023-06-25,67737068457538.91
2023-06-26,106418685405602.86
2023-06-27,108905688246693.48
2023-06-28,116748327702904.08
2023-06-29,157904606710926.88
2023-06-30,160114897062324.53
2023-07-01,96106047914827.38
2023-07-02,59594707024282.64
2023-07-03,110855503163058.16
2023-07-04,94984163304905.1
2023-07-05,93071771861570.55
2023-07-06,149745866490835.9
2023-07-07,93693268624995.7
2023-07-08,52422569929997.945
2023-07-09,51791821274411.27
2023-07-10,108561910289992.72
2023-07-11,97822241121262.25
2023-07-12,118145170618456.19
2023-07-13,173782415646210.97
2023-07-15,52986958534401.21
2023-07-16,44017138685679.33
2023-07-17,98808816024205.52
2023-07-18,112917875729091.42
2023-07-19,116330409940143.34
2023-07-20,96268044202063.95
2023-07-21,100016917845386.81
2023-07-22,36712878923903.78
2023-07-23,40054419906126.66
2023-07-24,92158811683298.5
2023-07-25,76625776697743.5
2023-07-26,77784396201643.53
2023-07-27,97260539309260.61
2023-07-28,87096839555705.3
2023-07-29,47029749865565.336
2023-07-30,40547758786100.414
2023-07-31,79145630450670.31
2023-08-01,98259030193678.94
2023-08-02,100638406373968.89
2023-08-03,70073469123601.95
2023-08-04,60930874189080.016
2023-08-05,42347339030824.35
2023-08-06,35579059797637.984
2023-08-07,87397936210175.92
2023-08-08,89990269876566.95
2023-08-09,82055260510050.36
2023-08-10,93523298195723.03
2023-08-11,82581002471190.67
2023-08-12,39981878839738.5
2023-08-13,38272603145129.766
2023-08-14,97100601416411.03
2023-08-15,84341607024529.97
2023-08-16,76754896951908.84
2023-08-17,119672990950040.78
2023-08-18,102620812303250.75
2023-08-19,31047430264138.3
2023-08-20,29247096887761.992
2023-08-21,63711926614516.28
2023-08-22,73028039898447.2
2023-08-23,108522969911677.1
2023-08-24,60515349346823.516
2023-08-25,74462936218387.42
2023-08-26,27914984811826.32
2023-08-27,26146765085285.93
2023-08-28,58648821752545.34
2023-08-29,105945754450926.19
2023-08-30,97381258548362.48
2023-08-31,84302983402393.78
2023-09-01,90934798963427.9
2023-09-02,30386345470619.754
2023-09-03,27309406023273.066
2023-09-04,40086376246070.08
2023-09-05,58900870411839.66
2023-09-06,57275252931399.83
2023-09-07,57645477918700.31
2023-09-08,49757114242134.33
2023-09-09,31974791886802.6
2023-09-10,25891327253907.605
2023-09-11,58510889903579.625
2023-09-12,69338293612249.51
2023-09-13,49900905172806.336
2023-09-14,56204770506315.02
2023-09-15,69692948395730.195
2023-09-16,37237488740104.0
2023-09-17,23544701933668.83
2023-09-18,62509770664201.29
2023-09-19,69545479654749.69
2023-09-20,59200688924714.72
2023-09-21,67337500624653.55
2023-09-22,54970830404372.586
2023-09-23,40889978048942.99
2023-09-24,35883538781130.39
2023-09-25,72923815433785.95
2023-09-26,65195383646537.63
2023-09-27,68433926138639.49
2023-09-28,90234231613831.81
2023-09-29,85611538564576.58
2023-09-30,59926165346484.65
2023-10-01,37654142274323.67
2023-10-02,109504312909827.83
2023-10-03,71987849480106.3
2023-10-04,99568500763680.69
2023-10-05,71922672456088.9
2023-10-06,67161770134610.98
2023-10-07,49100200551846.55
2023-10-08,34052868693000.395
2023-10-09,59527381246558.54
2023-10-10,104686038087635.11
2023-10-11,103839473055388.16
2023-10-12,73016834312072.47
2023-10-13,65050456137222.53
2023-10-14,41915380095923.5
2023-10-15,35392379029274.29
2023-10-16,104865853420177.05
2023-10-17,121463088554114.11
2023-10-18,126780366696520.88
2023-10-19,87757780827134.52
2023-10-20,149622395506074.5
2023-10-21,51575638155486.72
2023-10-22,47710926520745.13
2023-10-23,171264827991637.62
2023-10-24,283553574047716.44
2023-10-25,186662276514351.7
2023-10-26,178519692628429.22
2023-10-27,172956392175016.66
2023-10-28,97869442064337.48
2023-10-29,59625556512489.38
2023-10-30,154502843383841.94
2023-10-31,131773712945389.66
2023-11-01,167897600336134.12
2023-11-02,154827721694438.8
2023-11-03,168289162451635.62
2023-11-04,59716659453291.36
2023-11-05,62841795536550.13
2023-11-06,124331002431341.39
2023-11-07,141545571075428.97
2023-11-08,181133628429762.75
2023-11-09,230715229165448.88
2023-11-10,207538760331355.84
2023-11-11,92000319161661.3
2023-11-12,62032336927621.4
2023-11-13,140480967406573.1
2023-11-15,155409419218318.0
2023-11-16,163568885950084.72
2023-11-17,152663087408887.12
2023-11-18,59139862835593.664
2023-11-19,56946448813827.16
2023-11-20,157026713654231.3
2023-11-21,179716366348559.8
2023-11-22,188369932329337.03
2023-11-23,141249401137020.9
2023-11-24,179130846363886.0
2023-11-25,103188430757463.53
2023-11-26,77397051152022.14
2023-11-27,205810633527075.7
2023-11-28,167482355006395.88
2023-11-29,177920661907093.12
2023-11-30,217205599587976.72
2023-12-01,212994319679562.72
2023-12-02,80357374683738.39
2023-12-03,101697765719963.69
2023-12-04,278406567611872.2
2023-12-05,327293290248165.5
2023-12-06,336321643191153.8
2023-12-07,275347739889136.97
2023-12-08,253739974338035.25
2023-12-09,137125588811322.06
2023-12-10,105823143621404.33
2023-12-11,334279246910529.7
2023-12-12,290571889347340.0
2023-12-13,162790863894489.38
2023-12-14,186278200782069.47
2023-12-15,222304040668238.84
2023-12-16,150071642111992.8
2023-12-17,94658526526382.55
2023-12-18,182978677926841.9
2023-12-19,222577141591206.06
2023-12-20,313865173961229.6
2023-12-21,189015718207938.0
2023-12-22,254817905579191.66
2023-12-23,105136512902008.78
2023-12-24,104592745515753.02
2023-12-25,118702666079699.69
2023-12-26,241598196152851.6
2023-12-27,299879411175375.06
2023-12-28,212490323365222.0
2023-12-29,317110832944462.0
2023-12-30,174555284477724.7
2023-12-31,244112137508944.34
2024-01-01,138155673746477.72
2024-01-02,296174478758678.56
2024-01-03,248917599813010.3
2024-01-04,298593987433001.9
2024-01-05,243007496079338.62
2024-01-06,154580606262987.8
2024-01-07,112957133197587.94
2024-01-08,252150736187915.4
2024-01-09,337423554418745.6
2024-01-10,399611407723572.56
2024-01-11,479520205768129.5
2024-01-12,600195898321014.5
2024-01-13,120761679947369.94
2024-01-14,113108680676163.61
2024-01-15,212411932321531.94
2024-01-16,493262826743720.0
2024-01-17,436934029538996.94
2024-01-18,381875063137015.94
2024-01-19,373313540868499.9
2024-01-20,120592063230128.52
2024-01-21,92435976597656.02
2024-01-22,370901777988879.75
2024-01-23,345059577615091.06
2024-01-24,394687972284854.2
2024-01-25,334894597108386.9
2024-01-26,407979241812421.0
2024-01-27,87858287497779.4
2024-01-28,101486767441977.81
2024-01-29,410845894023656.75
2024-01-30,447324133426675.94
2024-01-31,566982882037092.9
2024-02-01,311836655786871.06
2024-02-02,246059714083900.28
2024-02-03,84907938317337.98
2024-02-04,80509366519021.1
2024-02-05,272538696064468.75
2024-02-06,293768545411368.9
2024-02-07,258952646716388.25
2024-02-08,315297133313622.75
2024-02-09,371127739922460.25
2024-02-10,139504418666463.2
2024-02-11,165900260073569.25
2024-02-12,475333228905198.6
2024-02-13,425109304287357.4
2024-02-14,767487561950492.6
2024-02-15,495263592659926.1
2024-02-16,484317306118037.44
2024-02-17,145292672702295.8
2024-02-18,112197504894155.69
2024-02-19,249752222019896.28
2024-02-20,422676272000396.9
2024-02-21,416752502570430.75
2024-02-22,455191065926197.0
2024-02-23,400504338949719.2
2024-02-24,176177663723509.75
2024-02-25,120889171124532.88
2024-02-26,434753614232873.4
2024-02-27,702702337477044.1
2024-02-28,1105753937392284.6
2024-02-29,976760123854290.4
2024-03-01,946288074285183.6
2024-03-02,216815665524826.53
2024-03-03,200612174851703.94
2024-03-04,1005911203949250.8
2024-03-05,1222204047361382.8
2024-03-06,1295611751178446.0
2024-03-07,1019604946963779.5
2024-03-08,1027891624390964.9
2024-03-09,322272105991270.75
2024-03-10,397358241395273.9
2024-03-11,1319000515387935.2
2024-03-12,1161522267247036.2
2024-03-13,1443328871942232.8
2024-03-14,1171074131761967.8
2024-03-15,993592292191349.6
2024-03-16,296784070609192.8
2024-03-17,450398999754138.9
2024-03-18,806097226640904.0
2024-03-19,846876918286888.4
2024-03-20,728325873987548.1
2024-03-21,733679504916524.2
2024-03-22,791347491577811.5
2024-03-23,370289234852524.75
2024-03-24,231707145118823.12
2024-03-25,756523867815606.4
2024-03-26,1080690791740131.9
2024-03-27,891491850845332.0
2024-03-28,923879153284914.4
2024-03-29,632717098435549.1
2024-03-30,341238588637551.5
2024-03-31,289047464924188.5
2024-04-01,912102052471230.6
2024-04-02,814615104985296.6
2024-04-03,761613627793463.0
2024-04-04,730372266639120.2
2024-04-05,537806856664312.9
2024-04-06,346257645244935.3
2024-04-07,347631793761228.06
2024-04-08,817928722091269.6
2024-04-09,756351064552703.9
2024-04-10,612646836541912.1
2024-04-11,599792571458602.5
2024-04-12,628764005031779.6
2024-04-13,396334631308357.8
2024-04-14,328956389151309.4
2024-04-15,733165209813454.0
2024-04-16,681647578286469.2
2024-04-17,524633259448970.44
2024-04-18,783538112083200.9
2024-04-19,605232779445615.8
2024-04-20,120210478871711.34
2024-04-21,158288100650158.44
2024-04-22,490289826479762.9
2024-04-23,482501239935080.6
2024-04-24,491874707517080.2
2024-04-25,437500902889045.94
2024-04-26,481618090286270.7
2024-04-27,206321502078949.22
2024-04-28,223773557646784.03
2024-04-29,370069667573286.6
2024-04-30,564511710108481.0
2024-05-01,508311869710135.75
2024-05-02,505585518039920.06
2024-05-03,342601470429506.2
2024-05-04,161982536728911.56
2024-05-05,103310808293093.62
2024-05-06,346847008227084.5
2024-05-07,296998897031430.9
2024-05-08,295307841813478.9
2024-05-09,293140976769955.56
2024-05-10,252942305635730.34
2024-05-11,120919452579616.56
2024-05-12,115594192816652.02
2024-05-13,362270005679222.0
2024-05-14,333521179741700.2
2024-05-15,530394138963797.25
2024-05-16,463216224168643.56
2024-05-17,525370814411636.8
2024-05-18,157261780790836.94
2024-05-19,198856732744652.75
2024-05-20,501761513319295.56
2024-05-21,774671238412132.9
2024-05-22,567789796736693.9
2024-05-23,617679970972654.0
2024-05-24,559366652709375.5
2024-05-25,139684816145080.7
2024-05-26,231356672579723.03
2024-05-27,260922178064364.28
2024-05-28,1716021003199897.2
2024-05-29,431731994093344.06
2024-05-30,580349877514422.1
2024-05-31,620756269107160.0
2024-06-01,137795248233306.64
2024-06-02,111058885866581.78
2024-06-03,703985091985112.8
2024-06-04,571556966153251.2
2024-06-05,708747738272573.6
2024-06-06,535381042762871.94
2024-06-07,627280432614909.4
2024-06-08,208635908639822.47
2024-06-09,94494578102750.03
2024-06-10,491565463260042.7
2024-06-11,558911090701802.94
2024-06-12,545468269362988.7
2024-06-13,363654223065779.4
2024-06-14,511722811484619.0
2024-06-15,144487594818018.56
2024-06-16,105106009452568.02
2024-06-17,432515639477348.44
2024-06-18,530406007374957.6
2024-06-19,272462098101839.7
2024-06-20,447152264990157.94
2024-06-21,374306848461091.3
2024-06-22,349617813586392.7
2024-06-23,93503726437584.69
2024-06-24,555274709640353.06
2024-06-25,491108657900193.7
2024-06-26,397700697710503.06
2024-06-27,650901908972631.4
2024-06-28,504448197752954.25
2024-06-29,157528968011982.66
2024-07-01,454935969919776.7
2024-07-02,325744353483949.9
2024-07-03,338973221687827.6
2024-07-04,505535009210099.94
2024-07-05,967375979698679.9
2024-07-06,183464401501690.5
2024-07-07,127255274353234.77
2024-07-08,606915356938710.4
2024-07-09,459271303548692.06
2024-07-10,476629733998126.7
2024-07-11,412387341652243.6
2024-07-12,426275495849590.56
2024-07-13,163549679007902.34
2024-07-14,101139094334500.06
2024-07-15,573706304410125.6
2024-07-16,810262809818364.8
2024-07-17,496246613149147.5
2024-07-18,430703643408659.06
2024-07-19,568925222040760.4
2024-07-20,241720760159941.3
2024-07-21,170444023865930.66
2024-07-22,656765005274801.0
2024-07-23,956942055842881.9
2024-07-24,584659843141934.0
2024-07-25,517509606698336.56
2024-07-26,497942843973526.5
2024-07-27,287052221069936.1
2024-07-28,188911532792014.4
2024-07-29,661694893783179.9
2024-07-30,1000918640800536.1
2024-07-31,620523927595921.1
2024-08-01,533008565325122.6
2024-08-02,602436706552439.9
2024-08-03,140056355877028.28
2024-08-04,201136998209167.8
2024-08-05,714724662321826.2
2024-08-06,381505893693578.06
2024-08-07,434378606017703.06
2024-08-08,403151960635073.06
2024-08-09,481016944889156.9
2024-08-10,233697237587048.1
2024-08-11,91908626337226.52
2024-08-12,365208170361089.25
2024-08-13,433358247964655.44
2024-08-14,410502525806748.5
2024-08-15,310338612934428.6
2024-08-16,247344944332675.84
2024-08-17,110689654620224.86
2024-08-18,107727813600493.16
2024-08-19,375523194505788.2
2024-08-20,311251502154843.94
2024-08-21,335176992401053.6
2024-08-22,348997253273980.0
2024-08-23,498625566404785.3
2024-08-24,519329454210509.25
2024-08-25,109497803990928.6
2024-08-26,383720935689280.5
2024-08-27,572036266753623.5
2024-08-28,391486126764248.44
2024-08-29,379845458436861.7
2024-08-30,434312944056222.7
2024-08-31,129322606779313.44
2024-09-01,151798612868593.47
2024-09-02,183289277715711.22
2024-09-03,345314923372275.1
2024-09-04,336223049334978.0
2024-09-05,345873354761596.75
2024-09-06,381109270678022.75
2024-09-07,82256418316874.53
2024-09-08,97833214251065.39
2024-09-09,362833700490363.9
2024-09-10,326339048088505.0
2024-09-11,286516916479160.8
2024-09-12,294651789380113.44
2024-09-13,447698199006757.75
2024-09-14,135122444403791.44
2024-09-15,92170922344242.0
2024-09-16,328026542609882.2
2024-09-17,360637119147263.75
2024-09-18,433607816127625.2
2024-09-19,519027312495615.44
2024-09-20,719359058469934.2
2024-09-21,122780166033701.53
2024-09-22,99842430003465.1
2024-09-23,443354418260605.56
2024-09-24,550904093849610.6
2024-09-25,515418858734659.5
2024-09-26,463351053286665.44
2024-09-27,562802104917686.75
2024-09-28,155896585281044.66
2024-09-29,108663082338704.11
2024-09-30,686132661694484.8
2024-10-01,496108771512412.3
2024-10-02,474700486733296.0
2024-10-03,454524984259108.25
2024-10-04,338971547903938.0
2024-10-05,169528635574465.5
2024-10-06,188786895643224.28
2024-10-07,486277595386095.1
2024-10-08,675824393052957.4
2024-10-09,407150150626804.75
2024-10-10,422607495849583.6
2024-10-11,428380879211277.06
2024-10-12,116521782769948.48
2024-10-13,100394882422807.38
2024-10-14,441099904318886.1
2024-10-15,774297154872489.8
2024-10-16,753157267165629.5
2024-10-17,588464914180396.5
2024-10-18,744013108570045.2
2024-10-19,206069492209338.97
2024-10-20,302229944727700.1
2024-10-21,584635817421625.9
2024-10-22,637237857292968.8
2024-10-23,448567700956355.8
2024-10-24,604003959437130.8
2024-10-25,544485756071545.94
2024-10-26,173502791366592.9
2024-10-27,110276830027189.45
2024-10-28,766621373347549.0
2024-10-29,1027235212805324.4
2024-10-30,997930849903625.8
2024-10-31,939203712802376.4
2024-11-01,864726910449680.1
2024-11-02,161148569363707.0
2024-11-03,177764083254504.66
2024-11-04,678404843838060.1
2024-11-05,779090339146717.6
2024-11-06,1257458767255746.5
2024-11-07,1113043800531802.6
2024-11-08,1246199709629189.8
2024-11-09,336259081681094.8
2024-11-10,708596136774463.6
2024-11-11,1389023347825672.8
2024-11-12,2310648235647447.5
2024-11-13,1925549567592124.8
2024-11-14,2110378331454962.5
2024-11-15,1740630382692179.5
2024-11-16,476002789224407.25
2024-11-17,297905364046855.44
2024-11-19,1653649610779885.5
2024-11-20,1880045740877851.2
2024-11-21,2368265998740013.0
2024-11-22,1873572363995153.2
2024-11-23,1102274510008209.0
2024-11-24,827693828984604.4
2024-11-25,1771921940640112.2
2024-11-26,1962177532733300.5
2024-11-27,1204823052314907.5
2024-11-28,928639033135346.0
2024-11-29,1174324304244421.2
2024-11-30,415578317642603.2
2024-12-01,405591461028677.2
2024-12-02,1623670497925665.2
2024-12-03,1287004001121601.8
2024-12-04,1376405290324732.8
2024-12-05,2151093997689105.8
2024-12-06,1787385131000230.5
2024-12-07,541397069850317.56
2024-12-08,381841991451715.6
2024-12-09,1645988128048222.2
2024-12-10,1254831990430638.5
2024-12-11,2128412574922759.8
2024-12-12,1724657790961769.0
2024-12-13,1791014872240262.8
2024-12-14,542708918906547.8
2024-12-15,711538543860719.2
2024-12-16,2066510018920592.2
2024-12-17,1702313554947238.2
2024-12-18,1600760148173862.8
2024-12-19,1864588398612369.5
2024-12-20,1577174420697700.2
2024-12-21,669135404989608.2
2024-12-22,317652699207623.2
2024-12-23,1181071955301546.0
2024-12-24,1141096509210900.8
2024-12-25,542785584921303.9
2024-12-26,813601536340278.6
2024-12-27,902160757789916.1
2024-12-28,254807713961182.6
2024-12-29,488992467854277.94
2024-12-30,1247958492787179.0
2024-12-31,1238095370089519.5
2025-01-01,618763238980813.0
2025-01-02,591988857198068.1
2025-01-03,811320699060452.1
2025-01-04,270998769503084.97
2025-01-05,234632430936680.22
2025-01-06,1094292505247576.9
2025-01-07,1218421050860337.5
2025-01-08,1162583023475325.5
2025-01-09,672137940694087.1
2025-01-10,779016408681377.8
2025-01-11,257010860009940.7
2025-01-12,238570106994695.72
2025-01-13,702082298729382.4
2025-01-14,818284653955816.5
2025-01-15,978516375767348.4
2025-01-16,1518228154011383.0
2025-01-17,1433915907340450.0
2025-01-18,562709666949378.1
2025-01-19,592474244297461.0
2025-01-20,1149366729632602.2
2025-01-21,1487830109542424.0
2025-01-22,1407374045123011.5
2025-01-23,1521391060749163.8
2025-01-24,1268125814024327.5
2025-01-25,386900279114570.3
2025-01-26,285814959385092.6
2025-01-27,1220538643610096.0
2025-01-28,814188794317718.2
2025-01-29,631795834677778.8
2025-01-30,775088258408391.9
2025-01-31,1147107626605823.2
2025-02-01,303301180072176.25
2025-02-02,465714073218438.25
2025-02-03,1826331538021168.5
2025-02-04,976058578928575.9
2025-02-05,1394522025742232.0
2025-02-06,968046785540744.0
2025-02-07,840142751989604.9
2025-02-08,334216149936731.8
2025-02-09,279128931768991.06
2025-02-10,724216141295961.6
2025-02-11,907406634457739.0
2025-02-12,591910395553708.9
2025-02-13,643010841476138.1
2025-02-14,822682371712947.2
2025-02-15,276561105671935.4
2025-02-16,228179835298907.6
2025-02-17,527599400772699.8
2025-02-18,749421652981904.2
2025-02-19,770947123910500.9
2025-02-20,756542008722096.0
2025-02-21,1125923728759749.0
2025-02-22,876918995559664.6
2025-02-23,400572445800591.75
2025-02-24,689206937011111.0
2025-02-25,1764091603896871.0
2025-02-26,1406591768591899.2
2025-02-27,1104152711591802.1
2025-02-28,1188215239763731.2
2025-03-01,382028473449526.2
2025-03-02,568033051233631.4
2025-03-03,1123935034879782.0
2025-03-04,821091137183346.5
2025-03-05,681299881806277.2
2025-03-06,759247153893997.5
2025-03-07,877216074995791.4
2025-03-08,216268995307805.88
2025-03-09,265266093816985.62
2025-03-10,916146833925814.9
2025-03-11,874923233113686.0
2025-03-12,941422411851851.0
2025-03-13,944637842688442.8
2025-03-14,645632020794698.4
2025-03-15,170814804883517.6
2025-03-16,203230467786349.5
2025-03-17,585024819354475.0
2025-03-18,469296415749466.0
2025-03-19,636039603229744.1
2025-03-20,789047132497168.9
2025-03-21,601251313850351.5
2025-03-22,191647427454726.56
2025-03-23,153992117939847.06
2025-03-24,672350401374773.8
2025-03-25,884918135851087.2
2025-03-26,839814280202796.1
2025-03-27,656107888838180.2
2025-03-28,1016327741435015.6
2025-03-29,420527932002993.3
2025-03-30,267980940991950.0
2025-03-31,810768873062192.1
2025-04-01,558535611673130.1
2025-04-02,787615745923593.4
2025-04-03,983580749336518.1
2025-04-04,736187925325657.8
2025-04-05,323005656716714.44
2025-04-06,339923188824869.56
2025-04-07,976578015649435.1
2025-04-08,601721674801358.1
2025-04-09,876894934591080.0
2025-04-10,658703459895867.8
2025-04-11,870883059111420.2
2025-04-12,272899006781254.94
2025-04-13,240420022079554.06
2025-04-14,619519959832725.9
2025-04-15,536425976644790.8
2025-04-16,760082485051093.6
2025-04-17,663661674152256.0
2025-04-18,326905168652929.0
2025-04-19,213551739216302.2
2025-04-20,190162784575684.94
2025-04-21,696742247936474.1
2025-04-22,1167260278899630.5
2025-04-23,1517928089380146.5
2025-04-24,1318520112982601.8
2025-04-25,1641750460141177.0
2025-04-26,431200797749517.0
2025-04-27,364555746578710.75
2025-04-28,1095543050151063.8
2025-04-29,1195723702546065.0
2025-04-30,792844347910063.0
2025-05-01,843590183619307.6
2025-05-02,1004494113724314.2
2025-05-03,554289727494469.06
2025-05-04,253595830719658.1
2025-05-05,1166933072786057.0
2025-05-06,938237020874781.6
2025-05-07,860724109667719.9
2025-05-08,1068851299363963.9
2025-05-09,1235748241051821.0
2025-05-10,381257127133155.56
2025-05-11,416680125718022.3
2025-05-12,1090863269588906.0
2025-05-13,1264620465905485.2
2025-05-14,951125552042377.1
2025-05-15,1380877471156747.0
2025-05-16,958349913430268.5
2025-05-17,310771889538976.2
2025-05-18,455293298134805.94
2025-05-19,1168672327803009.2
2025-05-20,1159859883817410.8
2025-05-21,1620514036224448.8
2025-05-22,1791597380689570.8
2025-05-23,1653212029684381.2
2025-05-24,587047424903739.9
2025-05-25,358595189781600.44
2025-05-26,1008622506275605.9
2025-05-27,1335335559503435.5
2025-05-28,1135706489241852.8
2025-05-29,1092485433398218.5
2025-05-30,1251959227026015.8
2025-05-31,336883831222033.75
2025-06-01,285885813528341.0
2025-06-02,1341106135505349.5
2025-06-03,1206072507782801.5
2025-06-04,1429276044678322.8
2025-06-05,1071680554563642.2
2025-06-06,1195850078257532.5
2025-06-07,388435270313551.25
2025-06-08,250142804401487.25
2025-06-09,1021981159229065.0
2025-06-10,1234442878148948.8
2025-06-11,948033260654157.4
2025-06-12,675442604243586.8
2025-06-13,1221694053395354.8
2025-06-14,409799050982780.0
2025-06-15,333108884972642.2
2025-06-16,1272761263834772.5
2025-06-17,986075262642530.8
2025-06-18,1075266421176047.5
2025-06-19,550165132371345.44
2025-06-20,895812773874073.9
2025-06-21,334603054177749.7
2025-06-22,526731616591200.5
2025-06-23,1017942944964659.6
2025-06-25,1274863989684264.8
2025-06-26,1261480738547325.8
2025-06-27,1380123895120072.2
2025-06-28,358078936003354.3
2025-06-29,378065435640119.6
2025-06-30,1514498472178625.5
2025-07-01,795471821974848.5
2025-07-02,1070080022475025.9
2025-07-03,1223867245984368.2
2025-07-04,1793161979511354.5
2025-07-05,305001070544302.2
2025-07-06,312008942455384.06
2025-07-07,1056874390648695.9
2025-07-08,892727230333179.5
2025-07-09,860884730978481.4
2025-07-10,860884730978481.4
2025-07-11,860884730978481.4
2025-07-12,860884730978481.4
2025-07-13,1344694914628580.8
2025-07-14,1344694914628580.8
2025-07-15,1344694914628580.8
2025-07-16,1344694914628580.8
2025-07-17,2111378396453859.2
2025-07-18,2111378396453859.2
2025-07-19,2111378396453859.2
2025-07-20,2111378396453859.2
2025-07-21,829714492461352.9
2025-07-22,829714492461352.9
2025-07-23,829714492461352.9
2025-07-24,829714492461352.9
2025-07-25,542481317789190.1
2025-07-26,542481317789190.1
2025-07-27,542481317789190.1
2025-07-28,542481317789190.1
2025-07-29,3401334020564937.5
2025-07-30,3401334020564937.5
2025-07-31,3401334020564937.5
2025-08-01,3401334020564937.5
2025-08-02,3021418035569436.5
2025-08-03,3021418035569436.5
2025-08-04,3021418035569436.5
2025-08-05,3021418035569436.5
2025-08-06,1818923348066355.0
2025-08-07,1818923348066355.0
2025-08-08,1818923348066355.0
2025-08-09,1818923348066355.0
2025-08-10,3547181366364854.0
2025-08-11,3547181366364854.0
2025-08-12,3547181366364854.0
2025-08-13,3547181366364854.0
2025-08-14,2013838827312908.0
2025-08-15,2013838827312908.0
2025-08-16,2013838827312908.0
2025-08-17,2013838827312908.0
2025-08-18,711743229621276.8
2025-08-19,711743229621276.8
2025-08-20,711743229621276.8
2025-08-21,711743229621276.8
2025-08-22,438404480278893.1
2025-08-23,438404480278893.1
2025-08-24,438404480278893.1
2025-08-25,438404480278893.1
2025-08-26,1710193815301752.8
2025-08-27,1710193815301752.8
2025-08-28,1710193815301752.8
2025-08-29,1710193815301752.8
2025-08-30,1700370109607672.0
2025-08-31,1700370109607672.0
2025-09-01,1700370109607672.0
2025-09-02,1700370109607672.0
2025-09-03,1292022492802263.5
2025-09-04,1292022492802263.5
2025-09-05,1292022492802263.5
2025-09-06,1292022492802263.5
2025-09-07,1332956871721296.8
2025-09-08,1332956871721296.8
2025-09-09,1332956871721296.8
2025-09-10,1332956871721296.8
2025-09-11,2684555940818706.0
2025-09-12,2684555940818706.0
2025-09-13,2684555940818706.0
2025-09-14,2684555940818706.0
2025-09-15,585600697077324.4
2025-09-16,585600697077324.4
2025-09-17,585600697077324.4
2025-09-18,585600697077324.4
2025-09-19,402935459015073.75
2025-09-20,402935459015073.75
2025-09-21,402935459015073.75
2025-09-22,402935459015073.75
2025-09-23,1525286835116196.8
2025-09-24,1525286835116196.8
2025-09-25,1525286835116196.8
2025-09-26,1525286835116196.8
2025-09-27,1567040102689221.2
2025-09-28,1567040102689221.2
2025-09-29,1567040102689221.2
2025-09-30,1567040102689221.2
2025-10-01,1237193555477516.0
2025-10-02,1237193555477516.0
2025-10-03,1237193555477516.0
2025-10-04,1237193555477516.0
2025-10-05,1129779954817109.0
2025-10-06,1129779954817109.0
2025-10-07,1129779954817109.0
2025-10-08,1129779954817109.0
2025-10-09,1756207879451229.8
2025-10-10,1756207879451229.8
2025-10-11,1756207879451229.8
2025-10-12,1756207879451229.8
2025-10-13,355278371752020.6
2025-10-14,355278371752020.6
2025-10-15,355278371752020.6
2025-10-16,355278371752020.6
2025-10-17,428586102230580.0
2025-10-18,428586102230580.0
2025-10-19,428586102230580.0
2025-10-20,428586102230580.0
2025-10-21,1363114166455188.5
2025-10-22,1363114166455188.5
2025-10-23,1363114166455188.5
2025-10-24,1363114166455188.5
2025-10-25,1063033730115280.1
2025-10-26,1063033730115280.1
2025-10-27,1063033730115280.1
2025-10-28,1063033730115280.1
2025-10-29,880643583808874.5
2025-10-30,880643583808874.5
2025-10-31,880643583808874.5
2025-11-01,880643583808874.5
2025-11-02,1054668181428970.1
2025-11-03,1054668181428970.1
2025-11-04,1054668181428970.1
2025-11-05,1054668181428970.1
2025-11-06,1241664945757635.2
2025-11-07,1241664945757635.2
2025-11-08,1241664945757635.2
2025-11-09,1241664945757635.2
2025-11-10,464443068315900.25
2025-11-11,464443068315900.25
2025-11-12,464443068315900.25
2025-11-13,464443068315900.25
2025-11-14,508083034548276.8
2025-11-15,508083034548276.8
2025-11-16,508083034548276.8
2025-11-17,508083034548276.8
2025-11-18,1391411454991957.8
2025-11-19,1391411454991957.8
2025-11-20,1391411454991957.8
2025-11-21,1391411454991957.8
2025-11-22,1381825280043452.0
2025-11-23,1381825280043452.0
2025-11-24,1381825280043452.0
2025-11-25,1381825280043452.0
2025-11-26,1589714571076815.5
2025-11-27,1589714571076815.5
2025-11-28,1589714571076815.5
2025-11-29,1589714571076815.5
2025-11-30,1705978216844559.0
2025-12-01,1705978216844559.0
2025-12-02,1705978216844559.0
2025-12-03,1705978216844559.0
2025-12-04,1645602558783018.2
2025-12-05,1645602558783018.2
2025-12-06,1645602558783018.2
2025-12-07,1645602558783018.2
2025-12-08,646786539498380.4
2025-12-09,646786539498380.4
2025-12-10,646786539498380.4
2025-12-11,646786539498380.4
2025-12-12,544181043188147.06
2025-12-13,544181043188147.06
2025-12-14,544181043188147.06
2025-12-15,544181043188147.06
2025-12-16,1261866602258031.2
2025-12-17,1261866602258031.2
2025-12-18,1261866602258031.2
2025-12-19,1261866602258031.2
2025-12-20,1629492501698362.2
2025-12-21,1629492501698362.2
2025-12-22,1629492501698362.2
2025-12-23,1629492501698362.2
2025-12-24,1345567755569738.0
2025-12-25,1345567755569738.0
2025-12-26,1345567755569738.0
2025-12-27,1345567755569738.0
2025-12-28,1574072418914647.8
2025-12-29,1574072418914647.8
2025-12-30,1574072418914647.8
2025-12-31,1574072418914647.8
2026-01-01,1791528410471184.5
2026-01-02,1791528410471184.5
2026-01-03,1791528410471184.5
2026-01-04,1791528410471184.5
2026-01-05,934665641905835.1
2026-01-06,934665641905835.1
2026-01-07,934665641905835.1
2026-01-08,934665641905835.1
2026-01-09,1251719678607763.8
2026-01-10,1251719678607763.8
2026-01-11,1251719678607763.8
2026-01-12,1251719678607763.8
2026-01-13,1275370861360623.2
2026-01-14,1275370861360623.2
2026-01-15,1275370861360623.2
2026-01-16,1275370861360623.2
2026-01-17,1399713898637841.5
2026-01-18,1399713898637841.5
2026-01-19,1399713898637841.5
2026-01-20,1399713898637841.5
2026-01-21,1148586168956919.8
2026-01-22,1148586168956919.8
2026-01-23,1148586168956919.8
2026-01-24,1148586168956919.8
2026-01-25,1177905077360485.5
2026-01-26,1177905077360485.5
2026-01-27,1177905077360485.5
2026-01-28,1177905077360485.5
2026-01-29,2494042160851688.5
2026-01-30,2494042160851688.5
2026-01-31,2494042160851688.5
2026-02-01,2494042160851688.5
2026-02-02,997875061725394.4
2026-02-03,997875061725394.4
2026-02-04,997875061725394.4
2026-02-05,997875061725394.4
2026-02-06,500703166389686.6
2026-02-07,500703166389686.6
2026-02-08,500703166389686.6
2026-02-09,500703166389686.6
2026-02-10,1078591262886201.2
2026-02-11,1078591262886201.2
2026-02-12,1078591262886201.2
2026-02-13,1078591262886201.2
2026-02-14,1275781576814306.0
2026-02-15,1275781576814306.0
2026-02-16,1275781576814306.0
2026-02-17,1275781576814306.0
2026-02-18,1227578931991649.0
2026-02-19,1227578931991649.0
2026-02-20,1227578931991649.0
2026-02-21,1227578931991649.0
2026-02-22,1194481710167156.0
2026-02-23,1194481710167156.0
2026-02-24,1194481710167156.0
2026-02-25,1194481710167156.0
2026-02-26,1431595760686308.8
2026-02-27,1431595760686308.8
2026-02-28,1431595760686308.8
2026-03-01,1431595760686308.8
2026-03-02,378879491809294.8
2026-03-03,378879491809294.8
2026-03-04,378879491809294.8
2026-03-05,378879491809294.8
2026-03-06,288609619325013.2
2026-03-07,288609619325013.2
2026-03-08,288609619325013.2
2026-03-09,288609619325013.2
2026-03-10,858624568553244.6
2026-03-11,858624568553244.6
2026-03-12,858624568553244.6
2026-03-13,858624568553244.6
2026-03-14,1188046782644002.5
2026-03-15,1188046782644002.5
2026-03-16,1188046782644002.5
2026-03-17,1188046782644002.5
2026-03-18,1257131616248002.2
2026-03-19,1257131616248002.2
2026-03-20,1257131616248002.2
2026-03-21,1257131616248002.2
2026-03-22,1492091497195421.8
2026-03-23,1492091497195421.8
2026-03-24,1492091497195421.8
2026-03-25,1492091497195421.8
2026-03-26,1606647627101930.8
2026-03-27,1606647627101930.8
2026-03-28,1606647627101930.8
2026-03-29,1606647627101930.8
2026-03-30,671242582132651.4
2026-03-31,671242582132651.4
2026-04-01,671242582132651.4
2026-04-02,671242582132651.4
2026-04-03,449892101046229.5
2026-04-04,449892101046229.5
2026-04-05,449892101046229.5
2026-04-06,449892101046229.5
2026-04-07,1464695468652979.0
2026-04-08,1464695468652979.0
2026-04-09,1464695468652979.0
2026-04-10,1464695468652979.0
2026-04-11,1286976698706213.0
2026-04-12,1286976698706213.0
2026-04-13,1286976698706213.0
2026-04-14,1286976698706213.0
2026-04-15,1509693851934446.0
2026-04-16,1509693851934446.0
2026-04-17,1509693851934446.0
2026-04-18,1509693851934446.0
2026-04-19,1582638036431852.5
2026-04-20,1582638036431852.5
2026-04-21,1582638036431852.5
2026-04-22,1582638036431852.5
2026-04-23,1378873536913233.8
2026-04-24,1378873536913233.8
2026-04-25,1378873536913233.8
2026-04-26,1378873536913233.8
2026-04-27,752987735145741.0
2026-04-28,752987735145741.0
2026-04-29,752987735145741.0
2026-04-30,752987735145741.0
2026-05-01,406031532585645.1
2026-05-02,406031532585645.1
2026-05-03,406031532585645.1
2026-05-04,406031532585645.1
2026-05-05,1739766687121877.2
2026-05-06,1739766687121877.2
2026-05-07,1739766687121877.2
2026-05-08,1739766687121877.2
2026-05-09,1498765632997787.8
2026-05-10,1498765632997787.8
2026-05-11,1498765632997787.8
2026-05-12,1498765632997787.8
2026-05-13,1250028470772543.8
2026-05-14,1250028470772543.8
2026-05-15,1250028470772543.8
2026-05-16,1250028470772543.8
2026-05-17,1554165701815953.2
2026-05-18,1554165701815953.2
2026-05-19,1554165701815953.2
2026-05-20,1554165701815953.2
2026-05-21,1861055030690642.0
2026-05-22,1861055030690642.0
2026-05-23,1861055030690642.0
2026-05-24,1861055030690642.0
2026-05-25,637716433044443.0
2026-05-26,637716433044443.0
2026-05-27,637716433044443.0
2026-05-28,637716433044443.0
2026-05-29,508328503003464.1
2026-05-30,508328503003464.1
2026-05-31,508328503003464.1
2026-06-01,508328503003464.1
2026-06-02,1421059388276564.8
2026-06-03,1421059388276564.8
2026-06-04,1421059388276564.8
2026-06-05,1421059388276564.8
2026-06-06,2138832355722014.5
2026-06-07,2138832355722014.5
2026-06-08,2138832355722014.5
2026-06-09,2138832355722014.5
2026-06-10,2125588757537230.0
2026-06-11,2125588757537230.0
2026-06-12,2125588757537230.0
2026-06-13,2125588757537230.0
2026-06-14,2232824237837488.5
2026-06-15,2232824237837488.5
2026-06-16,2232824237837488.5
2026-06-17,2232824237837488.5
2026-06-18,2827365030444310.5
2026-06-19,2827365030444310.5
2026-06-20,2827365030444310.5
2026-06-21,2827365030444310.5
2026-06-22,1037687419894646.5
2026-06-23,1037687419894646.5
2026-06-24,1037687419894646.5
2026-06-25,1037687419894646.5
2026-06-26,957511576083332.5
2026-06-27,957511576083332.5
2026-06-28,957511576083332.5
2026-06-29,957511576083332.5
2026-06-30,2105125195019244.0
2026-07-01,2105125195019244.0
2026-07-02,2105125195019244.0
2026-07-03,2105125195019244.0
2026-07-04,2359918434261512.0
2026-07-05,2359918434261512.0
2026-07-06,2359918434261512.0
2026-07-07,2359918434261512.0
2026-07-08,2344856066652380.5
2026-07-09,2344856066652380.5
2026-07-10,2344856066652380.5
2026-07-11,2344856066652380.5
2026-07-12,1847906787491541.2
2026-07-13,1847906787491541.2
2026-07-14,1847906787491541.2
2026-07-15,1847906787491541.2
2026-07-16,1740846098367897.0
2026-07-17,1740846098367897.0
2026-07-18,1740846098367897.0
2026-07-19,1740846098367897.0
2026-07-20,1549072059313179.2
2026-07-21,1549072059313179.2
2026-07-22,1549072059313179.2
2026-07-23,1549072059313179.2
2026-07-24,640258950078056.5
2026-07-25,640258950078056.5
2026-07-26,640258950078056.5
2026-07-27,640258950078056.5
2026-07-28,1045734520330455.6
2026-07-29,1045734520330455.6
2026-07-30,1045734520330455.6
2026-07-31,1045734520330455.6
2026-08-01,2214488897446554.2
2026-08-02,2214488897446554.2
2026-08-03,2214488897446554.2
2026-08-04,2214488897446554.2
2026-08-05,2421080203966914.0
2026-08-06,2421080203966914.0
2026-08-07,2421080203966914.0
2026-08-08,2421080203966914.0
2026-08-09,1426143086211118.0
2026-08-10,1426143086211118.0
2026-08-11,1426143086211118.0
2026-08-12,1426143086211118.0
2026-08-13,1713880523841973.2
2026-08-14,1713880523841973.2
2026-08-15,1713880523841973.2
2026-08-16,1713880523841973.2
2026-08-17,567982578857114.9
2026-08-18,567982578857114.9
2026-08-19,567982578857114.9
2026-08-20,567982578857114.9
2026-08-21,545796739084519.0
2026-08-22,545796739084519.0
2026-08-23,545796739084519.0
2026-08-24,545796739084519.0
2026-08-25,1321651519488163.2
2026-08-26,1321651519488163.2
2026-08-27,1321651519488163.2
2026-08-28,1321651519488163.2
2026-08-29,1621907233731720.2
2026-08-30,1621907233731720.2
2026-08-31,1621907233731720.2
2026-09-01,1621907233731720.2
2026-09-02,1643465290747718.5
2026-09-03,1643465290747718.5
2026-09-04,1643465290747718.5
2026-09-05,1643465290747718.5
2026-09-06,1341333136591755.0
2026-09-07,1341333136591755.0
2026-09-08,1341333136591755.0
